idx	X	Y	component
0	1000	2536.248679293743	0
1	1021.223840773657	2522.172055220251	0
2	1021.223840774246	2522.172055219442	0
3	1021.498396160026	2521.71189532164	0
4	1021.501485822449	2521.709622904484	0
5	1022.134375221013	2520.819280288063	0
6	1022.106154351804	2520.836865810915	0
7	1024.544118961759	2518.85816166733	0
8	1022.131392194846	2520.821373432217	0
9	1024.562446422965	2518.854989784069	0
10	1024.560607531399	2518.855185790538	0
11	1025.469285325275	2518.362119106852	0
12	1025.468110709369	2518.361221089912	0
13	1027.180821330689	2517.256958801815	0
14	1025.469299529945	2518.362209093893	0
15	1027.212905310285	2517.255340540425	0
16	1027.21264404153	2517.255308092521	0
17	1057.199697401668	2509.133030259085	0
18	1057.140381382032	2509.152203224607	0
19	1057.198254222757	2509.132937608749	0
20	1057.200254854816	2509.132506492052	0
21	1059.176688610514	2508.371014661971	0
22	1059.169774715027	2508.37210248536	0
23	1060.185760435141	2508.098703225875	0
24	1059.122521407221	2508.380865272658	0
25	1065.217389957541	2506.694857123276	0
26	1059.176708019564	2508.371009546049	0
27	1060.182692346084	2508.099324558529	0
28	1060.182870184244	2508.099275171947	0
29	1065.244946495168	2506.688395992873	0
30	1065.242363596624	2506.68903693969	0
31	1066.213481734796	2506.361578046595	0
32	1066.218544158092	2506.360529052567	0
33	1072.304462449758	2504.857050804196	0
34	1066.213481735776	2506.361578046395	0
35	1072.319106978417	2504.852100489118	0
36	1072.32353838632	2504.851214045325	0
37	1073.32515877182	2504.501354371686	0
38	1073.321517865006	2504.50148223017	0
39	1074.307046655397	2504.127866771176	0
40	1073.322241741793	2504.501686062077	0
41	1074.308376832953	2504.128180538424	0
42	1074.285231301241	2504.128413661919	0
43	1079.420909324311	2502.959378142166	0
44	1074.305401387581	2504.128106397835	0
45	1079.425786353308	2502.958082622352	0
46	1079.424893831728	2502.958018887321	0
47	1080.452971255791	2502.638516227466	0
48	1080.430749653461	2502.642097255773	0
49	1081.462462633522	2502.329334594921	0
50	1080.454529438932	2502.63826329897	0
51	1081.463238535215	2502.330495950656	0
52	1081.460091081962	2502.331126324287	0
53	1107.701661467281	2496.994315958493	0
54	1107.680278267217	2496.997392231	0
55	1107.71642964468	2496.993214405963	0
56	1107.701954237237	2496.994253419895	0
57	1113.129873175268	2495.944719971302	0
58	1113.093360597448	2495.951430407255	0
59	1117.342504517814	2495.134079991481	0
60	1113.128814321536	2495.944966614436	0
61	1117.360691210658	2495.130172727437	0
62	1117.364063994855	2495.129219484823	0
63	1118.403566907171	2494.881090061107	0
64	1118.354810409681	2494.888518584622	0
65	1121.620519195721	2494.219781384154	0
66	1118.400423694146	2494.881261303243	0
67	1121.642325838629	2494.218107112819	0
68	1121.641361360276	2494.21821011805	0
69	1156.16963375256	2488.934480605716	0
70	1156.048534249637	2488.95656273698	0
71	1157.252074789112	2488.827101436133	0
72	1156.171002678228	2488.934306070475	0
73	1157.261440519484	2488.823631481394	0
74	1157.258299713126	2488.824578498021	0
75	1192.251467822981	2482.837209747614	0
76	1192.258519890649	2482.844099591772	0
77	1193.096688832703	2482.862500398498	0
78	1192.251467823963	2482.83720974743	0
79	1193.195425693529	2482.845344213973	0
80	1193.195557510415	2482.845298174147	0
81	1423.809126188809	2436.180852446166	0
82	1423.808483253979	2436.180982543413	0
83	1424.75082935962	2436.003252535778	0
84	1424.757235736996	2436.001975562885	0
85	1431.457663574691	2434.648931283535	0
86	1424.696086087109	2436.013023025743	0
87	1431.447152322473	2434.650194020746	0
88	1431.466806725457	2434.647351191451	0
89	1444.09635218864	2432.911726137259	0
90	1444.027657981594	2433.002078568425	0
91	1444.214095939361	2432.834234591673	0
92	1444.094951562573	2432.91118616152	0
93	1444.292235631363	2432.839994331222	0
94	1444.293482807039	2432.839186630692	0
95	1467.935488866168	2427.36935505737	0
96	1467.942376729395	2427.368255371111	0
97	1469.022552457778	2427.072233209331	0
98	1467.936135922865	2427.369220339487	0
99	1469.031807231762	2427.070886910031	0
100	1469.030652554969	2427.070831645045	0
101	1517.828610070494	2417.10547368745	0
102	1517.812968441584	2417.109825005675	0
103	1518.918708785834	2416.751257496965	0
104	1517.824619091854	2417.106245898074	0
105	1518.9220616435	2416.75390114844	0
106	1518.925380499935	2416.753300915967	0
107	1598.56553991071	2402.579103733809	0
108	1598.321910905844	2402.591068867368	0
109	1597.709159373958	2402.775607060657	0
110	1597.194748872217	2402.879414411908	0
111	1597.903515348855	2402.789506132384	0
112	1598.296346789025	2402.642178533833	0
113	1598.829784920668	2402.527594839405	0
114	1598.823220157898	2402.529111379228	0
115	1599.648517514923	2402.35804934181	0
116	1599.64851751591	2402.358049341649	0
117	1602.140809809905	2401.846608673085	0
118	1598.565299393217	2402.579154762548	0
119	1602.166506585143	2401.841729585998	0
120	1602.14884214565	2401.844760986165	0
121	1603.337613995699	2401.599093516453	0
122	1603.335397706424	2401.599522514073	0
123	1612.841428108553	2399.723280211926	0
124	1603.314331261146	2401.603731631219	0
125	1612.837437863976	2399.723807549914	0
126	1612.840459028946	2399.723469094576	0
127	1693.750485527456	2383.977175690468	0
128	1693.72359512109	2383.981354372191	0
129	1693.76316373104	2383.98006475171	0
130	1693.742199702993	2383.978508871097	0
131	1696.289047689354	2383.458644845352	0
132	1696.297654282026	2383.457720148505	0
133	1697.494675990016	2383.217949894737	0
134	1696.314160463507	2383.454939361288	0
135	1697.50541078444	2383.216770292628	0
136	1697.504168680057	2383.217145085055	0
137	1699.043251935405	2382.909343776192	0
138	1699.088733713244	2382.899246036399	0
139	1699.428953015577	2382.831559046954	0
140	1699.435566322019	2382.830753038043	0
141	1702.127123404609	2382.292689126346	0
142	1702.129775312839	2382.29199450434	0
143	1703.099247060316	2382.102168044961	0
144	1703.106181121975	2382.100299626672	0
145	1706.853896617358	2381.421086239913	0
146	1706.73840103934	2381.451640944653	0
147	1706.255490173476	2381.5637687221	0
148	1706.853847171751	2381.421109295737	0
149	1707.71685696753	2381.214778411435	0
150	1707.719639698044	2381.215701505478	0
151	1713.495257458095	2379.883806769714	0
152	1707.729480227951	2381.212833270928	0
153	1708.444379746215	2381.048356981742	0
154	1708.452906683033	2381.046535522833	0
155	1711.065927881117	2380.485366596679	0
156	1711.042982647258	2380.489223717903	0
157	1712.281242853259	2380.215249645408	0
158	1711.068610331268	2380.484924747954	0
159	1712.288606106465	2380.213757102682	0
160	1712.287019173201	2380.213774567245	0
161	1713.491626467687	2379.883992813197	0
162	1713.425214563809	2379.900263678484	0
163	1713.499694673602	2379.88084963127	0
164	1713.502634303639	2379.880462066835	0
165	1718.377860758269	2379.0130975845	0
166	1718.362688563025	2379.016473353601	0
167	1719.534040984565	2378.760214829136	0
168	1718.374162571051	2379.013757396016	0
169	1719.597518649944	2378.755876900849	0
170	1719.587519088554	2378.756964120763	0
171	1721.997950352089	2378.255089137867	0
172	1721.98189095074	2378.252510096361	0
173	1722.246613071096	2378.254358261201	0
174	1722.005807629972	2378.253953250975	0
175	1725.716994892668	2377.600614511818	0
176	1725.711584599096	2377.601415341795	0
177	1734.56005265316	2375.875551430593	0
178	1725.735953874799	2377.597576377842	0
179	1735.516581749459	2375.71868520021	0
180	1734.616345307141	2375.844644204763	0
181	1739.058905592323	2375.056499420842	0
182	1734.563497032067	2375.873939673762	0
183	1735.588421648775	2375.705216895652	0
184	1735.582416517254	2375.705864172007	0
185	1739.080091650469	2375.05065832433	0
186	1739.083687094547	2375.050173870821	0
187	1740.244788085419	2374.830585349931	0
188	1740.129213233477	2374.853793661817	0
189	1741.243864122439	2374.595384053865	0
190	1740.241720740265	2374.831440448363	0
191	1741.3618665187	2374.587136109965	0
192	1741.36034583576	2374.587455428342	0
193	1742.675314779636	2374.400683213229	0
194	1742.550039139271	2374.440699524658	0
195	1744.994268886834	2373.833376081675	0
196	1742.682096989945	2374.398763145517	0
197	1745.126379160826	2373.818270814917	0
198	1745.122011916767	2373.819177086094	0
199	1751.34389218916	2372.620112525289	0
200	1751.278812857069	2372.632199809088	0
201	1751.350073700257	2372.619478677606	0
202	1751.348846536677	2372.619626088362	0
203	1752.585561208552	2372.379197828922	0
204	1752.58658315298	2372.377750120775	0
205	1755.042575124227	2371.892269905274	0
206	1752.584254792802	2372.379451306126	0
207	1755.054612705518	2371.889668995581	0
208	1755.052436536588	2371.889783862032	0
209	1756.237174424112	2371.64377152467	0
210	1756.207872385818	2371.647174706688	0
211	1758.772738760016	2371.141397194345	0
212	1756.239425353676	2371.643657167679	0
213	1758.740977292743	2371.147661079177	0
214	1758.744177591263	2371.147355605458	0
215	1770.700995492648	2368.748242533858	0
216	1770.273132539772	2368.867855380267	0
217	1770.027565162051	2368.710224858321	0
218	1770.714303371114	2368.745369261699	0
219	1772.447865021447	2368.506528481686	0
220	1770.373098111439	2368.746119803393	0
221	1771.189915891965	2368.656328012382	0
222	1770.869134910602	2368.727144777496	0
223	1772.432072728325	2368.509407629397	0
224	1772.438899072385	2368.508074188521	0
225	1774.944872575639	2368.040605989046	0
226	1774.942486526626	2368.041799024649	0
227	1778.06915603478	2367.440381237233	0
228	1774.955126238184	2368.038187688439	0
229	1778.076571775087	2367.438006132505	0
230	1778.071559867508	2367.438675470851	0
231	1779.353628183971	2367.180854024399	0
232	1779.337904240027	2367.181990870794	0
233	1786.931484573969	2365.739784123525	0
234	1779.358045719332	2367.179722913063	0
235	1786.935132429512	2365.739395268738	0
236	1786.936220936031	2365.739121072329	0
237	1815.439965791941	2360.067159455022	0
238	1815.277327608468	2360.052487471965	0
239	1816.256502781257	2359.939950016256	0
240	1815.426215436929	2360.069568033922	0
241	1816.590435810209	2359.88771049731	0
242	1816.603073430631	2359.885507608089	0
243	1886.80031170656	2346.877304386506	0
244	1886.812019852953	2346.874785769488	0
245	1888.198545493486	2346.631450378459	0
246	1886.923567823441	2346.863491217447	0
247	1888.346148065162	2346.604787171917	0
248	1888.347526432576	2346.604532018047	0
249	1992.236764289868	2327.424166401287	0
250	1992.177348912472	2327.428604702158	0
251	1993.348676735359	2327.286277212503	0
252	1992.237970434744	2327.423976246299	0
253	1993.411454531196	2327.272590966733	0
254	1993.412836113569	2327.27237798886	0
255	2124.532348439398	2303.117995009036	0
256	2124.486716618605	2303.122559543169	0
257	2124.540022465818	2303.191622706904	0
258	2124.536778736619	2303.117182806619	0
259	2127.323595080262	2302.644390297259	0
260	2127.305250307026	2302.647933059263	0
261	2131.270028863843	2301.935066069339	0
262	2127.310300743802	2302.646009651899	0
263	2131.307488818175	2301.931209320492	0
264	2131.309358627756	2301.930247819091	0
265	2132.620908337308	2301.701096130258	0
266	2132.609256333271	2301.703194130093	0
267	2135.393454417392	2301.213353658775	0
268	2132.627027250854	2301.700205633189	0
269	2135.380376422293	2301.215615011213	0
270	2135.407985825645	2301.211891688539	0
271	2136.678650642518	2300.980947196927	0
272	2136.727950616055	2300.972945726733	0
273	2139.322396747229	2300.499157164689	0
274	2136.679519764652	2300.980424762836	0
275	2139.370628810806	2300.493621992302	0
276	2139.38497053921	2300.491450897509	0
277	2140.853721556253	2300.238696194728	0
278	2140.89382805891	2300.230680306844	0
279	2141.565828233919	2300.117174311495	0
280	2140.857296026702	2300.237750624096	0
281	2141.677999083862	2300.099006650024	0
282	2141.69602892439	2300.095863227057	0
283	2143.224637834438	2299.834806881648	0
284	2143.233310080854	2299.833641533282	0
285	2147.256962415441	2299.121125595355	0
286	2143.21985947926	2299.835633734322	0
287	2147.245267571003	2299.120378156485	0
288	2147.243949101392	2299.121461651489	0
289	2148.622821399112	2298.869684230736	0
290	2148.664718710621	2298.863232894381	0
291	2151.359212243426	2298.367921118368	0
292	2148.621841339629	2298.869992570367	0
293	2151.347647993649	2298.371264830186	0
294	2151.353158490017	2298.370394991187	0
295	2188.91218920383	2291.631021090635	0
296	2188.304775807852	2291.731792835884	0
297	2188.214280125454	2291.713826024855	0
298	2188.908784522436	2291.631829038494	0
299	2189.055941056238	2291.611768757215	0
300	2189.054344278947	2291.612001740168	0
301	2190.772890511402	2291.338275739548	0
302	2189.007115286473	2291.616428989331	0
303	2190.761492859209	2291.339397202042	0
304	2190.747982623097	2291.341109072768	0
305	2197.967914455251	2290.054851833135	0
306	2197.956618177436	2290.054264116312	0
307	2202.154382231221	2289.350929230644	0
308	2197.958910186178	2290.055982524293	0
309	2202.272042125186	2289.331955865296	0
310	2202.283503250917	2289.329996837499	0
311	2203.743589789367	2289.067407057355	0
312	2203.755956279244	2289.065148918595	0
313	2204.979819249256	2288.756707994326	0
314	2203.691505297811	2289.074619945967	0
315	2204.711161575506	2288.775132892081	0
316	2204.96667349647	2288.758654105245	0
317	2211.082733184388	2287.836416172542	0
318	2211.129839327866	2287.82832516311	0
319	2215.559465604417	2287.073710492035	0
320	2211.084529471659	2287.836237426603	0
321	2215.565003012772	2287.072270395089	0
322	2215.562412836228	2287.072714925534	0
323	2218.511160062563	2286.576179295638	0
324	2218.535257523142	2286.571644232507	0
325	2224.464668661106	2285.562502788659	0
326	2218.555414849752	2286.568916411672	0
327	2224.536553226592	2285.555565167677	0
328	2224.528989353274	2285.55685215534	0
329	2283.222978204627	2275.460700707761	0
330	2283.147155021767	2275.475992323686	0
331	2283.270767884068	2275.450331710895	0
332	2283.226022959707	2275.460243827382	0
333	2285.121503477452	2275.140755380618	0
334	2285.11420051975	2275.141776047933	0
335	2336.486798355773	2265.103142408832	0
336	2285.127661186409	2275.140882456052	0
337	2286.75915946581	2274.89825482588	0
338	2286.659886681835	2274.903795675918	0
339	2294.972979208502	2273.457998478436	0
340	2286.77299285698	2274.894709616269	0
341	2295.271372950116	2273.431666461612	0
342	2295.270087859628	2273.431896895979	0
343	2420.77556807552	2254.107080167873	0
344	2336.383819669292	2265.118354418169	0
345	2337.565486411338	2264.852499518747	0
346	2336.496358989292	2265.101030077384	0
347	2337.74069447542	2264.819794086035	0
348	2337.749981325771	2264.817984562539	0
349	2558.287123410219	2223.870221496084	0
350	2420.81136644541	2254.101878056535	0
351	2422.522526731368	2253.840728128002	0
352	2420.809474159577	2254.10111832779	0
353	2422.498618605211	2253.843834517686	0
354	2422.495902325756	2253.844378530098	0
355	2455.801843568356	2248.697556383539	0
356	2455.475648793378	2248.714427344751	0
357	2457.455369044729	2248.440524790085	0
358	2455.817395370334	2248.695896861197	0
359	2457.465795713309	2248.44069154283	0
360	2457.45025973516	2248.441502068895	0
361	2575.830992602388	2231.686255113875	0
362	2575.696453724217	2231.708100312556	0
363	2552.160784127854	2232.678743434059	0
364	2552.131951731204	2232.677437440511	0
365	2553.895706520646	2232.610661925582	0
366	2552.201322412745	2232.670564315537	0
367	2553.922857184732	2232.609149079324	0
368	2553.907796511257	2232.609782894877	0
369	2575.508638535668	2231.705608535674	0
370	2575.837952682137	2231.681978038733	0
371	2578.83200991771	2231.066409209621	0
372	2578.706955991828	2231.088731394138	0
373	2578.923388131319	2231.046819052736	0
374	2578.827725890956	2231.067752680343	0
375	2581.129332828438	2230.618048312375	0
376	2581.041511793848	2230.604291102992	0
377	2570.620688245614	2230.079700202761	0
378	2581.137843994576	2230.616475888073	0
379	2584.67163055831	2230.148276104932	0
380	2584.54596731182	2230.155751772607	0
381	2570.44665916786	2230.035142628186	0
382	2570.444892822974	2230.034722311781	0
383	2568.804234727341	2229.770945977114	0
384	2568.771286454967	2229.770433515059	0
385	2566.696345960311	2229.272812406198	0
386	2568.766412881301	2229.760018681186	0
387	2567.82676238047	2229.02285249076	0
388	2567.818838168751	2229.024811561996	0
389	2567.181778694339	2228.04029048294	0
390	2567.18451426818	2228.040237095072	0
391	2567.923315282275	2227.167625794164	0
392	2566.896495585981	2227.992127014742	0
393	2566.793341166846	2227.614451155776	0
394	2567.909823341335	2227.169902328065	0
395	2570.610264641808	2226.627286836051	0
396	2570.642938749344	2226.628971260316	0
397	2576.446087370603	2227.56412069689	0
398	2570.613145279646	2226.625403943357	0
399	2576.794751130858	2227.517462897956	0
400	2576.811613615039	2227.519726689577	0
401	2579.33506848344	2227.985501964202	0
402	2579.321496391023	2227.986163767278	0
403	2581.272409044112	2228.979379532519	0
404	2579.309247649783	2227.986938763892	0
405	2582.253269686732	2228.867134654526	0
406	2582.24366054305	2228.874556712238	0
407	2584.851602273246	2229.227931951089	0
408	2584.87844093782	2229.238012413182	0
409	2584.894614814831	2230.103152312561	0
410	2584.733276871592	2230.140610818623	0
411	2587.746015832518	2229.777215286223	0
412	2587.701520245749	2229.741259944437	0
413	2593.31865405015	2229.279159267698	0
414	2587.76396140523	2229.773983152998	0
415	2593.564969934369	2229.339137238501	0
416	2593.551926806004	2229.30255756714	0
417	2597.174327478658	2229.065887105674	0
418	2593.577914552491	2229.339690224455	0
419	2597.022186350965	2229.143142564949	0
420	2597.019357580331	2229.143785378326	0
421	2599.924113700885	2229.030721686046	0
422	2597.314175619918	2229.051317412108	0
423	2601.465556198744	2228.529500426175	0
424	2601.439622673346	2228.531359520923	0
425	2604.384869996119	2228.144944509416	0
426	2604.38733421913	2228.144146505126	0
427	2599.891852624309	2229.090492189533	0
428	2599.908154979966	2229.031512983583	0
429	2602.592225161543	2228.67859986418	0
430	2602.583929588043	2228.680767025604	0
431	2605.728659251945	2228.25680912143	0
432	2605.727036845486	2228.256121486678	0
433	2613.490877660801	2227.933367575246	0
434	2613.567622719912	2227.928625770722	0
435	2617.182737218183	2227.709182227166	0
436	2613.776298776547	2227.919750485395	0
437	2620.625452270016	2227.373195114966	0
438	2617.168233174748	2227.709472348457	0
439	2626.110235745158	2227.121528500747	0
440	2620.988782300295	2227.354891900976	0
441	2635.653031593844	2226.545178986422	0
442	2626.028115036559	2227.131005510197	0
443	2635.666514126569	2226.544167884547	0
444	2635.615998958656	2226.546886060949	0
445	2641.688975260029	2226.266562532062	0
446	2558.277959206619	2223.872028923949	0
447	2559.677029088991	2223.312191194396	0
448	2641.868146874817	2226.260757805835	0
449	2646.204495607205	2226.024569420431	0
450	2645.921792194517	2226.020113392407	0
451	2647.162931370132	2225.766910871719	0
452	2558.292768024824	2223.867346290624	0
453	2559.037079293767	2223.331199024479	0
454	2559.681221176282	2223.311480930196	0
455	3029.797623870623	2147.224846837301	0
456	2646.257872152174	2226.024733209532	0
457	2654.86903023439	2225.600048627854	0
458	2654.896994091319	2225.598767167768	0
459	2876.655100412871	2223.271749956541	0
460	2876.485088232513	2223.258949814335	0
461	2808.048546967443	2219.530574797066	0
462	2807.866074102826	2219.564144390112	0
463	2808.122434185771	2219.45992003493	0
464	2808.28057952409	2219.546928965407	0
465	2801.856304443548	2218.209168449767	0
466	2801.536006726572	2218.184398380416	0
467	2798.976626935436	2218.175304535408	0
468	2801.868290947927	2218.210610855761	0
469	2799.046074540865	2217.730456270799	0
470	2798.970711489252	2217.724818304227	0
471	2798.467508603437	2217.70177558644	0
472	2799.041585302012	2217.729234124771	0
473	2794.215053246647	2216.307621536606	0
474	2793.932506672648	2216.311450786751	0
475	2794.164160905732	2216.262024979987	0
476	2794.113291432896	2216.301381301665	0
477	2792.188744079543	2212.98056771499	0
478	2792.188744078632	2212.980567714574	0
479	2791.466405432813	2211.722300241733	0
480	2792.236275456685	2212.991855842713	0
481	2791.765412893103	2211.80893450301	0
482	2791.770505676542	2211.812447553298	0
483	2792.078289653113	2210.58423495879	0
484	2791.904880350777	2210.56152419658	0
485	2792.864504618511	2209.698886208489	0
486	2792.051804719687	2210.570899316899	0
487	2792.988613238567	2209.711663836003	0
488	2792.99209989133	2209.710670498843	0
489	2795.553942184586	2208.336049778645	0
490	2795.548560918794	2208.335376874874	0
491	2796.959724987499	2207.923178031311	0
492	2795.489931907301	2208.313900224466	0
493	2796.979815858956	2207.901761202776	0
494	2797.020453224019	2207.91880346739	0
495	2801.04456069667	2206.952434375303	0
496	2801.012520506329	2206.953613675029	0
497	2811.126001814111	2205.259076115739	0
498	2801.218871381769	2206.9016154467	0
499	2810.494853238994	2205.330224923467	0
500	2811.121398161578	2205.255093749283	0
501	2813.940392715889	2204.957480033141	0
502	2813.9042273682	2204.9576738381	0
503	2815.499849221959	2204.417620203646	0
504	2813.93536300287	2204.957828412576	0
505	2815.553479156041	2204.417888771842	0
506	2815.560255440875	2204.420710323274	0
507	2852.254862023335	2201.556119128249	0
508	2852.252118160045	2201.554224544425	0
509	2855.113591974037	2201.351931928925	0
510	2852.28446141824	2201.546603038918	0
511	2855.110300311378	2201.353891207767	0
512	2855.114966716244	2201.348534178835	0
513	2886.624828893526	2199.043294713407	0
514	2885.366972740489	2199.075398967359	0
515	2889.649953958931	2198.795865332495	0
516	2886.5667769207	2199.041529587209	0
517	2890.270660493487	2198.796665631135	0
518	2890.227824103055	2198.796397856479	0
519	3338.96139104445	2182.425103761806	0
520	3338.985553071675	2182.425992905531	0
521	3333.999300024726	2182.431083103382	0
522	3029.834269379427	2147.219991189933	0
523	3032.802172751009	2144.771051495193	0
524	3032.793057061099	2144.766536755315	0
525	3033.954558917297	2144.148644904927	0
526	3033.910796990231	2144.156185451339	0
527	3036.250308725721	2142.948630511841	0
528	3033.946676489827	2144.149177108391	0
529	3036.2727735307	2142.947260228737	0
530	3036.292089790133	2142.947641775801	0
531	3038.792789392776	2141.952273004555	0
532	3038.738325331573	2141.954740543214	0
533	3041.109407983192	2141.290132242738	0
534	3038.766708619265	2141.941755269062	0
535	3041.239500437907	2141.251521169923	0
536	3041.229114599008	2141.242322205864	0
537	3042.610365650045	2140.891403051945	0
538	3042.605939737254	2140.889830608809	0
539	3043.807896410909	2140.617298376987	0
540	3042.620470031918	2140.889450865883	0
541	3043.897153855482	2140.605262604282	0
542	3043.897233268	2140.60617816418	0
543	3045.28524795559	2140.342676158165	0
544	3045.226985723706	2140.342630271793	0
545	3046.540757915601	2140.139288979974	0
546	3045.282117278452	2140.347810836164	0
547	3046.632632178812	2140.146605741055	0
548	3046.640265764258	2140.145551992913	0
549	3047.941370080242	2140.025275227864	0
550	3047.878422194528	2140.044089928213	0
551	3047.980417991529	2140.006116757347	0
552	3047.930495496314	2140.023911435534	0
553	3049.31428743052	2139.953123288171	0
554	3049.320982134594	2139.953492393829	0
555	3052.095039373556	2139.838456084255	0
556	3049.352196420208	2139.938776284459	0
557	3052.249239558863	2139.846889769057	0
558	3052.254340608462	2139.857616571267	0
559	3055.099010876465	2139.898074756636	0
560	3054.823170813434	2139.921676167277	0
561	3057.852467962225	2140.00114603201	0
562	3055.09199458207	2139.894995288058	0
563	3056.470101067443	2139.893169564835	0
564	3056.418726972297	2139.895881783066	0
565	3057.824938045182	2140.001196076761	0
566	3056.456756509994	2139.88948870174	0
567	3057.848386127847	2139.993602884497	0
568	3057.832501984248	2140.001644267943	0
569	3059.287559075163	2140.137491847666	0
570	3059.266047348845	2140.134199250489	0
571	3060.621580589299	2140.260466280207	0
572	3059.28755907612	2140.137491847377	0
573	3060.75257619777	2140.237248552346	0
574	3060.756090180312	2140.238714785105	0
575	3062.172470148095	2140.443580272953	0
576	3062.152112418407	2140.512658494209	0
577	3069.247712836184	2141.601409454984	0
578	3062.084473641844	2140.458224502678	0
579	3065.039885984124	2140.823030475737	0
580	3062.171449587695	2140.447097960846	0
581	3065.141333304902	2140.783329200148	0
582	3065.137675721087	2140.784060331855	0
583	3069.47783462497	2141.55241835686	0
584	3069.467783218643	2141.546653131897	0
585	3070.881941638924	2141.824575609258	0
586	3069.485574587632	2141.549856102974	0
587	3070.894461230724	2141.817719017473	0
588	3070.933044374959	2141.825424191685	0
589	3073.813426747559	2142.428505434138	0
590	3070.893119703572	2141.814940903738	0
591	3072.378616530499	2142.06088074336	0
592	3072.376517154856	2142.060821155434	0
593	3075.224143446006	2142.746030361872	0
594	3072.383115702504	2142.065100253309	0
595	3073.823574740987	2142.4184655145	0
596	3073.814615991636	2142.420751303757	0
597	3075.247646971112	2142.720788815881	0
598	3075.264257376943	2142.732748782677	0
599	3076.730887212569	2143.100654181339	0
600	3076.722080386095	2143.102312863111	0
601	3078.199776149971	2143.483335224528	0
602	3078.092772309549	2143.483659699879	0
603	3079.662184040883	2143.897603031976	0
604	3078.195400971405	2143.489247095079	0
605	3079.664012581066	2143.882249080062	0
606	3076.731897888124	2143.099424353442	0
607	3081.231061805421	2144.309645127438	0
608	3079.658352621454	2143.885510961224	0
609	3081.212956321819	2144.314746694747	0
610	3081.224601080833	2144.31596253073	0
611	3082.590557336498	2144.766577424161	0
612	3082.607302630527	2144.770053221875	0
613	3085.416548171111	2145.752545583372	0
614	3082.596261091049	2144.786518142024	0
615	3085.113305966443	2145.472236311489	0
616	3085.4149543191	2145.754571806679	0
617	3088.201900916908	2146.742147335617	0
618	3085.454806352312	2145.724539015089	0
619	3085.32576621643	2145.520505939304	0
620	3085.143426454391	2145.477114813029	0
621	3088.061942716876	2146.629579170699	0
622	3088.205648456847	2146.739757917705	0
623	3089.645674281802	2147.24115295751	0
624	3087.991115178054	2146.609872007196	0
625	3090.881695011485	2147.798094960881	0
626	3089.598836903069	2147.22467045248	0
627	3091.120137006816	2147.831457921714	0
628	3091.115956687858	2147.840851843088	0
629	3092.587028097081	2148.38161984339	0
630	3089.66432730947	2147.247124953014	0
631	3092.614704167732	2148.392189682519	0
632	3092.583316524736	2148.380625145509	0
633	3093.984450477617	2148.951155112748	0
634	3093.996309555095	2148.957633291023	0
635	3095.39338549661	2149.517081376382	0
636	3093.965751077475	2148.949440098885	0
637	3095.40340286323	2149.511879241686	0
638	3093.933704984941	2148.920429091539	0
639	3095.550789067786	2149.527454933826	0
640	3095.395542986857	2149.519255539698	0
641	3096.968103243687	2150.236394200881	0
642	3096.763965505055	2150.157243026202	0
643	3099.477084491865	2151.426396612683	0
644	3096.971687781207	2150.230126650416	0
645	3098.513167960633	2150.933808069178	0
646	3098.494999426138	2150.9272018351	0
647	3099.478438107403	2151.437540237689	0
648	3099.499990322483	2151.443715940398	0
649	3100.364419967378	2151.834151562782	0
650	3099.534002926222	2151.456602963882	0
651	3100.375714462993	2151.835738489587	0
652	3100.374722988096	2151.837940250239	0
653	3102.183859365335	2152.709546969974	0
654	3100.77012144705	2152.006719509348	0
655	3102.209631666341	2152.716061942557	0
656	3100.222571005862	2151.774273193076	0
657	3104.614576799261	2153.928931133302	0
658	3102.18398994161	2152.70834418839	0
659	3104.886247892946	2154.062182332223	0
660	3104.912525518625	2154.085232887711	0
661	3106.299128193172	2154.836858798456	0
662	3106.306029690101	2154.835570507661	0
663	3107.809046664885	2155.601660070423	0
664	3107.135285639112	2155.698267330485	0
665	3108.987824260761	2156.491616552603	0
666	3106.210184501216	2154.779222838201	0
667	3107.772601310429	2155.597520275883	0
668	3107.812557509959	2155.622542775528	0
669	3109.231274151689	2156.467605468073	0
670	3109.225204099408	2156.465059972732	0
671	3110.696616835677	2157.241474202198	0
672	3110.721121515966	2157.255683969749	0
673	3112.158686181802	2158.104067792412	0
674	3112.031453433449	2158.084566403158	0
675	3114.539529433043	2159.886144872796	0
676	3110.746669713565	2157.213736953544	0
677	3112.143176281794	2158.105543958606	0
678	3112.152950089996	2158.101006545964	0
679	3115.112543210161	2159.809994062445	0
680	3115.123909234813	2159.814889904073	0
681	3116.701542447734	2160.784500613907	0
682	3115.178611919545	2159.845404100725	0
683	3118.216284005667	2161.728757258474	0
684	3116.674612953531	2160.797832845776	0
685	3117.649737729643	2161.472804588743	0
686	3117.168344852174	2161.438295485505	0
687	3117.408953391077	2161.558655386845	0
688	3117.653377998436	2161.469491181801	0
689	3118.669940903877	2162.03085062172	0
690	3118.700866934226	2162.045827501173	0
691	3120.340691739377	2163.151558593017	0
692	3120.066117270541	2163.06645171081	0
693	3120.072752463848	2163.284310154259	0
694	3120.304146450404	2163.127922486224	0
695	3121.797659907604	2164.116992306402	0
696	3121.624198953097	2164.215810066716	0
697	3124.4633762417	2165.898810050581	0
698	3121.80227555942	2164.118649507948	0
699	3123.294579573174	2164.993056755023	0
700	3123.323678456401	2165.005935761834	0
701	3124.700512213628	2165.978852263202	0
702	3124.70678485435	2165.994028571451	0
703	3126.176287101982	2166.914012412105	0
704	3126.165295026227	2166.908721054077	0
705	3127.57830223815	2167.894922508489	0
706	3126.961638461898	2167.970421876021	0
707	3127.631390400284	2168.720120625977	0
708	3127.584310896116	2167.899194351929	0
709	3128.885379597669	2169.021273209878	0
710	3128.067740168275	2168.901091338025	0
711	3130.169339280963	2170.013321272845	0
712	3128.885649349899	2169.020141176402	0
713	3130.327036311352	2170.011451251376	0
714	3130.290540287796	2170.016911361742	0
715	3131.632360348712	2171.143233715718	0
716	3130.319312274145	2170.00630788202	0
717	3132.004575137752	2171.113703297955	0
718	3131.655061897109	2171.145746644627	0
719	3133.478321086725	2172.322214347881	0
720	3132.985008748199	2173.165901673098	0
721	3141.976837381208	2178.248684872792	0
722	3133.474223748844	2172.314176084929	0
723	3139.687139303081	2176.205017542306	0
724	3139.69065724122	2176.207350085982	0
725	3141.254817492623	2177.358454390741	0
726	3141.251069815787	2177.358055758224	0
727	3142.780971475987	2178.471444108163	0
728	3142.792035454871	2178.472571862003	0
729	3144.742842506028	2179.697768503388	0
730	3144.799405603916	2179.741405514365	0
731	3146.247549532277	2180.808545131257	0
732	3144.670874187309	2179.922600781581	0
733	3143.16013396929	2180.851031174613	0
734	3146.244800767804	2180.803486738303	0
735	3148.052462504509	2182.249427064397	0
736	3147.253158380487	2182.271154842515	0
737	3133.586551256208	2185.208576609132	0
738	3144.842000732328	2182.413097764043	0
739	3134.155321866629	2184.986675073588	0
740	3134.150402930825	2184.979091056492	0
741	3129.844641542596	2188.714667378418	0
742	3131.534807302528	2186.485997993042	0
743	3129.528701928956	2189.034832865835	0
744	3129.722537292861	2188.792756366614	0
745	3129.17365439358	2190.678776114909	0
746	3128.941137482609	2190.386579812972	0
747	3130.422804220911	2192.767017001676	0
748	3129.175212343851	2190.695246169375	0
749	3131.594965203572	2193.179929596479	0
750	3130.429282880828	2192.767678455893	0
751	3140.149935260757	2195.684459929191	0
752	3132.803549199844	2193.859260541381	0
753	3170.96956592581	2228.491079304174	0
754	3145.695222347964	2180.765163007044	0
755	3145.791447686892	2181.992338426007	0
756	3148.063288448253	2182.261027238494	0
757	3150.923455019533	2183.221749079691	0
758	3150.868758151574	2183.247734940838	0
759	3144.122356523493	2196.677349469605	0
760	3147.653821406405	2182.164549295884	0
761	3150.282580854419	2183.094039834736	0
762	3150.924675245908	2183.221578328822	0
763	3176.860522280801	2187.318768419119	0
764	3144.11548166115	2196.688510436591	0
765	3165.559330081574	2225.591211187831	0
766	3165.563110069029	2225.587867502879	0
767	3167.558683431021	2227.543033267701	0
768	3165.529741071069	2225.586887208326	0
769	3167.526009395715	2227.537793522339	0
770	3167.549247545076	2227.533958223633	0
771	3171.129536596191	2231.010673009459	0
772	3176.903774330802	2187.341932055165	0
773	3180.875122320475	2203.573083017917	0
774	3180.726032175585	2203.516180876658	0
775	3181.682480747691	2204.928527045493	0
776	3180.882783633676	2203.57671441339	0
777	3181.747804742225	2205.031407983413	0
778	3181.753137766415	2205.029605183388	0
779	3182.514928745244	2206.585710091327	0
780	3181.792838552447	2204.948232616706	0
781	3182.45149127648	2206.526229208906	0
782	3182.5233423306	2206.593777878632	0
783	3183.160686242022	2208.759536048828	0
784	3183.161900016934	2208.756054005844	0
785	3183.350777936443	2209.758942816824	0
786	3183.363820610874	2209.77019707715	0
787	3183.610148213161	2212.312244668475	0
788	3183.819570010191	2212.205431927608	0
789	3181.193776912496	2219.848970290316	0
790	3171.319471758125	2231.169879123541	0
791	3172.827870813535	2230.830911066622	0
792	3172.853760935633	2230.809558664667	0
793	3173.960926748569	2229.424674753033	0
794	3173.943445790606	2229.430543958997	0
795	3180.31182325078	2219.278350736614	0
796	3173.069245293434	2231.081034914436	0
797	3173.96558643717	2230.245775779325	0
798	3173.971147524811	2229.762301295713	0
799	3182.090382875724	2220.681698244432	0
800	3180.361307025155	2219.192687680546	0
801	3181.158138131265	2219.949820759112	0
802	3181.15077090595	2219.941001170801	0
803	3182.16438136501	2220.592299205424	0
804	3182.185192290851	2220.596005974328	0
805	3205.22064864735	2227.552408582221	0
806	3202.315317554146	2229.34616193812	0
807	3204.289473521831	2228.958271861825	0
808	3205.253004208556	2227.527508577638	0
809	3204.910818214604	2228.706135602557	0
810	3204.836649400813	2228.742657533775	0
811	3118.704685139564	2283.985623506059	0
812	3118.621326657787	2284.065896980635	0
813	3114.945392272069	2286.278510971737	0
814	3118.652020596297	2284.023244902464	0
815	3115.519832092024	2286.099008021783	0
816	3115.390835795239	2286.182667015212	0
817	3084.032515147509	2307.626515618102	0
818	3082.590243437952	2307.460217531878	0
819	3084.223232000985	2307.947831005079	0
820	3084.071544311179	2307.600062525845	0
821	3078.815880272412	2312.183912117001	0
822	3078.802654641879	2312.193017554795	0
823	3077.118915393123	2313.441648561866	0
824	3077.122975266599	2313.44531047903	0
825	3072.384493017187	2316.687890510875	0
826	3072.391620967601	2316.683910637508	0
827	3071.563318674466	2317.317026322313	0
828	3071.493247981502	2317.359213328555	0
829	3065.08401012272	2322.094108989278	0
830	3065.035609435651	2322.124883883354	0
831	3062.708521245401	2323.842395604298	0
832	3065.068723878871	2322.106205309934	0
833	3062.717658533235	2323.835448982811	0
834	3062.72527918893	2323.829830443109	0
835	3060.192409971696	2325.810749976727	0
836	3060.190776889413	2325.819309809902	0
837	3059.770535732049	2326.147202983123	0
838	3059.770535731217	2326.147202983678	0
839	3057.441069393413	2327.984835084719	0
840	3057.355011942607	2328.053001092688	0
841	3055.397539166372	2329.762924631704	0
842	3057.402201130977	2328.008606118688	0
843	3055.469426685212	2329.693625457557	0
844	3055.401055098454	2329.757079838271	0
845	3051.492567601076	2333.096578272146	0
846	3051.446068964036	2333.125834185001	0
847	3049.657384825942	2334.723661081141	0
848	3051.491816907374	2333.099098371439	0
849	3049.709146727298	2334.675778981531	0
850	3049.697852446794	2334.683783547138	0
851	3047.128981134361	2337.078098219948	0
852	3047.103263874802	2337.099052702667	0
853	3046.342013978017	2337.796556799541	0
854	3046.372863213996	2337.792540042546	0
855	3043.822109665038	2340.153008090793	0
856	3043.772313863594	2340.197383406805	0
857	3040.701614958343	2343.121703789658	0
858	3043.793038385253	2340.167297952592	0
859	3040.667097681077	2343.130343296474	0
860	3040.693970426471	2343.126313243447	0
861	3032.905901938891	2351.11967754668	0
862	3032.879436529629	2351.15251985033	0
863	3032.677360784593	2351.387150340859	0
864	3032.67736078392	2351.3871503416	0
865	3030.925523642813	2353.204379311552	0
866	3030.921815864008	2353.188699490231	0
867	3028.375025163481	2356.124109827277	0
868	3030.928949146176	2353.201130424879	0
869	3028.4260611092	2356.076898688292	0
870	3028.418786945803	2356.097777203426	0
871	3022.096029120169	2363.553021282608	0
872	3022.09204092415	2363.548699776924	0
873	3019.800115122982	2366.697582562799	0
874	3022.105585685585	2363.544490973369	0
875	3019.774450895709	2367.027419063339	0
876	3019.761398405492	2367.038023471037	0
877	3017.332804344538	2368.445339573903	0
878	3017.311491707041	2368.476465229578	0
879	3015.026204317729	2371.250362951794	0
880	3017.348535259778	2368.443780051271	0
881	3014.744233304066	2371.59304455849	0
882	3014.753212156126	2371.586084271773	0
883	3013.65790774177	2373.305692285286	0
884	3013.648373018504	2373.321534847322	0
885	3014.414300269557	2374.680500414218	0
886	3014.320680489049	2374.762670666279	0
887	3013.59311767955	2373.411290252761	0
888	3013.630259076225	2373.356406578161	0
889	2996.94890957581	2396.818841828108	0
890	2996.852175487707	2396.663642922626	0
891	2996.86615332833	2396.886264095487	0
892	2996.948252612523	2396.824027078845	0
893	2983.720389937042	2430.164295284611	0
894	2984.067666520645	2429.925845074917	0
895	2981.763090396566	2430.383501281854	0
896	2981.090317781158	2430.653717477616	0
897	2983.290010845372	2430.256882121164	0
898	2981.75829700196	2430.38171572876	0
899	2983.732069733145	2430.232795496265	0
900	2983.712956872444	2430.170876956107	0
901	2989.480131220669	2468.043687323886	0
902	3077.101631323726	2313.459234957746	0
903	3019.646847083121	2367.400242391791	0
904	3019.646847082819	2367.400242392745	0
905	3014.480377302755	2374.604248358423	0
906	3014.500636823524	2374.576034641936	0
907	3012.888314433487	2376.955760350497	0
908	3012.893208603987	2376.947732544069	0
909	3012.518645228826	2377.430175659266	0
910	3012.521781278112	2377.429417472873	0
911	3005.260406586151	2387.048572701877	0
912	3005.270319066924	2387.034300429835	0
913	3005.185962915273	2387.142407199889	0
914	3005.26311194569	2387.040508093549	0
915	3000.401358121015	2393.837875900422	0
916	3000.411167566192	2393.82399494632	0
917	3000.254582862961	2394.006697785659	0
918	3000.249637477164	2394.014089769999	0
919	2997.984329381255	2397.207260155817	0
920	2997.983106038041	2397.220727148134	0
921	2995.997202593112	2400.160286349261	0
922	2995.984128117549	2400.126392637742	0
923	2995.026954767673	2401.666899394335	0
924	2997.979959510323	2397.211634857908	0
925	2995.974977330149	2400.176460790361	0
926	2995.966801970637	2400.191213420559	0
927	2995.057858053864	2401.656099120796	0
928	2995.055423124642	2401.657366088515	0
929	2994.152291350428	2403.171702571429	0
930	2994.118138065454	2403.217210665702	0
931	2993.211917408646	2404.728086438357	0
932	2994.154756287436	2403.179350989313	0
933	2993.223123581396	2404.713205360217	0
934	2993.211715653137	2404.729729665555	0
935	2991.61963693907	2407.812003191812	0
936	2991.617842280061	2407.8073768679	0
937	2990.032005913778	2410.721053585134	0
938	2991.622631763281	2407.784917067619	0
939	2990.033555511692	2410.745866208052	0
940	2990.006879449506	2410.77117438087	0
941	2989.093710870742	2412.869242821987	0
942	2989.092830372921	2412.875198016693	0
943	2988.613058789739	2413.711497349267	0
944	2989.088320850484	2412.883723123005	0
945	2988.606325454773	2413.728814632027	0
946	2988.57513894699	2413.774792535366	0
947	2988.015212740287	2415.380500599396	0
948	2988.019896360072	2415.379734670641	0
949	2987.975811897597	2415.467812305154	0
950	2987.971418188052	2415.47883231771	0
951	2986.750292935229	2418.216526583446	0
952	2986.7414171398	2418.226370567475	0
953	2986.486872605175	2418.765763912104	0
954	2986.486872604523	2418.765763912863	0
955	2986.381405061169	2418.982044769898	0
956	2986.510269088551	2418.762881907609	0
957	2985.370598150672	2422.848294830967	0
958	2985.365486875147	2422.868160466499	0
959	2985.010133514174	2424.373504931118	0
960	2985.361174930214	2422.862156922825	0
961	2984.986448282417	2424.439114701024	0
962	2984.986051611429	2424.440519028793	0
963	2984.504419121198	2426.0666160552	0
964	2984.516670493493	2426.058355350586	0
965	2983.803893558646	2429.684400711332	0
966	2984.509019944966	2426.06983309629	0
967	2983.813308952665	2429.63516001868	0
968	2983.810740025389	2429.634779601367	0
969	2983.306335199879	2432.500417406549	0
970	2983.306335199975	2432.500417405554	0
971	2983.261238855022	2432.857166154455	0
972	2983.296452671789	2432.682917363431	0
973	2981.96946585327	2442.650395314422	0
974	2981.945654099757	2442.634365784739	0
975	2981.93248252464	2442.976290770541	0
976	2981.932482524689	2442.97629077154	0
977	2981.638129197405	2445.444870636063	0
978	2981.638504539907	2445.424344303571	0
979	2981.603480516607	2445.71796356843	0
980	2981.602057186432	2445.711614052738	0
981	2981.793801890576	2450.390073805582	0
982	2981.788276290405	2450.377987440471	0
983	2981.86314346307	2451.892836569211	0
984	2981.793535800178	2450.388059364453	0
985	2981.850622043047	2451.953626675614	0
986	2981.858132938407	2451.954492492081	0
987	2981.957001201132	2453.403478344719	0
988	2981.957001200555	2453.403478343902	0
989	2982.204738594271	2454.80037704877	0
990	2981.95811917577	2453.418095440867	0
991	2982.210285617216	2454.811834268691	0
992	2982.209612628064	2454.823554586163	0
993	2982.953849398337	2457.687249694307	0
994	2982.95258993236	2457.660364710241	0
995	2983.404578359817	2459.065366937958	0
996	2982.951506850956	2457.686784922687	0
997	2983.399559457364	2459.057912264423	0
998	2983.406077326559	2459.060640662046	0
999	2984.591839299265	2461.761419382517	0
1000	2984.578158534903	2461.75261800176	0
1001	2986.189036503481	2464.844459139697	0
1002	2984.603998184858	2461.751080355754	0
1003	2986.187813778548	2464.844353269212	0
1004	2986.201658383759	2464.849210148055	0
1005	2987.128337342211	2465.961798329732	0
1006	2987.133696702702	2465.962808775107	0
1007	2988.044465415421	2467.169791638681	0
1008	2987.145776759228	2465.962317068465	0
1009	2988.048562842325	2467.177165241611	0
1010	2988.045932474497	2467.16867208725	0
1011	2989.405520079713	2468.050700464961	0
1012	2989.486833392607	2468.058750073451	0
1013	2991.110511973093	2470.477813299977	0
1014	2989.408710407148	2468.048174893135	0
1015	2991.117488028293	2470.498939401382	0
1016	2991.117820784732	2470.495743423996	0
1017	3021.697359395467	2506.529300881104	0
1018	3021.673089773639	2506.555267723245	0
1019	3022.687919446556	2507.642431244417	0
1020	3021.684185431177	2506.543152244617	0
1021	3022.702006911917	2507.64182010514	0
1022	3022.725960825057	2507.644530640036	0
1023	3070.683089324849	2543.154397863026	0
1024	3068.852283376388	2543.778106627806	0
1025	3117.077235745282	2552.774065600614	0
1026	3070.692308593962	2543.141209777811	0
1027	3117.200150849641	2552.711015073442	0
1028	3117.242792373736	2552.718862153888	0
1029	3148.384853311818	2552.283259360726	0
1030	3148.369344425832	2552.294425691087	0
1031	3149.890225105281	2552.324065031609	0
1032	3148.325872763124	2552.296146198994	0
1033	3149.874610839233	2552.333330570435	0
1034	3149.87965502434	2552.328913604951	0
1035	3171.931638008251	2548.71794990668	0
1036	3171.909387720284	2548.739705232814	0
1037	3173.269419186862	2548.450232504446	0
1038	3173.275737721661	2548.447302232057	0
1039	3175.238248803931	2547.845802443847	0
1040	3173.21255238659	2548.494787497188	0
1041	3175.24194940328	2547.836627103891	0
1042	3175.225753915262	2547.843071653004	0
1043	3177.499476137377	2547.002918760089	0
1044	3177.532626490016	2546.994636360031	0
1045	3180.187523178784	2545.831392861965	0
1046	3180.115546209334	2545.869212715054	0
1047	3182.284924005096	2544.971060832002	0
1048	3182.307117541014	2544.962911499729	0
1049	3186.254415417625	2543.02434473169	0
1050	3180.636734778118	2546.105918363738	0
1051	3185.828180137309	2543.318936778528	0
1052	3186.208499009251	2543.064336781271	0
1053	3188.457141695279	2541.745276746928	0
1054	3187.74804345854	2542.250494846983	0
1055	3192.291071161391	2539.222072117102	0
1056	3188.366427104581	2541.844210959278	0
1057	3189.731413261467	2541.104526380818	0
1058	3188.438733000708	2541.76288807424	0
1059	3191.28353788555	2539.944960105221	0
1060	3191.262590728221	2539.956896241919	0
1061	3193.442379843409	2538.473561450384	0
1062	3193.361049442549	2538.541175646029	0
1063	3194.496726444465	2537.626601898749	0
1064	3192.242781286366	2538.835897441946	0
1065	3194.65863	2537.774865351572	0
1066	3194.472312419729	2537.647962808986	0
1067	3583.296849388221	2239.32579043306	0
1068	3205.127571769382	2228.572750216003	0
1069	3222.845551397903	2216.095950214518	0
1070	3222.861916004233	2216.091934778754	0
1071	3191.122168664874	2225.453455412808	0
1072	3191.071050406049	2225.470914877991	0
1073	3185.123089803243	2226.776035067795	0
1074	3191.171997792094	2225.422736653096	0
1075	3185.127070431309	2226.777563377631	0
1076	3185.12417786063	2226.779490219995	0
1077	3106.486674040459	2233.895629031968	0
1078	3185.163363477125	2226.773578036358	0
1079	3106.696467103477	2244.787935976465	0
1080	3106.690223508223	2244.778869281999	0
1081	3107.089545013443	2245.175529475833	0
1082	3107.096585038849	2245.171735455095	0
1083	3105.737147479292	2246.029167699488	0
1084	3105.728372419988	2246.039304483214	0
1085	3104.393022187927	2245.623660503881	0
1086	3105.760931055918	2245.930836662205	0
1087	3104.442903928196	2245.622645599178	0
1088	3104.390916420111	2245.612395619143	0
1089	3105.432712041354	2244.744826581926	0
1090	3105.426434624739	2244.745890432596	0
1091	3100.921289047593	2244.427567289324	0
1092	3105.058329185705	2244.690937430814	0
1093	3100.907871058175	2244.420232511099	0
1094	3100.924452721813	2244.423817569876	0
1095	3041.067955244555	2202.637235069158	0
1096	3105.846196392695	2233.791364840352	0
1097	3107.129313724562	2234.005854303119	0
1098	3106.483383906508	2233.896910894809	0
1099	3105.635352590572	2233.773039286105	0
1100	3105.630600960366	2233.754022440591	0
1101	3102.324022846723	2233.488411658984	0
1102	3102.280459435169	2233.491563531542	0
1103	3100.789152936343	2233.236048921148	0
1104	3102.317290064337	2233.488332250059	0
1105	3100.770076739228	2233.221502215829	0
1106	3100.770217167536	2233.225488112351	0
1107	3098.255029082699	2232.747154276956	0
1108	3098.300068048758	2232.758407902241	0
1109	3095.358916150823	2232.101828604489	0
1110	3098.226700498562	2232.734969711943	0
1111	3095.294446834461	2232.086009446484	0
1112	3095.300123920882	2232.074792535587	0
1113	3077.327189821576	2225.440433809346	0
1114	3077.328191358954	2225.441150731646	0
1115	3073.286165863686	2223.826835821062	0
1116	3073.288737704052	2223.828764638926	0
1117	3063.617471695739	2220.004353211073	0
1118	3063.318543964977	2219.923976742171	0
1119	3063.205310736698	2219.866446320648	0
1120	3063.59811205989	2219.980741792805	0
1121	3061.426023444367	2218.886302312198	0
1122	3060.989143029103	2218.775722556191	0
1123	3056.103676727855	2216.317514004109	0
1124	3061.39495433176	2218.870305808988	0
1125	3056.098212453743	2216.281045556103	0
1126	3056.085061347551	2216.309014247353	0
1127	3051.82529503871	2213.482779767449	0
1128	3051.814133140862	2213.4983489851	0
1129	3050.692979926733	2212.730699885711	0
1130	3050.675829420943	2212.716813013738	0
1131	3048.417789878103	2211.181916139933	0
1132	3048.427124808424	2211.18961084962	0
1133	3047.124020099997	2210.047304333028	0
1134	3048.283954901773	2211.199531293227	0
1135	3047.11442287586	2210.044281736479	0
1136	3047.08069325057	2210.04378099657	0
1137	3044.980950187437	2207.777870565124	0
1138	3044.955464960653	2207.792329901869	0
1139	3043.908592719346	2206.615451031096	0
1140	3044.954418955525	2207.766712277048	0
1141	3043.898498299044	2206.617129894552	0
1142	3043.90520452338	2206.621336195218	0
1143	3041.907919485465	2204.039655445436	0
1144	3041.891223810105	2204.104466109853	0
1145	3041.802147619135	2203.93080376569	0
1146	3041.902007384361	2204.027157644593	0
1147	3041.092445077842	2202.652692801073	0
1148	3040.964393672944	2202.595404728952	0
1149	3039.192708435111	2200.170386611062	0
1150	3041.10043300638	2202.667100530648	0
1151	3039.366920239676	2200.311310515488	0
1152	3039.369368553978	2200.318088370104	0
1153	3031.315368459735	2183.541077214853	0
1154	3030.525840863496	2183.497067356443	0
1155	3031.123885926183	2180.990224803164	0
1156	3031.316473268819	2183.533445746913	0
1157	3031.191283923377	2180.931242050825	0
1158	3031.188525963881	2180.934089838169	0
1159	3025.986072386315	2154.746696697357	0
1160	3223.124916874066	2215.990740421402	0
1161	3267.093424415257	2198.629151185846	0
1162	3025.984392938182	2154.744532002879	0
1163	3026.553642895936	2153.784084267421	0
1164	3026.553351096017	2153.789087854435	0
1165	3027.049445074458	2152.632832357521	0
1166	3027.012907221404	2152.637782020925	0
1167	3027.447628366413	2151.455032002667	0
1168	3027.044432227945	2152.63033791821	0
1169	3027.522518057827	2151.470502190478	0
1170	3027.522325036452	2151.466594622609	0
1171	3028.18994491392	2150.440943552799	0
1172	3028.168931841	2150.429565697576	0
1173	3029.565287241247	2148.390728900641	0
1174	3028.190782242757	2150.442588020899	0
1175	3029.589147603117	2148.413811177619	0
1176	3029.599140396357	2148.411743616838	0
1177	3029.835086221084	2147.220450114096	0
1178	3029.831026183315	2147.234067795147	0
1179	3032.784906849921	2144.767020004938	0
1180	3583.954408155509	2238.819729294581	0
1181	3403.85177213327	2433.43162263368	0
1182	3403.808300518895	2433.45400430572	0
1183	3402.207689379728	2438.923680160341	0
1184	3403.862193141837	2433.422967232957	0
1185	3402.46643306224	2438.722272616842	0
1186	3402.466433061761	2438.72227261772	0
1187	3400.359066534583	2442.530114653553	0
1188	3400.351148604053	2442.52709105741	0
1189	3399.514598538684	2444.117238152227	0
1190	3400.33778982811	2442.574444014514	0
1191	3399.563390117588	2444.086337021892	0
1192	3399.564222721211	2444.086632481778	0
1193	3387.430877429487	2474.72060684098	0
1194	3387.428740549648	2474.726046920695	0
1195	3379.246377156807	2500.740283595918	0
1196	3379.243932427188	2500.739722819474	0
1197	3377.926932388891	2503.843094608084	0
1198	3377.948398316134	2503.844618424358	0
1199	3377.065024531149	2505.606479829788	0
1200	3376.605301321258	2505.993173439961	0
1201	3375.560968728823	2507.682757583867	0
1202	3377.060102214452	2505.616247023649	0
1203	3376.676946487956	2506.93151711983	0
1204	3376.682581624636	2506.904722084751	0
1205	3375.698216267409	2508.275433611828	0
1206	3375.687904369296	2508.302437883407	0
1207	3373.669013979118	2513.504387956974	0
1208	3375.55126157735	2508.352385656086	0
1209	3373.198382116638	2513.9500439026	0
1210	3373.671973685202	2513.492485063885	0
1211	3373.159823962217	2514.652130143085	0
1212	3372.496693714022	2515.196640985645	0
1213	3372.249439402838	2516.098019044792	0
1214	3373.149439693798	2514.672402901094	0
1215	3372.281326298196	2516.089761114429	0
1216	3372.278961606401	2516.084098601919	0
1217	3371.805628686149	2517.240841298693	0
1218	3371.255660164978	2517.636972247861	0
1219	3368.777132585552	2521.361558539139	0
1220	3371.810363217099	2517.229262050315	0
1221	3369.732507779539	2520.572319601539	0
1222	3369.718153558094	2520.589757184425	0
1223	3369.596273057032	2521.802711738619	0
1224	3369.490418447877	2521.9723213837	0
1225	3368.948914571925	2523.310214864737	0
1226	3369.598949538963	2521.815776411852	0
1227	3369.120677272707	2523.105764207538	0
1228	3369.124345723141	2523.101648739359	0
1229	3366.076022222789	2528.011606068251	0
1230	3366.067897286192	2528.024432242471	0
1231	3364.930629153889	2529.134553387649	0
1232	3366.07602934129	2528.011609896351	0
1233	3365.126274126057	2528.97171666862	0
1234	3365.130815621023	2528.975556230181	0
1235	3357.237945949922	2536.637170668278	0
1236	3357.225399465759	2536.642387561828	0
1237	3355.332192525176	2538.520929214477	0
1238	3355.336185340634	2538.522129102658	0
1239	3355.331349249226	2538.216219282444	0
1240	3355.327400230661	2538.218141862668	0
1241	3350.369643189101	2540.673556276652	0
1242	3350.682942549626	2540.586294890471	0
1243	3350.71728060126	2541.418505401195	0
1244	3350.625469673577	2541.429206995372	0
1245	3349.97485043497	2540.901218856149	0
1246	3350.699703953112	2541.430888222321	0
1247	3350.051232427767	2540.794048589469	0
1248	3350.351968681862	2540.694548586383	0
1249	3344.865092802924	2542.270801902807	0
1250	3344.86247960913	2542.275603164786	0
1251	3341.556714450154	2542.177789389626	0
1252	3344.660143112974	2542.399440355575	0
1253	3341.572280824385	2542.257783577846	0
1254	3341.549293367592	2542.186156214021	0
1255	3340.376726315948	2542.031029361331	0
1256	3340.372571936792	2542.032603571126	0
1257	3334.579076257466	2541.314954113818	0
1258	3340.373457156945	2542.05870436629	0
1259	3334.566251073301	2541.316231926972	0
1260	3334.581202363015	2541.31267493331	0
1261	3275.516820513399	2482.866309328368	0
1262	3387.409665369726	2474.738644524959	0
1263	3355.813194112212	2374.726910529878	0
1264	3275.518317822382	2482.878185735415	0
1265	3275.6257535949	2481.609145957368	0
1266	3275.293731181544	2482.943858345679	0
1267	3275.73062973973	2481.162034716996	0
1268	3275.623583483035	2481.597883406364	0
1269	3269.641966136118	2415.187750994761	0
1270	3269.303902402125	2415.036548336346	0
1271	3266.738041502877	2415.338618730455	0
1272	3269.653845702735	2415.200797930197	0
1273	3267.209904711451	2414.866837757603	0
1274	3267.216402810608	2414.871284704051	0
1275	3242.22974590946	2387.843825900975	0
1276	3242.233209575372	2387.610850918592	0
1277	3239.392719829208	2389.131897892196	0
1278	3242.23237214907	2387.846267624711	0
1279	3240.967716022576	2387.619048503329	0
1280	3240.957691385009	2387.597812693658	0
1281	3210.796561471366	2335.515848081401	0
1282	3210.785202736112	2335.525211787335	0
1283	3210.050428870991	2334.223022849897	0
1284	3210.800352595378	2335.516862193458	0
1285	3210.03399739822	2334.232942218226	0
1286	3210.034339967293	2334.223903111442	0
1287	3186.187269348223	2277.649479341445	0
1288	3186.10985929565	2277.778009219109	0
1289	3185.993215980422	2277.680474702919	0
1290	3186.170329081952	2277.628091927667	0
1291	3184.328123952045	2271.574141651076	0
1292	3184.677446062332	2272.698088774368	0
1293	3183.610273323106	2269.78234755168	0
1294	3184.332589509782	2271.555521945005	0
1295	3183.775119831625	2269.956122007236	0
1296	3183.75226311173	2269.922793973955	0
1297	3177.366715335999	2248.221440630399	0
1298	3184.127028621447	2271.015770487361	0
1299	3182.599684629806	2268.379391868411	0
1300	3182.586432920501	2268.38427291766	0
1301	3180.139860557051	2261.540105671766	0
1302	3182.60051904494	2268.379904004516	0
1303	3180.173008721519	2261.557323069909	0
1304	3180.169790133854	2261.547298242035	0
1305	3179.473481700931	2259.605863521142	0
1306	3179.468528688877	2259.594922360136	0
1307	3178.215285943503	2254.726949820702	0
1308	3179.469490921089	2259.581885839365	0
1309	3178.961786896984	2257.609999814863	0
1310	3178.949328603753	2257.593942031855	0
1311	3178.477585946896	2255.829303301202	0
1312	3178.401874182977	2255.843685754792	0
1313	3178.170141101752	2254.569434035861	0
1314	3178.483150176724	2255.858241434042	0
1315	3178.17468944447	2254.547098967688	0
1316	3178.182362753061	2254.549240981866	0
1317	3177.374550448716	2248.337939056461	0
1318	3177.373070151387	2248.307811364821	0
1319	3171.335275463958	2231.199057849692	0
1320	3177.389556999221	2248.472608085219	0
1321	3172.858381082113	2230.788594479533	0
1322	3183.62044167253	2212.302262830246	0
1323	3180.357854682029	2219.206722441559	0
1324	3334.083018838097	2182.430663210613	0
1325	3063.816166272628	2185.131003613145	0
1326	3063.307439330603	2185.14880068648	0
1327	3060.272424695436	2184.870697834096	0
1328	3063.957801657856	2185.125189969008	0
1329	3060.46354621044	2184.853386167375	0
1330	3060.525601187729	2184.855316441784	0
1331	3030.192319488735	2181.288387056979	0
1332	3026.853035190758	2181.15835105768	0
1333	3007.803209765029	2169.158678204064	0
1334	3030.27254170185	2181.293828403431	0
1335	3008.560342480088	2169.353619033168	0
1336	3008.546368537219	2169.351021453489	0
1337	3006.694659094299	2167.328960309191	0
1338	3006.5900043873	2167.314211398472	0
1339	3005.806372572461	2166.218271847941	0
1340	3006.711195665538	2167.332159774796	0
1341	3005.845548096387	2166.237391449265	0
1342	3005.848960019854	2166.238548296408	0
1343	3019.33012150495	2154.970893607674	0
1344	3019.316274797199	2154.962308988608	0
1345	3023.474810364676	2154.314269146172	0
1346	3019.324004929288	2154.974562147407	0
1347	3023.812988367571	2154.377379970461	0
1348	3023.828796732231	2154.381532027023	0
1349	3025.950879453745	2154.747121439049	0
1350	3355.852567911069	2374.714199895378	0
1351	3269.711902568325	2415.137014413059	0
1352	3267.109948391629	2198.620433801578	0
1353	3269.835458665206	2197.546025964779	0
1354	3269.954841900919	2197.505832537722	0
1355	3272.890358429803	2196.380692352486	0
1356	3272.900744852904	2196.376883734755	0
1357	3278.663064819014	2194.288339886956	0
1358	3270.850253390554	2197.198309912194	0
1359	3273.540861688422	2196.169593570316	0
1360	3272.953261822412	2196.355044715253	0
1361	3275.777508315261	2195.282760155786	0
1362	3275.798487909768	2195.284172230177	0
1363	3278.880073497419	2194.213009177373	0
1364	3275.981030438427	2195.242589324271	0
1365	3278.758963987771	2194.247504135841	0
1366	3278.761923177722	2194.258524553499	0
1367	3279.281020608049	2194.065353290834	0
1368	3279.34907171566	2194.028407483553	0
1369	3279.286897482585	2194.061474087843	0
1370	3279.382965318578	2194.028331811825	0
1371	3282.531884875263	2193.010308238699	0
1372	3282.914010138884	2192.878206279474	0
1373	3284.979040176614	2192.106863095168	0
1374	3282.40182382619	2193.029559463956	0
1375	3284.627607029463	2192.172886413773	0
1376	3282.526213571155	2193.014385955075	0
1377	3289.764601367378	2190.818995029526	0
1378	3284.627310244242	2192.175451664687	0
1379	3286.453415489206	2191.547768281099	0
1380	3286.495888702018	2191.530953643309	0
1381	3288.407658271522	2190.972570812572	0
1382	3286.486460305505	2191.5396109579	0
1383	3288.84786385314	2190.834121372073	0
1384	3288.451100051695	2190.966890601311	0
1385	3289.758074770599	2190.82146649703	0
1386	3289.826704663282	2190.798880363525	0
1387	3292.032489154072	2190.221317517212	0
1388	3289.890886586105	2190.735523032762	0
1389	3293.069512016527	2189.731123369227	0
1390	3291.960347029906	2190.237389472091	0
1391	3298.460330557138	2188.579617102591	0
1392	3292.02804283363	2190.219165841884	0
1393	3294.659182273141	2189.471280391021	0
1394	3294.669006398702	2189.470679396443	0
1395	3296.946034834777	2189.028348732509	0
1396	3294.671650017872	2189.451323715966	0
1397	3297.094154446639	2189.012931935892	0
1398	3297.114259680019	2189.000010377408	0
1399	3298.466716283435	2188.575390271647	0
1400	3298.482098481299	2188.574822131597	0
1401	3300.460596155614	2188.098867122652	0
1402	3298.55194092531	2188.552531669373	0
1403	3300.657405091275	2188.06414301554	0
1404	3300.480273164519	2188.0971104051	0
1405	3302.423082585491	2187.640308392614	0
1406	3302.426422514155	2187.631432465668	0
1407	3306.201820444919	2186.701073487351	0
1408	3302.429000476017	2187.637818289534	0
1409	3306.179881270159	2186.718354967715	0
1410	3304.389668453176	2187.26569031153	0
1411	3307.766997066376	2186.449902184762	0
1412	3306.195666048476	2186.710892947363	0
1413	3307.956912814762	2186.358970324941	0
1414	3308.012050007013	2186.345929272211	0
1415	3309.993533513603	2185.916084935027	0
1416	3309.976068706268	2185.914722088052	0
1417	3311.873929553274	2185.555361420818	0
1418	3310.165565406946	2185.867979880442	0
1419	3313.193804475089	2185.629760010127	0
1420	3311.867146597947	2185.555937640233	0
1421	3313.772769221006	2185.195919527655	0
1422	3313.777536825675	2185.190105101725	0
1423	3315.708595976587	2184.832534144113	0
1424	3315.715925215948	2184.836361064838	0
1425	3317.515787901878	2184.561122784264	0
1426	3315.767664608809	2184.823614177639	0
1427	3319.365443282973	2184.380014533891	0
1428	3314.099266143056	2185.230196719635	0
1429	3320.200323910439	2184.6721655835	0
1430	3319.368365078298	2184.379928981676	0
1431	3320.835667630558	2184.513110949844	0
1432	3317.53355046555	2184.559278112004	0
1433	3321.678004628986	2183.877491779323	0
1434	3320.832266324183	2184.517663900229	0
1435	3322.46326791611	2183.757020807454	0
1436	3321.683087656997	2183.876701033245	0
1437	3323.496173029073	2183.635513084989	0
1438	3323.26806023001	2183.634747383272	0
1439	3324.629717745339	2183.459308047819	0
1440	3323.484725751157	2183.636363079661	0
1441	3324.882005404773	2183.418444393885	0
1442	3324.938567091364	2183.417861848593	0
1443	3329.994670511009	2182.758939389636	0
1444	3324.214966358426	2183.566689636415	0
1445	3328.244283514495	2183.176497435018	0
1446	3328.23693014944	2183.172626127187	0
1447	3330.425584033425	2182.987294604264	0
1448	3329.988410674731	2182.762212464461	0
1449	3330.889436751191	2182.80312504851	0
1450	3329.193756697928	2183.167986847782	0
1451	3267.434066618062	2198.518450954195	0
1452	3335.860029448205	2182.657510235046	0
1453	3332.95841524947	2182.682077637665	0
1454	3330.889589107172	2182.800793656425	0
1455	3333.985334156688	2182.299189275382	0
1456	3332.030835833541	2182.490212373561	0
1457	3334.121499744352	2182.279527624619	0
1458	3333.976507954227	2182.301254186634	0
1459	3336.254386254777	2182.152334477964	0
1460	3336.290289364313	2182.149649744566	0
1461	3337.269811147742	2181.971403384623	0
1462	3337.289762108635	2181.967962758265	0
1463	3343.115325527376	2181.892696002884	0
1464	3336.424069369226	2182.214527134116	0
1465	3355.484110528697	2181.960182938911	0
1466	3355.221553299314	2181.93655566113	0
1467	3343.970445472335	2181.905753593706	0
1468	3343.970445471336	2181.905753593689	0
1469	3343.448895190471	2180.968925392034	0
1470	3343.455469197982	2180.966597664375	0
1471	3348.976398638768	2180.401940035708	0
1472	3343.580472770323	2181.147082179062	0
1473	3349.455166814356	2180.611892073277	0
1474	3348.997330411861	2180.402816626456	0
1475	3350.245460143466	2180.251487632289	0
1476	3350.250028978111	2180.251977273414	0
1477	3351.41574617458	2179.882761001895	0
1478	3350.258589835601	2180.263128790077	0
1479	3351.432945748009	2179.888859364333	0
1480	3351.443801185398	2179.873520138829	0
1481	3368.354512137281	2180.53153073474	0
1482	3368.308949916572	2180.536426182122	0
1483	3362.884186064648	2181.549088131097	0
1484	3369.611593792137	2180.392083100052	0
1485	3365.362869813909	2181.446164347691	0
1486	3362.857318124371	2181.550690279044	0
1487	3348.721478718793	2182.287833566414	0
1488	3350.561515800745	2182.186527596681	0
1489	3401.776003216345	2181.15842692358	0
1490	3348.525506874568	2182.301010492361	0
1491	3348.329854069641	2182.252458279053	0
1492	3348.277746474749	2182.255950213219	0
1493	3362.505106339795	2182.21991507437	0
1494	3362.44070679674	2182.223550941331	0
1495	3380.094011783031	2181.899347061928	0
1496	3363.521654370055	2182.19972138305	0
1497	3381.46458588279	2181.869736250722	0
1498	3380.103397593275	2181.899046793315	0
1499	3384.46199932902	2181.840042515342	0
1500	3384.397775419285	2181.843133346464	0
1501	3392.933182182649	2181.763992153073	0
1502	3395.077764555223	2181.653593999363	0
1503	3397.644370421733	2181.675170412397	0
1504	3393.023042899901	2181.760728102424	0
1505	3396.524767087913	2181.730312467404	0
1506	3396.532145957367	2181.730371853191	0
1507	3399.633651259332	2181.771217161165	0
1508	3399.082566911037	2181.647472365839	0
1509	3407.109717111111	2181.820554073671	0
1510	3399.619886795551	2181.771381036594	0
1511	3402.169667853418	2181.805379309848	0
1512	3400.449925513052	2181.74477855966	0
1513	3405.900169598623	2181.974102152655	0
1514	3402.218967376348	2181.797381726645	0
1515	3404.90592905665	2181.8756940033	0
1516	3404.881968333279	2181.874892669584	0
1517	3424.12937839029	2182.437984945052	0
1518	3424.182692075449	2182.443426337028	0
1519	3431.102149225693	2182.766963891996	0
1520	3426.388170221709	2182.270933026963	0
1521	3431.96341019614	2182.701139889886	0
1522	3431.159590393166	2182.763437992194	0
1523	3433.632808905797	2182.871405872571	0
1524	3433.84084624971	2182.88585934333	0
1525	3434.53548897201	2182.874861148096	0
1526	3433.63662619851	2182.871477882358	0
1527	3437.496874749962	2183.064901180272	0
1528	3437.503752071652	2183.068089593557	0
1529	3441.65063707044	2183.362402105381	0
1530	3438.070346341234	2183.045829500937	0
1531	3442.432277944874	2183.34185743853	0
1532	3441.643377254806	2183.361873668103	0
1533	3443.944106013547	2183.509378571906	0
1534	3443.974632284137	2183.516336149038	0
1535	3446.055596972304	2183.696793134977	0
1536	3446.293209782482	2183.804032289033	0
1537	3446.568407071536	2183.688996845188	0
1538	3446.052295831557	2183.696518309467	0
1539	3448.355890258772	2183.941784838742	0
1540	3448.347493180881	2183.943186088092	0
1541	3455.026205411029	2184.631349951037	0
1542	3455.024462523623	2184.6353338423	0
1543	3460.001415589519	2185.141628047475	0
1544	3460.040722567047	2185.120052774839	0
1545	3460.06191405777	2185.090644979124	0
1546	3460.03247570139	2185.140008351694	0
1547	3461.841871894822	2185.429207545812	0
1548	3461.830891070042	2185.424028499976	0
1549	3463.9115606111	2185.680131152486	0
1550	3462.615376807321	2185.384543227563	0
1551	3464.082188607745	2185.549854752046	0
1552	3463.942756512238	2185.682990555126	0
1553	3467.733322516551	2186.210427958968	0
1554	3467.795646086076	2186.214400236306	0
1555	3469.652938567646	2186.504777081702	0
1556	3467.768626554172	2186.103973237549	0
1557	3468.874703874182	2186.450927572699	0
1558	3469.667033476722	2186.507485951504	0
1559	3471.598953620528	2186.829298289282	0
1560	3471.610503616845	2186.201505545706	0
1561	3471.83446464832	2186.829860095417	0
1562	3471.592777689716	2186.829019501339	0
1563	3475.13303691504	2187.482465621859	0
1564	3475.128548460903	2187.480244131833	0
1565	3478.752583247342	2188.064864251584	0
1566	3475.463869055575	2187.419764024361	0
1567	3478.822154992119	2188.122880035521	0
1568	3478.7581936703	2188.071047288416	0
1569	3480.580699299077	2188.424108286385	0
1570	3480.575160258706	2188.42463743281	0
1571	3487.476222507365	2189.805088442667	0
1572	3480.357982166806	2188.266682829924	0
1573	3484.844326222324	2193.030572520335	0
1574	3487.563651601755	2189.820653051537	0
1575	3489.346550473826	2190.185253060371	0
1576	3489.342043615779	2190.187091350035	0
1577	3494.584266575316	2191.406492028503	0
1578	3489.385322129956	2190.18306248052	0
1579	3494.466616060196	2191.415929470644	0
1580	3494.624701182027	2191.431883283135	0
1581	3496.377465253743	2191.788623171389	0
1582	3496.386488764096	2191.788645731047	0
1583	3499.825338590091	2192.614521164125	0
1584	3496.489465348692	2191.823240266602	0
1585	3499.667263562194	2192.722516564944	0
1586	3499.882757999292	2192.621309734393	0
1587	3501.659301060652	2192.949424813373	0
1588	3501.677937763944	2192.962412976094	0
1589	3503.357120976925	2193.329879484725	0
1590	3501.214437198882	2193.010717895219	0
1591	3503.51286847364	2193.337057212545	0
1592	3503.211090205272	2193.290058920619	0
1593	3503.318677910719	2193.347522239621	0
1594	3503.379951506907	2193.334489206142	0
1595	3505.000532348362	2193.846270979938	0
1596	3505.019673657398	2193.86116691069	0
1597	3506.635114306293	2194.295906909396	0
1598	3506.661511817619	2194.302777549935	0
1599	3508.405516576639	2194.753068769453	0
1600	3505.014982729042	2193.826204413384	0
1601	3506.654695467109	2194.266128585204	0
1602	3506.660139809019	2194.262055815975	0
1603	3508.560235261562	2194.678276129344	0
1604	3508.473835741245	2194.773993496237	0
1605	3510.183572148565	2195.167966367338	0
1606	3510.1693148994	2195.164261074217	0
1607	3514.940387030828	2196.891019320081	0
1608	3508.698211350303	2194.593462093353	0
1609	3510.610589459177	2194.864690422256	0
1610	3510.648333554589	2194.86266386994	0
1611	3512.346098727929	2194.757085228601	0
1612	3512.332868486624	2194.778047481851	0
1613	3513.402447019876	2195.605948037936	0
1614	3512.326505696824	2194.77348566719	0
1615	3514.097670349493	2195.355943741554	0
1616	3513.413356125903	2195.606600456412	0
1617	3514.884520792776	2196.699386750054	0
1618	3515.003221250201	2196.907908938605	0
1619	3516.493142278249	2197.498037315114	0
1620	3516.491105530594	2197.498920604509	0
1621	3518.125949054773	2198.053558756023	0
1622	3514.902756355578	2196.70539738689	0
1623	3516.473501601372	2197.463104263291	0
1624	3516.488249513882	2197.500346236954	0
1625	3518.131068128998	2198.050680800703	0
1626	3518.128004435615	2198.053251989157	0
1627	3522.755748024324	2200.091220732103	0
1628	3522.749536447955	2200.047756706603	0
1629	3522.730436282884	2200.121317770674	0
1630	3522.755748025286	2200.091220732373	0
1631	3524.412256920685	2200.641777573401	0
1632	3523.978352055592	2200.945165914974	0
1633	3525.840300010819	2201.257492986836	0
1634	3524.41456541401	2200.648608090956	0
1635	3526.188968931697	2201.241846419636	0
1636	3526.14352960082	2201.238543758976	0
1637	3527.706381077417	2201.815591752831	0
1638	3527.631630981807	2201.924342931311	0
1639	3535.367404855627	2205.564777142799	0
1640	3527.743868136353	2201.814759254162	0
1641	3534.285424500209	2204.47456777194	0
1642	3534.274923548513	2204.465670622128	0
1643	3535.64907922009	2205.407384161068	0
1644	3535.624848324622	2205.417605932285	0
1645	3548.923783527616	2211.171735762207	0
1646	3549.001018967888	2211.168965613652	0
1647	3549.054401237217	2211.251980510491	0
1648	3534.263392117711	2204.458738042294	0
1649	3548.815019206849	2211.257324660518	0
1650	3548.920771902031	2211.201221867029	0
1651	3550.723404260447	2211.827961068865	0
1652	3550.628494949076	2211.93787630896	0
1653	3554.132681282259	2213.339399632149	0
1654	3550.728187570498	2211.833672286829	0
1655	3554.382955211539	2213.227557437551	0
1656	3554.460137065613	2213.243798829757	0
1657	3555.997062707246	2214.118083899876	0
1658	3555.998701812484	2214.115904391044	0
1659	3557.779009393944	2214.839330865763	0
1660	3555.99624473916	2214.127869981692	0
1661	3557.762484396999	2214.856164834074	0
1662	3557.779009393363	2214.839330866578	0
1663	3584.368423142289	2238.508591812151	0
1664	3584.894043577042	2238.00721531827	0
1665	3388.150767177446	2358.744442656502	0
1666	3584.376967915844	2238.501079133894	0
1667	3637.935818710484	2202.08246657658	0
1668	3637.757365025438	2202.192216770588	0
1669	3692.334890457266	2187.026163688053	0
1670	3660.692936639137	2193.653029812992	0
1671	3258.180152750263	2206.954738351317	0
1672	3354.769955694007	2229.383539362355	0
1673	4135.10437951213	2867.737014562212	0
1674	3388.135577685083	2358.762205722952	0
1675	3355.855361263803	2374.718107143926	0
1676	3692.276301626248	2187.036679490063	0
1677	3642.694732292864	2199.673817632011	0
1678	3642.765215439711	2199.652384761231	0
1679	3648.661790637117	2196.05065549938	0
1680	3648.647764996677	2196.052009467337	0
1681	3646.451197622889	2195.699133212896	0
1682	3646.422586969235	2195.7131437557	0
1683	3652.253378715055	2191.776055848215	0
1684	3652.240150348654	2191.779119188824	0
1685	3674.874680171258	2176.451986382268	0
1686	3674.841328452499	2176.460121762873	0
1687	3679.079183934567	2175.402501190917	0
1688	3679.093487093137	2175.389135171882	0
1689	3668.440548440124	2175.850634462653	0
1690	3645.543279591288	2176.147512477186	0
1691	3189.067035878166	2212.031749913785	0
1692	3679.165074288491	2175.39430653181	0
1693	3680.45237179497	2175.614845461178	0
1694	3668.507719951263	2175.844465794977	0
1695	3690.406397614892	2171.729584751466	0
1696	3690.42873012782	2171.728544490517	0
1697	3727.279047174794	2173.500191765259	0
1698	3690.396291404821	2171.731698236949	0
1699	3704.863651137549	2163.742629570345	0
1700	3705.065717708954	2163.780453640934	0
1701	3704.155094735301	2163.81810687153	0
1702	3705.838519786036	2163.678944198368	0
1703	3684.896149764704	2164.795319237271	0
1704	3684.894607651232	2164.800060462273	0
1705	3702.616770083157	2164.013999413779	0
1706	3702.59925028205	2164.017841561273	0
1707	3701.486746708651	2163.994731488292	0
1708	3701.545084624416	2163.987396075657	0
1709	2883.774485246392	2223.625128774328	0
1710	2883.698759721051	2223.623292977043	0
1711	3364.099813567625	2281.080519812525	0
1712	3363.059860908036	2280.662144814153	0
1713	3363.999807377951	2281.247264874953	0
1714	3364.227247103421	2281.650164093064	0
1715	3388.137222665611	2358.753761270985	0
1716	3364.153187166612	2281.080867119271	0
1717	3376.486250265422	2283.848107853004	0
1718	3376.960124114175	2283.891474249833	0
1719	3382.708646995115	2285.118086737052	0
1720	3376.333665455903	2283.827810654284	0
1721	3381.703829476103	2284.953372783169	0
1722	3381.753600282905	2284.969363041791	0
1723	3385.939226989215	2285.975163815421	0
1724	3386.655329373593	2286.140884200698	0
1725	3390.852298347191	2287.05559779547	0
1726	3385.893776909626	2285.962228564528	0
1727	3390.510777873537	2286.982157628953	0
1728	3390.518752571556	2286.976951639447	0
1729	3392.157220445444	2287.318701145102	0
1730	3392.070402840322	2287.270667515696	0
1731	3394.063092024227	2287.504785939831	0
1732	3392.164691459032	2287.319150349525	0
1733	3394.331767523917	2287.619570294339	0
1734	3394.065912029599	2287.506311175214	0
1735	3417.954692061568	2267.626289619034	0
1736	3417.955434999139	2267.624647575413	0
1737	3418.125860834787	2266.324184075178	0
1738	3418.322556580121	2267.478056280237	0
1739	3418.227847003671	2266.283653219642	0
1740	3418.219341504928	2266.282132226307	0
1741	3418.710207204325	2265.252881385745	0
1742	3418.703085367601	2265.254601817131	0
1743	3418.689770655146	2263.91888126596	0
1744	3418.735031473286	2265.270422809868	0
1745	3418.770260400514	2263.905537785598	0
1746	3418.689770655984	2263.918881266507	0
1747	3418.08619382431	2262.577150015882	0
1748	3418.05999809646	2262.573850413733	0
1749	3416.854936629871	2261.451195734906	0
1750	3418.30785457444	2262.630533933262	0
1751	3416.887420912805	2261.447557419204	0
1752	3416.897015242108	2261.453634780767	0
1753	3346.244947795939	2182.401896208376	0
1754	3704.878894350079	2163.735801758935	0
1755	3707.974027246871	2163.236964716484	0
1756	3727.322285290509	2173.806004859502	0
1757	3727.116855702778	2173.509124850656	0
1758	3727.13985268376	2173.509807380644	0
1759	3727.413917537656	2173.399495206987	0
1760	3708.014888435796	2163.229831366992	0
1761	3707.720549250843	2163.4803495659	0
1762	3727.410682624021	2173.477867860968	0
1763	3733.023620676843	2178.133952689685	0
1764	3706.628209899704	2163.613501918773	0
1765	3713.168892139884	2162.808317854733	0
1766	3713.242311088152	2162.793452158696	0
1767	3809.611326708575	2149.294240078147	0
1768	3809.646688976552	2149.290111616498	0
1769	3813.270987887208	2148.626952379596	0
1770	3733.025485039523	2178.16455710703	0
1771	3795.279045537864	2154.987203147019	0
1772	3795.274536388498	2154.989786585464	0
1773	3801.689775790188	2152.399843240744	0
1774	3795.216605247421	2155.040433085986	0
1775	3801.691018548025	2152.400972264345	0
1776	3801.690306945883	2152.40104887812	0
1777	3805.05282987455	2151.239318984527	0
1778	3804.94559887428	2151.255816444861	0
1779	3845.158691348125	2143.697814712846	0
1780	3805.188182274444	2151.20270466482	0
1781	3809.484392653954	2149.357939585019	0
1782	3809.531987310199	2149.343052007655	0
1783	3813.242387242547	2148.62987167698	0
1784	3813.301076281747	2148.638606705196	0
1785	3816.576499682577	2148.114437062184	0
1786	3813.239713358287	2148.631371514256	0
1787	3816.622001110039	2148.100260294054	0
1788	3816.603280415402	2148.106443382417	0
1789	3844.965653866643	2143.730809266337	0
1790	3845.056523482449	2143.71804464622	0
1791	3851.632408769954	2142.729864829615	0
1792	3851.435465965646	2142.751699707106	0
1793	3869.032354960659	2140.394603050949	0
1794	3851.703550597266	2142.719734053194	0
1795	3869.053296353021	2140.401780411146	0
1796	3869.099854777277	2140.383606102739	0
1797	3872.655831397951	2139.935383443034	0
1798	3872.539927864054	2139.954581197825	0
1799	3880.380845395227	2138.996438483525	0
1800	3872.77819343488	2139.928511131565	0
1801	3880.34046901082	2139.002660136317	0
1802	3880.346432638165	2139.002738613714	0
1803	3884.656356394429	2138.499821552942	0
1804	3884.638283865755	2138.503478914587	0
1805	3908.159296232054	2136.409038368048	0
1806	3884.699864204014	2138.496996684022	0
1807	3889.524775315777	2137.961688108808	0
1808	3889.277245275493	2137.989465449095	0
1809	3889.688423315674	2137.944250037556	0
1810	3889.499028878394	2137.965225774919	0
1811	3892.848891158298	2137.655888749686	0
1812	3892.760017396593	2137.671013673018	0
1813	3908.296036382188	2136.39142980861	0
1814	3908.34355042987	2136.390777274147	0
1815	4060.61118987907	2126.362269194745	0
1816	4060.678126451752	2126.374380808545	0
1817	4059.373606648803	2127.03369483459	0
1818	4059.373203838829	2127.062488448115	0
1819	3924.336825755387	2179.79028618688	0
1820	3924.383402102463	2179.852373637673	0
1821	3924.888800638989	2179.304481872749	0
1822	3923.973400247462	2180.088528987243	0
1823	3923.91232628654	2180.009587653181	0
1824	3923.787686895459	2180.067281105979	0
1825	3921.646460894107	2181.790132121213	0
1826	3921.583288837021	2181.816586285658	0
1827	3881.801018353999	2208.02098417725	0
1828	3881.762636957523	2208.03835842205	0
1829	3881.582715028654	2208.145786820157	0
1830	3881.690139741812	2208.106479018949	0
1831	3780.191100200636	2365.965337473616	0
1832	3780.193878229714	2365.958548379237	0
1833	3775.913752485048	2374.283293045725	0
1834	3780.217822806554	2365.952688686739	0
1835	3775.941150607731	2374.265872868395	0
1836	3775.916624520012	2374.278911886644	0
1837	3764.024138658185	2534.287270903826	0
1838	3764.023064880018	2534.2826672032	0
1839	3764.054603807484	2534.411607446406	0
1840	3764.047438682464	2534.42678991282	0
1841	3764.090821824988	2536.055921656025	0
1842	3764.06645962421	2536.038748143927	0
1843	3764.211334600212	2536.851165001047	0
1844	3764.087435017174	2536.060846698082	0
1845	3764.348949785039	2536.928582646683	0
1846	3764.351936285652	2536.939405826028	0
1847	3764.561134314396	2538.507770032287	0
1848	3764.567152862397	2538.518673482182	0
1849	3765.644643759128	2542.329160077353	0
1850	3764.565273209661	2538.500253031451	0
1851	3765.651647747866	2542.326888708305	0
1852	3765.638834004558	2542.339034482366	0
1853	3775.075464950413	2565.840401480599	0
1854	3775.078846215554	2565.841344295357	0
1855	3777.377001412248	2568.556308658505	0
1856	3775.061162399749	2565.865995387328	0
1857	3777.304161680258	2568.584575601556	0
1858	3777.392781755296	2568.56279504898	0
1859	3778.16935679476	2569.568884958711	0
1860	3778.248481108022	2569.533025584291	0
1861	3778.888154154547	2570.48865943475	0
1862	3778.160704293583	2569.5683700318	0
1863	3778.8761654	2570.504859501222	0
1864	3778.883645253283	2570.501429526753	0
1865	3992.21683687535	2666.778684899067	0
1866	3992.143291216011	2666.817082127058	0
1867	3989.303168799975	2669.253598683277	0
1868	3992.218437563656	2666.78497921879	0
1869	3990.800102505092	2668.866854179247	0
1870	3990.807307608979	2668.880917001103	0
1871	3987.310350563914	2669.826393938878	0
1872	3987.207383841328	2669.85868236034	0
1873	3980.535653334619	2673.396502103913	0
1874	3987.297184159612	2669.827048782795	0
1875	3980.504341369247	2673.026411372903	0
1876	3980.467748587851	2673.015652711383	0
1877	3920.877761194899	2674.317127929176	0
1878	3919.27168926184	2668.882449906785	0
1879	3732.562457016134	2178.005243255506	0
1880	3920.880506154082	2674.311784055089	0
1881	3969.798703973692	2821.364598377859	0
1882	3969.807140757183	2821.390396715308	0
1883	3973.598595432935	2832.524664752952	0
1884	3969.791980019091	2821.345606289816	0
1885	3973.705691106193	2832.222641401979	0
1886	3973.699039551485	2832.202840501299	0
1887	3975.111524466379	2835.061352486458	0
1888	3975.072705423398	2835.091358556055	0
1889	3975.982800835077	2836.217423829656	0
1890	3975.109680267344	2835.060746003507	0
1891	3975.988527004752	2836.192950778542	0
1892	3975.991765641	2836.193104660844	0
1893	4135.666224094813	2868.732944718262	0
1894	4135.633925545514	2868.732408764221	0
1895	4135.218509684594	2868.998394412404	0
1896	4133.821893659461	2869.551729982014	0
1897	4131.96918595527	2870.531475643042	0
1898	4133.996252794383	2869.246063391512	0
1899	4131.784772782306	2870.566187935106	0
1900	4131.899719348404	2870.526739230104	0
1901	4133.342950377791	2869.743031376124	0
1902	4133.309306595866	2869.742672668739	0
1903	4135.740997126225	2869.130864825827	0
1904	4135.235822028582	2868.996266724472	0
1905	4140.033989465907	2868.096288557085	0
1906	4139.567102978851	2868.048059326427	0
1907	4141.003101963975	2867.895556930931	0
1908	4140.116803157202	2868.108599549173	0
1909	4142.395188329833	2867.914549973436	0
1910	4141.110100368834	2867.88986558075	0
1911	4147.104230769179	2868.247915204507	0
1912	4147.137498018489	2868.244666547026	0
1913	4163.142234865069	2868.936735261258	0
1914	4148.24001607322	2868.241236836765	0
1915	4162.027675052465	2868.923890070227	0
1916	4163.117450735806	2868.941289523973	0
1917	4192.587597171554	2869.881772875317	0
1918	4192.61068027077	2870.018938155089	0
1919	4192.559510902953	2869.822015606881	0
1920	4192.596084132253	2869.877444817675	0
1921	4193.950483908566	2869.332107159227	0
1922	4193.961394912589	2869.351538536119	0
1923	4207.715388134231	2867.832102524933	0
1924	4193.955170842643	2869.331712048648	0
1925	4207.698745864339	2867.700904687502	0
1926	4207.68839331601	2867.701152997778	0
1927	4209.032739194331	2867.340736953777	0
1928	4209.033373690428	2867.339657678342	0
1929	4216.318116862528	2866.315868355456	0
1930	4209.028873312096	2867.342852648581	0
1931	4216.312389119272	2866.31812686357	0
1932	4216.321169358325	2866.310780580527	0
1933	4217.79201063155	2865.595276424277	0
1934	4217.793681765451	2865.594373262741	0
1935	4220.626965276359	2865.003626748784	0
1936	4217.803171921061	2865.606042877147	0
1937	4220.626470061265	2865.001579890184	0
1938	4220.633699161557	2865.005337636127	0
1939	4364.705761657649	2828.247394636388	0
1940	3992.437654744555	2668.395995483131	0
1941	4943.25949613406	2386.332050363329	0
1942	4364.646170305808	2828.272568314369	0
1943	4365.938833093609	2827.945910117519	0
1944	4364.710481710734	2828.246062625135	0
1945	4366.015410934824	2827.863051406537	0
1946	4366.029103926584	2827.80656291258	0
1947	4367.405848247217	2827.361470101701	0
1948	4367.409060087262	2827.389009650438	0
1949	4368.328002855778	2826.327508725634	0
1950	4367.405848247985	2827.361470101061	0
1951	4368.364157143329	2826.365312297678	0
1952	4368.331040213204	2826.328108782793	0
1953	4737.088588493993	2599.31797954951	0
1954	4736.117602636961	2600.671834385622	0
1955	4738.162511962486	2597.785512277474	0
1956	4737.480498016897	2598.768072253148	0
1957	4738.546867202202	2597.357029098962	0
1958	4738.565431381843	2597.340826800199	0
1959	4790.563697060867	2547.74107458823	0
1960	4790.499827734628	2547.803204214597	0
1961	4791.709499884928	2546.891147008347	0
1962	4790.567371668507	2547.751186167565	0
1963	4791.725864898552	2546.872468407416	0
1964	4791.725864899232	2546.872468406683	0
1965	4828.5179945646	2510.431645600973	0
1966	4828.483918220856	2510.461137015057	0
1967	4829.693299304472	2509.177745309005	0
1968	4828.52690115879	2510.432315382783	0
1969	4829.734932880194	2509.149927603994	0
1970	4829.6935317605	2509.173776474805	0
1971	4848.175414484043	2489.911382180737	0
1972	4848.136905166601	2489.918752479993	0
1973	4849.433529530981	2488.429228228792	0
1974	4848.184071139745	2489.905744636886	0
1975	4849.437601364907	2488.434081135535	0
1976	4849.439912559132	2488.431329923969	0
1977	4858.427808030261	2479.31543497637	0
1978	4858.427808029532	2479.315434977052	0
1979	4858.659272384275	2479.061004989227	0
1980	4858.507891712361	2479.238630154892	0
1981	4925.003254042635	2411.014857451279	0
1982	4925.033733472508	2411.00034569439	0
1983	4926.14297723124	2409.656904156233	0
1984	4925.193277023249	2410.786886798687	0
1985	4933.025248734253	2401.525865742492	0
1986	4933.001887041382	2401.548233586323	0
1987	4935.396014888225	2398.436277194832	0
1988	4932.929829732246	2401.645759508398	0
1989	4935.53177776892	2398.336668844861	0
1990	4935.465336031039	2398.400669242309	0
1991	4943.469349270541	2386.723157669588	0
1992	4060.554364348975	2126.438361025595	0
1993	4061.369738554585	2126.264795469124	0
1994	4061.353541977333	2126.262019458843	0
1995	4065.094196172314	2126.14106013789	0
1996	4060.132612502553	2126.428039886674	0
1997	4060.630475311388	2126.432928732923	0
1998	4059.184868832502	2126.46938568665	0
1999	4061.134624114727	2126.241284401346	0
2000	4065.090764182523	2126.137776759561	0
2001	4067.114518648737	2124.441123374408	0
2002	4067.067894481398	2124.440400302225	0
2003	4068.904343500193	2123.354265846754	0
2004	4067.080990231416	2124.406933979577	0
2005	4069.035151219141	2123.321538315507	0
2006	4068.937658342385	2123.336554970289	0
2007	4072.05533106719	2121.271691013998	0
2008	4072.064982201787	2121.217557740895	0
2009	4073.532659513659	2120.36307041653	0
2010	4072.092970391273	2121.257857089033	0
2011	4073.600638050484	2120.372449525513	0
2012	4073.544561812048	2120.354037704486	0
2013	4078.429130160641	2117.292078568115	0
2014	4078.434709539634	2117.288534496945	0
2015	4078.791977860335	2117.034827666088	0
2016	4078.597934431337	2117.185991938122	0
2017	4125.639646550781	2092.391498383647	0
2018	4125.388424232166	2092.458154526015	0
2019	4125.597823330428	2092.389358136393	0
2020	4125.681704242129	2092.378440289138	0
2021	4131.124367408669	2090.113487032302	0
2022	4131.102273785045	2090.118353423505	0
2023	4135.975593893031	2087.593168393793	0
2024	4131.117356894008	2090.116211396967	0
2025	4136.038419573122	2087.582888351839	0
2026	4136.025435480933	2087.580303679579	0
2027	4139.275386555913	2085.96603286072	0
2028	4139.300406557674	2085.958844640072	0
2029	4144.083290410168	2083.324084826192	0
2030	4139.307536476093	2085.960318189329	0
2031	4144.080630512587	2083.327912675717	0
2032	4144.083290411161	2083.324084826075	0
2033	4180.667804462865	2065.912568672995	0
2034	4180.712221452541	2065.895770080781	0
2035	4182.123755973312	2065.158474716042	0
2036	4180.704467463365	2065.902710161884	0
2037	4182.088924242742	2065.137233487887	0
2038	4182.125634243216	2065.150203391915	0
2039	4196.134055174471	2058.151395774595	0
2040	4196.176398123878	2058.121250472895	0
2041	4197.474602389263	2057.407753142775	0
2042	4196.136028757383	2058.150239444007	0
2043	4197.738525551755	2057.400978831666	0
2044	4197.738907670878	2057.40057324675	0
2045	4218.923085885775	2047.155835274363	0
2046	4218.922078018217	2047.156984812605	0
2047	4222.101854434888	2045.755547338661	0
2048	4218.925037553862	2047.157406917328	0
2049	4222.272363129699	2045.706556209919	0
2050	4222.154426861067	2045.768007397338	0
2051	5103.948999409829	1861.538286982185	0
2052	4222.279989002186	2045.694723437211	0
2053	4247.518720997952	2033.124034728401	0
2054	4247.511700019539	2033.127634150088	0
2055	4249.25946363294	2032.209077297784	0
2056	4247.579132137252	2033.0936859903	0
2057	4249.21755886578	2032.227881805873	0
2058	4249.261728769282	2032.206621740477	0
2059	4252.389609229201	2030.684376797931	0
2060	4252.37354635159	2030.685810668398	0
2061	4254.165319131777	2029.816775878087	0
2062	4252.318029665917	2030.703152458819	0
2063	4252.65988943754	2030.639444576	0
2064	4252.686996510272	2030.641497114794	0
2065	4254.201234838883	2029.796519164198	0
2066	4254.145710220044	2029.823014814156	0
2067	4255.749476213216	2029.029402768764	0
2068	4255.731859098773	2029.040038217411	0
2069	4261.804689717702	2026.068036577758	0
2070	4256.492467513486	2028.711258600724	0
2071	4260.094085785269	2026.803310663794	0
2072	4260.081471250905	2026.80734440661	0
2073	4325.205004305054	1994.510112690448	0
2074	4325.070310898888	1994.561994518773	0
2075	4325.050601083844	1994.545228463232	0
2076	4325.167725487556	1994.528046051806	0
2077	4326.854599819705	1993.822573668561	0
2078	4325.197620257514	1994.512795950423	0
2079	4326.759885289295	1993.847354201387	0
2080	4326.867831911814	1993.81399025672	0
2081	4331.604585324998	1991.607413287916	0
2082	4331.58572335664	1991.604815266755	0
2083	4347.119164608737	1980.351933900051	0
2084	4347.093492963435	1980.363479588122	0
2085	4467.692844131121	1935.750971190673	0
2086	4331.60997351547	1991.60479540881	0
2087	4355.86679490155	1980.068979580842	0
2088	4355.854009645273	1980.07043899388	0
2089	4400.565893944064	1961.394605200329	0
2090	4400.396760215233	1961.408011345764	0
2091	4401.625603466398	1960.928917468456	0
2092	4400.602056089449	1961.378992608401	0
2093	4401.706893592858	1960.903419988912	0
2094	4401.707342707974	1960.902636676453	0
2095	4421.419028334009	1952.799698010533	0
2096	4421.259728240595	1952.841224499492	0
2097	4418.361575705832	1953.612867335512	0
2098	4418.341623755252	1953.619174112064	0
2099	4420.459897198566	1953.137046312542	0
2100	4421.469898426029	1952.782458644841	0
2101	4421.49720079289	1952.736460252232	0
2102	4421.566195316789	1952.712955180934	0
2103	4422.000276975271	1952.591959353393	0
2104	4422.007440659982	1952.591691877742	0
2105	4441.12205803625	1945.71951228707	0
2106	4441.121655238693	1945.720072905028	0
2107	4441.905598358187	1945.429060894838	0
2108	4441.909330844777	1945.428764013789	0
2109	4444.731687946866	1944.379538635569	0
2110	4444.688243971569	1944.391263788681	0
2111	4450.523657744148	1942.228983450978	0
2112	4444.726910808624	1944.38162608811	0
2113	4450.370525080338	1942.298998845913	0
2114	4450.398988905425	1942.287281038491	0
2115	4452.251144003856	1941.559182612907	0
2116	4452.214550389174	1941.569790455613	0
2117	4458.071900908653	1939.456624210075	0
2118	4452.250643369101	1941.559287492607	0
2119	4458.101775151961	1939.450668136152	0
2120	4458.115870891833	1939.447361003101	0
2121	4459.819719431676	1938.772529844843	0
2122	4459.812559599373	1938.774960039375	0
2123	4461.634336889013	1938.081638885462	0
2124	4459.676118493633	1938.793797108146	0
2125	4461.351372693129	1938.16331792591	0
2126	4461.634044617002	1938.080731549773	0
2127	4467.64857785147	1935.783197762555	0
2128	4467.67122627162	1935.775439799139	0
2129	4471.493081060482	1934.324097710545	0
2130	4471.488227778267	1934.322599891408	0
2131	4471.531187485368	1934.303944993275	0
2132	4355.885233412661	1980.053192597899	0
2133	4365.752786496934	1976.763016980187	0
2134	4471.496173208299	1934.322822031192	0
2135	4476.499651699739	1932.374965300628	0
2136	4365.732270588455	1976.772062394461	0
2137	4367.883906916977	1976.002990343518	0
2138	4476.537957080546	1932.356488609851	0
2139	4481.908814938107	1930.374570098043	0
2140	4365.772617759164	1976.768226382694	0
2141	4367.927084890873	1976.000323113755	0
2142	4367.877690048298	1976.005472504922	0
2143	4452.800471716904	1938.479565315376	0
2144	4452.788298480636	1938.478583770664	0
2145	4460.558549923407	1935.718901200403	0
2146	4452.743495331946	1938.480832691038	0
2147	4460.5582568911	1935.757302259225	0
2148	4460.537527800863	1935.720597229875	0
2149	4476.542711681098	1932.35848029933	0
2150	4476.539239752455	1932.358388213439	0
2151	4481.952414328165	1930.359382117979	0
2152	4481.952414329098	1930.359382117619	0
2153	4562.952281875572	1902.279103432883	0
2154	4562.748998476517	1902.332551537045	0
2155	4562.49202570546	1902.077015651092	0
2156	4562.963146837356	1902.275611377646	0
2157	4564.604088219946	1901.757061302611	0
2158	4564.613780810681	1901.753946407314	0
2159	4566.130843368182	1901.245580452781	0
2160	4565.955822859385	1901.275561018716	0
2161	4567.491551163474	1900.674930934161	0
2162	4566.128949218839	1901.246092797476	0
2163	4568.088451956759	1900.644325541899	0
2164	4568.101226033958	1900.640174526326	0
2165	4569.667142289642	1900.040303944157	0
2166	4569.538442046563	1900.025903303309	0
2167	4569.42080484112	1900.025847094457	0
2168	4569.661366666246	1900.043069780958	0
2169	4573.078660781535	1899.007090512257	0
2170	4573.094548266036	1898.989351969982	0
2171	4574.209855915627	1898.7133078089	0
2172	4573.191043028521	1898.971996895441	0
2173	4575.040915965077	1898.469729170359	0
2174	4575.061873799172	1898.465374554651	0
2175	4576.772663112819	1897.924441606781	0
2176	4576.089195381493	1898.054770535816	0
2177	4579.189133086729	1897.160211775274	0
2178	4576.753409094497	1897.938553423171	0
2179	4580.342074946529	1896.891393303405	0
2180	4580.324315683703	1896.894719303236	0
2181	4582.056223176154	1896.439051863917	0
2182	4582.068866465095	1896.433235962924	0
2183	4583.633085379972	1895.976780911797	0
2184	4583.641374104276	1895.975515686163	0
2185	4585.345323314372	1895.535360995559	0
2186	4584.450859498118	1895.610469681367	0
2187	4586.70350455239	1895.147510949025	0
2188	4585.370116199247	1895.528898446701	0
2189	4587.025449116403	1895.086343030674	0
2190	4587.039192393429	1895.085284253589	0
2191	4588.337401368804	1894.568013341991	0
2192	4588.148461548082	1894.648101648766	0
2193	4587.952422820486	1894.577549442448	0
2194	4588.35530303962	1894.560147215425	0
2195	4592.505675884564	1893.63534512293	0
2196	4591.969299815513	1893.415712096465	0
2197	4597.011257442346	1892.530445186073	0
2198	4592.512228246085	1893.632084027114	0
2199	4597.185979516376	1892.48974602896	0
2200	4597.197134606306	1892.487231302194	0
2201	4599.079622553183	1892.029285831975	0
2202	4598.826551002798	1892.076119660544	0
2203	4603.921469555853	1890.817397893582	0
2204	4599.093903349618	1892.023847151666	0
2205	4604.209238895904	1890.788814447433	0
2206	4604.204581144379	1890.789783177255	0
2207	4606.110522508843	1890.393380785722	0
2208	4604.247201242808	1890.840840078845	0
2209	4606.652383940534	1890.142445490237	0
2210	4606.084204010082	1890.401173335588	0
2211	4607.480429400153	1889.996350368856	0
2212	4607.476734652935	1889.997974014446	0
2213	4686.666151077399	1872.034291715776	0
2214	4686.667693384479	1872.03625863048	0
2215	4688.525977240881	1871.708197537613	0
2216	4686.705228998284	1872.021948006951	0
2217	4688.555288596386	1871.695626184128	0
2218	4688.483215087885	1871.718068452834	0
2219	4775.83895204514	1853.353094771977	0
2220	4775.925744045182	1853.334672861453	0
2221	4777.782774766694	1852.649786119104	0
2222	4777.782774765728	1852.649786119357	0
2223	4779.554604437919	1852.315947883827	0
2224	4777.810514839844	1852.562421775869	0
2225	4779.535227984688	1852.345201302575	0
2226	4779.620147736585	1852.305800687148	0
2227	4781.676993275507	1851.801478673863	0
2228	4781.616759210869	1851.809405586848	0
2229	4781.701561717664	1851.838632419345	0
2230	4781.722156085492	1851.783141371994	0
2231	4785.742582406197	1850.782197836502	0
2232	4785.742016583175	1850.784448601516	0
2233	4789.012905322967	1850.24227655068	0
2234	4789.066020395927	1850.22948107216	0
2235	4791.740366499002	1849.565579768259	0
2236	4791.637250167887	1849.597546425117	0
2237	4652.781644946635	1893.455019299071	0
2238	4652.781644947594	1893.455019298781	0
2239	3703.330650443759	2184.016235288442	0
2240	4662.933266026459	1889.319214276015	0
2241	5243.622257612507	1697.163782706174	0
2242	4775.985800241062	1853.499729512768	0
2243	5112.470868667357	1861.938466676391	0
2244	4788.83069756365	1850.316039614043	0
2245	4791.817537486377	1849.54880131612	0
2246	4791.751713544578	1849.556929873155	0
2247	4796.88751786807	1848.020934445923	0
2248	4786.058220531526	1850.698899521225	0
2249	4795.376471142354	1848.473712921542	0
2250	4796.907875372459	1848.015107798804	0
2251	4800.842487066309	1846.95986740409	0
2252	4801.301946792595	1846.758160734651	0
2253	4804.76040056507	1845.813267368718	0
2254	4800.83425486805	1846.960471145201	0
2255	4804.379974531137	1845.951641691237	0
2256	4804.789590525639	1845.801534855353	0
2257	4810.976618540488	1844.077319106413	0
2258	4811.119494804103	1844.057441983053	0
2259	4816.143768677768	1842.615102939766	0
2260	4816.159128368397	1842.611414070014	0
2261	4825.717588965281	1839.972728280755	0
2262	4825.683159673088	1839.975182489579	0
2263	4828.995211766396	1839.020951713483	0
2264	4825.524716438786	1840.279727829378	0
2265	4826.986733161382	1839.769685013859	0
2266	4829.020352039657	1839.015824098698	0
2267	4834.907288827633	1837.28412631651	0
2268	4835.044548903948	1837.251192102203	0
2269	4837.670588457509	1836.448617848379	0
2270	4837.645678169372	1836.457274747482	0
2271	4846.394258386268	1834.309384965079	0
2272	4846.272443757172	1834.286613476301	0
2273	4845.58043863208	1834.817684478297	0
2274	4846.357343597901	1834.312235404617	0
2275	4851.132763310019	1832.617634175209	0
2276	4851.100595301839	1832.644454605452	0
2277	4854.410261623378	1831.647279140482	0
2278	3717.531965144752	2180.377954449157	0
2279	4967.808477690258	1856.804014521885	0
2280	4886.912728985113	1876.400890409877	0
2281	4956.25257541845	1844.670596124158	0
2282	4848.947066175582	1833.948964398771	0
2283	4854.195110722343	1831.81864553005	0
2284	4854.541469640521	1831.609976432571	0
2285	4861.876480502229	1829.093886905128	0
2286	4861.933141888236	1829.083220046711	0
2287	4870.775122279867	1825.650829155686	0
2288	4861.084204088929	1829.717371734951	0
2289	4862.39454896847	1830.789856357487	0
2290	4870.819162476346	1825.629026636725	0
2291	4874.520361734871	1824.464336359571	0
2292	4874.520361735806	1824.46433635922	0
2293	4880.008747397553	1822.678275498814	0
2294	4873.815957663559	1824.943656724025	0
2295	4878.720972730209	1823.457900896642	0
2296	4880.077075560805	1822.681110252759	0
2297	5277.102677229141	1632.46488946698	0
2298	5277.157947951584	1632.447705660543	0
2299	5003.649908468371	1799.350478908573	0
2300	5003.642504255584	1799.351286742554	0
2301	4994.98031762306	1805.414561835855	0
2302	5003.092991831687	1799.673127424141	0
2303	4994.15202670026	1806.067675623014	0
2304	4994.007626501902	1806.164316889427	0
2305	4985.091892427514	1812.359545701554	0
2306	4984.915718190807	1812.476783818086	0
2307	4981.605005429094	1814.179304999372	0
2308	4981.638062989114	1814.16553872445	0
2309	4984.276938080167	1812.928000124807	0
2310	4984.276921740959	1812.928202975392	0
2311	4977.938562928317	1818.295042919412	0
2312	4977.944191230359	1818.285994204622	0
2313	4974.013882674635	1822.360349679797	0
2314	4973.880877624853	1822.428479852638	0
2315	4976.817860635483	1819.013308220591	0
2316	4976.809776069129	1818.998976856398	0
2317	4970.635034226028	1824.974965657456	0
2318	4972.646338933835	1821.623710982203	0
2319	4959.850360210097	1835.586607544465	0
2320	4959.366052339861	1835.911492318318	0
2321	4956.223919261827	1844.724701562922	0
2322	4956.264477220018	1844.664845924937	0
2323	4960.182125042078	1835.422613011108	0
2324	4959.831824255851	1835.610423299111	0
2325	4969.911034501682	1825.549331513183	0
2326	4970.018149222071	1825.456245031336	0
2327	4971.140358335162	1824.548326302133	0
2328	4970.641927371942	1824.974934713708	0
2329	4973.999499866575	1822.453399252641	0
2330	4974.006956151265	1822.384018929254	0
2331	4968.72461287964	1856.662453795283	0
2332	4968.678951211934	1856.682294634496	0
2333	4999.335444824761	1857.823783010315	0
2334	4999.483019557878	1857.814262874634	0
2335	5053.982658612831	1859.03470306229	0
2336	5054.082009024693	1859.010581945165	0
2337	5056.931591412334	1858.841573578309	0
2338	5056.023209346407	1858.589781364572	0
2339	5057.574578143533	1858.767000169885	0
2340	5056.993994203542	1858.844381179589	0
2341	5103.957654510747	1861.520800845169	0
2342	5103.935511412052	1861.514961881619	0
2343	5113.146153105903	1861.77379962278	0
2344	5113.180335657165	1861.775914507838	0
2345	5160.915580973702	1862.488404166979	0
2346	5160.79313182712	1862.471115837307	0
2347	5160.245719147257	1862.540211356092	0
2348	5160.749976675586	1862.498657314067	0
2349	5160.908052031004	1862.486956694876	0
2350	5160.933876040583	1862.484112053111	0
2351	5164.08428352249	1862.372518723254	0
2352	5164.107346391869	1862.375221340179	0
2353	5166.448235939692	1862.39496068324	0
2354	5164.095559008145	1862.37482888838	0
2355	5166.54780805374	1862.388312567978	0
2356	5166.468889370932	1862.399540857209	0
2357	5171.538434667988	1862.327770962048	0
2358	5171.506278067416	1862.338980488872	0
2359	5176.609191376556	1862.399488165416	0
2360	5171.552117775975	1862.328061268617	0
2361	5176.685018904351	1862.386392499815	0
2362	5176.676018664675	1862.392815475898	0
2363	5325.617865041904	1859.723662698846	0
2364	5323.178329790895	1859.83961818582	0
2365	5325.87209598034	1859.661446300824	0
2366	5325.731752308617	1859.715046536458	0
2367	5328.795349198279	1859.604447828524	0
2368	5328.35014384235	1859.519157446448	0
2369	5331.889045706763	1859.498609390967	0
2370	5328.839367519187	1859.600902527257	0
2371	5332.061935189055	1859.55006621313	0
2372	5332.047584437929	1859.536970942386	0
2373	5341.431826097025	1859.659754344507	0
2374	5340.028005127271	1859.474562714849	0
2375	5343.255770875785	1859.467765950708	0
2376	5341.441014944752	1859.655432335448	0
2377	5343.617237520863	1859.723602978399	0
2378	5343.643818392258	1859.736319289657	0
2379	5348.533308133734	1859.521646085557	0
2380	5348.504098956875	1859.430221164297	0
2381	5349.094232212006	1859.366884448193	0
2382	5348.52111983702	1859.569710272054	0
2383	5351.553433236299	1860.063742285143	0
2384	5351.182255959737	1859.828998908831	0
2385	5355.522154692411	1859.651062049021	0
2386	5351.529189058056	1860.052143806319	0
2387	5354.762390715614	1860.374904175011	0
2388	5354.719337771439	1860.316117020853	0
2389	5357.006786379041	1861.718632161649	0
2390	5358.038257625398	1859.954834969515	0
2391	5364.093947556412	1862.692934763571	0
2392	5357.013705130723	1861.722804966987	0
2393	5362.526556948205	1865.516026513338	0
2394	5362.34575979175	1865.853572856612	0
2395	5362.996425104306	1873.087179115029	0
2396	5368.688667922164	1866.260310456399	0
2397	5394.210252758143	1850.674394392759	0
2398	5363.947207406967	1872.000641489046	0
2399	5317.48923398124	1926.294090651848	0
2400	5317.033712255199	1926.851917301013	0
2401	5378.771940040559	1866.206353869012	0
2402	5378.506912899824	1866.461046085523	0
2403	5390.824449281061	1856.717563847465	0
2404	5391.178094401943	1856.41240214425	0
2405	5401.450080906463	1849.438543896468	0
2406	5400.974910036859	1849.451882658032	0
2407	5401.708211915335	1848.901203090528	0
2408	5401.964670477701	1849.154073641562	0
2409	5403.892794452151	1848.338944830713	0
2410	5403.99681638475	1848.275269229696	0
2411	5413.027586429083	1843.930935825634	0
2412	5413.451722609503	1843.230900506065	0
2413	5417.338135390355	1841.611450729918	0
2414	5413.044353781141	1843.913509739806	0
2415	5417.679891625898	1841.794808218706	0
2416	5417.072013959079	1841.807572684545	0
2417	5417.634257054695	1841.578128803659	0
2418	5417.726984859955	1841.773747670715	0
2419	5425.63653416371	1839.021195312348	0
2420	5424.970042869838	1839.026300627814	0
2421	5433.503350046994	1836.09161455822	0
2422	5425.841882022509	1838.943776980886	0
2423	5433.605729225897	1836.097870037795	0
2424	5433.594378385063	1836.029250094996	0
2425	5442.281470301108	1833.16296328612	0
2426	5433.503350047982	1836.091614558069	0
2427	5442.689965991378	1833.07638544279	0
2428	5441.68968189045	1833.323215006314	0
2429	5459.176760722232	1823.604431108067	0
2430	5442.475221886418	1833.150778347595	0
2431	5454.286425447935	1829.437662725127	0
2432	5454.426150067891	1829.403535640914	0
2433	5482.239879440696	1820.360228031798	0
2434	5480.673455089551	1820.660011979957	0
2435	5526.089617801515	1807.830859602514	0
2436	5483.159582362603	1820.092621367988	0
2437	5566.305148549682	1797.32748948461	0
2438	5529.669516380738	1806.880871410933	0
2439	5458.23227641477	1823.810578392608	0
2440	5528.478136458638	1807.256306567594	0
2441	5463.002322925402	1822.764645014305	0
2442	5462.061949399869	1823.015422096225	0
2443	5459.904855210789	1823.434332260747	0
2444	5462.681427107063	1822.816736565732	0
2445	5450.606917115843	1824.922477386825	0
2446	5449.269931665007	1825.199508535189	0
2447	5448.378564954633	1825.386682013473	0
2448	5450.213647442381	1824.990587247128	0
2449	5432.580719614907	1827.742974678498	0
2450	5432.229591251664	1827.779067051971	0
2451	5419.807960630773	1829.342700523192	0
2452	5432.720345276502	1827.74227356649	0
2453	5420.332398202843	1829.287584526057	0
2454	5420.255584065526	1829.296360132487	0
2455	5402.665421690328	1830.793485211324	0
2456	5402.653204071868	1830.79447265882	0
2457	5401.521403563773	1830.87114088161	0
2458	5401.428906054136	1830.882317871235	0
2459	5389.559387319485	1831.689898159937	0
2460	5389.525459950912	1831.695717330438	0
2461	5386.42385661094	1831.820279088359	0
2462	5389.516447782185	1831.729041631758	0
2463	5386.414210167348	1831.820941260534	0
2464	5386.400887715163	1831.812913136944	0
2465	5382.691678604018	1831.939141824726	0
2466	5382.69125327192	1831.938501036661	0
2467	5382.273798822802	1831.974541392564	0
2468	5382.30617178495	1831.973120293557	0
2469	5376.531495167737	1831.880028792496	0
2470	5376.447549368973	1831.921206515039	0
2471	5376.418587309852	1831.8876455626	0
2472	5376.558014204631	1831.878841907404	0
2473	5374.62010727634	1831.636898759108	0
2474	5374.232413124028	1831.651309932926	0
2475	5372.103717173435	1831.299957531712	0
2476	5374.499872091599	1831.651798108083	0
2477	5372.512016416635	1831.278178162805	0
2478	5372.499147336001	1831.279418036253	0
2479	5272.192114421781	1801.153670841805	0
2480	5270.177435146921	1800.964799787404	0
2481	5263.641231144866	1796.955645201807	0
2482	5272.206917728849	1801.146662274893	0
2483	5264.118987731435	1797.084227970668	0
2484	5264.124850607175	1797.069261766861	0
2485	5262.27362068591	1796.304408834611	0
2486	5261.521035758084	1796.163596302045	0
2487	5253.343009816368	1789.752370293008	0
2488	5262.286926445822	1796.299035658384	0
2489	5255.882796483997	1789.789411369042	0
2490	5255.889430663399	1789.798332505444	0
2491	5254.098750693118	1788.811139589228	0
2492	5253.242000929769	1788.502624951354	0
2493	5253.014858429049	1785.317766420269	0
2494	5254.09740986938	1788.807906702021	0
2495	5253.415465238146	1785.372232924881	0
2496	5253.447126893803	1785.371198492459	0
2497	5251.09482686953	1776.868942052974	0
2498	5250.134647269513	1776.607855609319	0
2499	5250.25864566081	1775.7759188823	0
2500	5251.098887910928	1776.863080320499	0
2501	5250.268331315699	1775.77771721429	0
2502	5250.271275656485	1775.783551209752	0
2503	5242.712302992173	1717.124474160272	0
2504	5242.4280991737	1716.862066708533	0
2505	5241.726172695406	1713.177604798948	0
2506	5242.699880110775	1717.132366111703	0
2507	5241.84018259894	1713.224706483324	0
2508	5241.83964457466	1713.226026707504	0
2509	5241.890198289408	1711.886943499199	0
2510	5241.876282778107	1711.868403104063	0
2511	5242.589277680816	1705.256756465722	0
2512	5241.892123146392	1711.89067793006	0
2513	5242.737314046863	1705.353173031188	0
2514	5242.729462041678	1705.349097049107	0
2515	5243.46195543101	1704.385330724451	0
2516	5243.425479606982	1704.360321580706	0
2517	5245.21066573843	1699.33203729745	0
2518	5243.455003167473	1704.375672356392	0
2519	5245.305633419082	1699.412831773587	0
2520	5245.210879404638	1699.332351447983	0
2521	5245.914919472027	1698.28639039823	0
2522	5243.626883131939	1697.171509899513	0
2523	5246.25059351552	1697.016825122935	0
2524	5245.914919472594	1698.286390397406	0
2525	5246.353332661436	1697.001644949796	0
2526	5246.351911300992	1697.001129766618	0
2527	5248.132673749798	1694.84502205369	0
2528	5247.200191881393	1694.494336290169	0
2529	5247.323884849169	1694.114161068377	0
2530	5248.152658316478	1694.820078364329	0
2531	5250.27699989036	1691.167999952366	0
2532	5248.655676230819	1689.875682793057	0
2533	5250.206821163285	1691.095373603516	0
2534	5250.212716225582	1691.091262454754	0
2535	5309.60096811212	1636.02233163235	0
2536	5307.138524036856	1634.447640800393	0
2537	5310.084179626971	1634.840550517264	0
2538	5309.621378088257	1636.00377720168	0
2539	5310.532481536411	1634.841556909916	0
2540	5310.532058004765	1634.842225907451	0
2541	5318.033450416371	1629.554272586465	0
2542	5309.399675250306	1629.368399452827	0
2543	5317.428157890641	1629.166937932201	0
2544	5318.041811671415	1629.549238300903	0
2545	5324.871615924862	1625.833948412718	0
2546	5324.877665590622	1625.8326873528	0
2547	5325.526300775125	1625.422175264905	0
2548	5325.53505912965	1625.417085805036	0
2549	5327.456235035401	1624.239899010379	0
2550	5327.47418631672	1624.224621473899	0
2551	5328.914355043049	1623.410201816689	0
2552	5327.457975493186	1624.238202611523	0
2553	5328.920774956889	1623.439367516441	0
2554	5328.918873532602	1623.436821113186	0
2555	5330.445886296646	1622.572081142114	0
2556	5330.413740115835	1622.586509545252	0
2557	5331.964165227218	1621.792798504502	0
2558	5330.446523914678	1622.576508741085	0
2559	5332.01105792212	1621.778472333996	0
2560	5332.024496307591	1621.774884090726	0
2561	5337.252929106196	1618.963277629025	0
2562	5337.225372077462	1618.97617784351	0
2563	5337.342673391015	1618.902863551065	0
2564	5337.25700685377	1618.960188145816	0
2565	5445.703183259726	1569.622292483093	0
2566	5445.695784064468	1569.625684715144	0
2567	5452.014248411337	1566.679256074654	0
2568	5446.92315019044	1569.482498155583	0
2569	5453.984107885766	1566.411673553299	0
2570	5454.018721156748	1566.394407419052	0
2571	5461.60893191763	1563.456586312258	0
2572	5461.640078200333	1563.437456656161	0
2573	5465.099941416307	1561.444353119183	0
2574	5460.259339945535	1563.518622048351	0
2575	5464.638377408906	1561.533018609533	0
2576	5465.115386770985	1561.438321423867	0
2577	5471.640299246648	1558.830372567756	0
2578	5470.548686287184	1559.089682192749	0
2579	5468.721624669375	1557.840296698897	0
2580	5471.664205012663	1558.81924466775	0
2581	5475.116587777613	1557.398668370041	0
2582	5475.150277887204	1557.382898454775	0
2583	5478.105228278633	1556.06187362551	0
2584	5474.68840999484	1557.302853764404	0
2585	5476.811758306971	1556.016382446368	0
2586	5478.114124176311	1556.058150647592	0
2587	5538.012285257839	1531.205510551786	0
2588	5538.277490979999	1531.076474250214	0
2589	5540.78803614	1530.354343157915	0
2590	5538.060630955177	1531.173501621901	0
2591	5540.995333405976	1530.270362675691	0
2592	5540.971924977352	1530.288918181027	0
2593	5784.176741497526	1411.51028379787	0
2594	5537.710732967309	1804.873939874277	0
2595	5247.091144472277	1911.952950724636	0
2596	5246.765664291766	1912.05815738827	0
2597	5243.082741292241	1913.82850129876	0
2598	5246.938205502051	1912.014109192564	0
2599	5243.256075458154	1913.80001076135	0
2600	5243.232307359034	1913.810240061195	0
2601	4746.762711276517	2163.437429427943	0
2602	4072.401305794623	2126.703449676477	0
2603	4060.179877096008	2126.402818190755	0
2604	4746.700699666479	2163.467704341934	0
2605	4711.156650241281	2176.621457070242	0
2606	4711.152883154744	2176.618465735356	0
2607	4708.962710186704	2176.293638785486	0
2608	4709.012908809975	2176.287849690136	0
2609	4708.776064409125	2176.323982100738	0
2610	4708.733039124347	2176.335657776879	0
2611	4705.341529620362	2176.852093877846	0
2612	4705.469369771341	2176.848184083637	0
2613	4705.262273670041	2176.870867544191	0
2614	4705.230305061101	2176.869531665817	0
2615	4701.977108642634	2177.237148604127	0
2616	4702.123838632588	2177.216582392145	0
2617	4701.989423465264	2177.235792016173	0
2618	4701.994848229035	2177.236118290308	0
2619	4699.055019457239	2177.52096022274	0
2620	4699.069083098224	2177.517377708379	0
2621	4698.938563732165	2177.543913870354	0
2622	4698.938694524963	2177.543911575382	0
2623	4695.961808355658	2177.774096060104	0
2624	4695.968000525902	2177.771511459609	0
2625	4695.902323397235	2177.764142159509	0
2626	4695.843287412938	2177.776565309341	0
2627	4692.728207211741	2178.012574898797	0
2628	4692.728207212742	2178.012574898775	0
2629	4692.614005015041	2177.997303070223	0
2630	4692.660469084116	2178.00260022943	0
2631	4689.371731860096	2178.166331417208	0
2632	4689.451250109783	2178.161731169191	0
2633	4689.315057763162	2178.166747872961	0
2634	4689.374808427423	2178.168920083094	0
2635	4686.447632374597	2178.239863393162	0
2636	4686.47309461192	2178.234341356234	0
2637	4684.162955862404	2178.560676444592	0
2638	4684.183583719278	2178.55966976342	0
2639	4686.344352768339	2179.305545825786	0
2640	4686.336269279682	2179.302273276741	0
2641	4684.080651867811	2178.554875812388	0
2642	4686.4416885224	2178.24373563504	0
2643	4679.767958703989	2178.74062801785	0
2644	4686.289061978632	2179.322198821574	0
2645	4683.612367036721	2178.773359990521	0
2646	4684.017330621879	2178.557141160071	0
2647	4680.908293743223	2178.466920946571	0
2648	4680.922553869057	2178.448564575516	0
2649	4678.627001521487	2178.28104969026	0
2650	4679.825632558308	2178.732418008487	0
2651	4678.542547858799	2178.301444202732	0
2652	4678.573811341523	2178.281100950861	0
2653	4632.449103896748	2178.244356568547	0
2654	4632.431107715773	2178.244478493816	0
2655	4589.020641120982	2175.311356876088	0
2656	4589.321916766979	2175.364037455214	0
2657	4588.774159968531	2175.317738903175	0
2658	4589.067583122343	2175.331481796778	0
2659	4583.922073619995	2174.987044401323	0
2660	4583.986178970976	2174.988795309035	0
2661	4563.542599594994	2173.723309662812	0
2662	4583.83141014009	2174.981862762949	0
2663	4563.367900588691	2173.714615328437	0
2664	4563.578518115483	2173.727147459264	0
2665	4521.268160587988	2170.569913452248	0
2666	4521.32034804426	2170.581643600099	0
2667	4521.021254359609	2170.547473523874	0
2668	4521.078635292891	2170.552337701048	0
2669	4517.290405205104	2170.228691085326	0
2670	4517.247236268475	2170.230741910341	0
2671	4513.435408632312	2169.879331902841	0
2672	4517.230514143711	2170.233211301114	0
2673	4513.304715083879	2169.883158066219	0
2674	4513.424101035947	2169.873233887194	0
2675	4507.923573786688	2169.359914833987	0
2676	4508.544836252551	2169.413227860834	0
2677	4507.589364080131	2169.331430284054	0
2678	4507.567473031639	2169.327823429845	0
2679	4502.934737897834	2168.989578455277	0
2680	4502.950169994229	2168.991270096359	0
2681	4495.858003728946	2168.244291619127	0
2682	4502.793233396726	2168.993207506005	0
2683	4495.982315471972	2168.25689901429	0
2684	4495.884332434301	2168.247442586197	0
2685	4492.074001153347	2167.851023667619	0
2686	4492.076780860256	2167.843093419712	0
2687	4488.797635754975	2167.520783989668	0
2688	4492.121325537705	2167.857620708175	0
2689	4488.903025066287	2167.54177617672	0
2690	4488.813709641775	2167.521370508391	0
2691	4484.944303700253	2167.080215250382	0
2692	4484.945192214098	2167.080923982915	0
2693	4474.125151235894	2165.858800883249	0
2694	4484.650718137693	2167.06648380361	0
2695	4474.199194333236	2165.875592058529	0
2696	4474.11155219332	2165.854935383471	0
2697	4466.963150905872	2165.109334981841	0
2698	4466.834649121198	2165.098619192445	0
2699	4463.674356121912	2164.741574864251	0
2700	4466.957599049455	2165.099912960852	0
2701	4463.720042976371	2164.737298257189	0
2702	4463.678928819442	2164.736725570532	0
2703	4455.358228209849	2163.754422850337	0
2704	4455.245970848574	2163.738718142087	0
2705	4453.083727397438	2163.508839412291	0
2706	4452.879061179388	2163.489723004117	0
2707	4445.270007345985	2162.709385173674	0
2708	4445.26895215977	2162.708594491616	0
2709	4436.545380247198	2161.728108291449	0
2710	4445.290476186029	2162.719308924217	0
2711	4436.455534157861	2161.720667476121	0
2712	4436.48811703888	2161.723915264693	0
2713	4423.6903738357	2160.264208828206	0
2714	4423.096647917831	2160.233276261318	0
2715	4419.490931202495	2159.863548820677	0
2716	4423.757840040941	2160.267459971357	0
2717	4419.566139975223	2159.848639194075	0
2718	4419.478307034045	2159.843868279053	0
2719	4415.427302754068	2159.333266105971	0
2720	4415.389507479533	2159.333491888447	0
2721	4412.023208711777	2158.981490731879	0
2722	4411.992589414122	2158.975748173498	0
2723	4147.452466947867	2131.219351895159	0
2724	4143.565010058692	2130.991760913532	0
2725	4108.52505102615	2128.496478821963	0
2726	4147.538118000638	2131.228987179145	0
2727	4109.225592827901	2127.79479984299	0
2728	4109.038823801352	2127.775506078548	0
2729	4102.12980670144	2127.230767451832	0
2730	4109.08995315481	2127.804956277839	0
2731	4102.248368007309	2127.232533676824	0
2732	4102.312913700285	2127.236671511016	0
2733	4065.258592410627	2126.171820114168	0
2734	4072.970344144285	2126.547032109424	0
2735	4072.303311559887	2126.696160825416	0
2736	4078.177039888892	2126.975535254518	0
2737	4074.81160539271	2125.064885240663	0
2738	4678.674088552816	2178.280553539764	0
2739	5272.780351061981	1975.238559367825	0
2740	4632.731536330371	2178.287778624115	0
2741	5031.638231818972	2281.025638436156	0
2742	5272.950795466364	1975.07153580803	0
2743	5111.350006482075	2158.615741891544	0
2744	5110.080608371096	2160.00944387141	0
2745	5098.587242310672	2176.136317986797	0
2746	5111.306967137796	2158.667740276695	0
2747	5102.169483886742	2172.289377428162	0
2748	5100.712537061618	2174.050235666113	0
2749	5093.680367803379	2183.299738646937	0
2750	5093.460210482386	2183.609658400313	0
2751	5085.384341813688	2195.64659839468	0
2752	5092.82593348628	2184.240453913337	0
2753	5085.009153355197	2196.040397767519	0
2754	5085.06142174354	2195.982254526734	0
2755	5081.773435913941	2201.275861785648	0
2756	5081.835935554933	2201.229942606818	0
2757	5076.165894115749	2210.485573599673	0
2758	5081.533578154149	2201.584165689791	0
2759	5076.118632971742	2210.541557350422	0
2760	5076.361194203488	2210.207750163727	0
2761	5073.89142330229	2214.392510343756	0
2762	5073.918826476085	2214.341695943016	0
2763	5069.195099874656	2222.340501717102	0
2764	5073.797570080103	2214.454782048022	0
2765	5069.039399889325	2222.544292474286	0
2766	5069.091123227176	2222.478083973806	0
2767	5067.120691797718	2226.117135192144	0
2768	5067.104731195775	2226.156651611841	0
2769	5063.58744081947	2232.438040845529	0
2770	5066.995585467934	2226.253926835228	0
2771	5063.508492043233	2232.530376694075	0
2772	5063.611818377074	2232.384304466337	0
2773	5061.940325010717	2235.425248980924	0
2774	5061.889371058211	2235.484179351639	0
2775	5057.881274822477	2242.09648313486	0
2776	5061.689815586558	2235.765015589024	0
2777	5057.797690743351	2242.230318612162	0
2778	5057.882896022029	2242.116025623166	0
2779	5056.388327376228	2244.571924040007	0
2780	5056.33760581961	2244.643664866781	0
2781	5053.288424026099	2249.864313062086	0
2782	5056.348934759866	2244.620591756577	0
2783	5053.263108941617	2249.901005879664	0
2784	5053.325800127968	2249.824277816163	0
2785	5051.259392910044	2253.053592059085	0
2786	5051.243929868975	2253.085159281674	0
2787	5050.57169868436	2254.190185307634	0
2788	5051.364075230307	2252.892827967218	0
2789	5050.327756435379	2254.619509490969	0
2790	5050.312435457212	2254.647655383453	0
2791	5032.035092420303	2280.909999702793	0
2792	5032.024950322128	2280.84330699282	0
2793	5030.625817991617	2283.840884127332	0
2794	5032.585784753213	2281.585407751315	0
2795	5030.76847437425	2283.765350963385	0
2796	5030.662945295167	2283.826244730265	0
2797	5027.928490277842	2288.269016338867	0
2798	5027.938460863448	2288.277987057492	0
2799	5025.157502851311	2293.144219237629	0
2800	5028.211963086484	2287.99285290321	0
2801	5025.212700027578	2293.362507025907	0
2802	5025.169193958784	2293.122601952521	0
2803	5023.40200802853	2295.469246949924	0
2804	5023.387294934184	2295.476965845505	0
2805	5020.196313592085	2299.96133795021	0
2806	5023.354161381872	2295.572447962727	0
2807	5020.25294657682	2299.976469899731	0
2808	5020.182795282319	2300.000882945123	0
2809	5018.319926945984	2302.313555878942	0
2810	5018.286261302077	2302.660914110422	0
2811	5015.942148306141	2306.651864322338	0
2812	5018.325404325984	2302.306166125757	0
2813	5014.910863906707	2306.906058637296	0
2814	5014.900408261501	2306.93013495082	0
2815	4943.743040237036	2386.375912546141	0
2816	4943.522044725712	2386.640091562483	0
2817	4944.491752158527	2386.988378012231	0
2818	4944.477520824599	2386.985747654573	0
2819	4921.816375064565	2385.145052813889	0
2820	4921.7712410354	2385.208878894247	0
2821	4921.777173373868	2385.152816711964	0
2822	4921.784675902652	2385.14403537226	0
2823	4907.489960155281	2380.029498351884	0
2824	4906.432218936832	2381.072457039515	0
2825	4906.331155313403	2380.431950330791	0
2826	4907.492443909036	2380.03840731353	0
2827	4906.433457825256	2380.412778824172	0
2828	4906.436833573725	2380.413572535198	0
2829	4905.917383140035	2379.697215342242	0
2830	4905.683068365965	2380.256251063805	0
2831	4905.249054010639	2379.470289605023	0
2832	4905.929237483269	2379.695306351139	0
2833	4904.907601370236	2379.233460169352	0
2834	4904.907544329417	2379.234625504416	0
2835	4895.77356978619	2378.848829917485	0
2836	4895.773185410593	2378.847873827335	0
2837	4895.16080325511	2378.209959466173	0
2838	4895.534534251625	2378.347405070955	0
2839	4894.999937687428	2379.294594426147	0
2840	4895.518168872077	2378.998673674796	0
2841	4895.151891997422	2378.214123236939	0
2842	4895.163063514872	2378.206162094735	0
2843	4882.33541991212	2373.302830062251	0
2844	4882.326185731961	2373.312709288507	0
2845	4881.097809399551	2373.180319663586	0
2846	4882.037381089349	2374.95843765199	0
2847	4881.068563948571	2373.373131015323	0
2848	4881.07072081765	2373.362018600667	0
2849	4879.932886367189	2372.594726290237	0
2850	4879.737811353338	2372.837721674861	0
2851	4878.522420848234	2372.819402315945	0
2852	4879.931519456983	2372.5939329966	0
2853	4878.603925535401	2372.313225422107	0
2854	4878.604759138327	2372.311633688479	0
2855	4868.915700436202	2367.001684177741	0
2856	4869.268532703449	2366.925975987858	0
2857	4868.781744490856	2367.566467307855	0
2858	4868.920035711735	2366.999235791709	0
2859	4868.458997888247	2366.445960096742	0
2860	4868.450002900609	2366.446104207704	0
2861	4820.088363865496	2327.954732106398	0
2862	4820.089636594368	2327.931247798717	0
2863	4819.236242216841	2327.053461530728	0
2864	4820.074194411984	2327.941959852361	0
2865	4819.228602356736	2327.038956548005	0
2866	4819.252060870966	2327.057753281489	0
2867	4711.158645060625	2176.673720593925	0
2868	4711.165799352186	2176.673100826943	0
2869	4746.603591368546	2163.50281803303	0
2870	5487.028842603813	1510.780046871457	0
2871	5541.396651716872	1467.078037218309	0
2872	5541.377856095472	1467.091539517546	0
2873	5542.203543928608	1459.894567023567	0
2874	5542.246467470461	1459.858158947332	0
2875	5543.921287555913	1458.252519974055	0
2876	5542.378176288796	1459.82818416431	0
2877	5544.687633908976	1457.882536606083	0
2878	5543.799482606555	1465.869311983359	0
2879	5545.708454935782	1457.396833312319	0
2880	5543.905996428006	1458.262301970967	0
2881	5553.748243634422	1446.021576464011	0
2882	5553.818766541828	1445.963506555053	0
2883	5548.992859628161	1442.208850302529	0
2884	5548.994485750398	1442.204743089668	0
2885	5536.558213733511	1424.356264261479	0
2886	5536.56698156311	1424.337200340158	0
2887	5532.549108852822	1420.225576982752	0
2888	5532.546804084737	1420.216079817	0
2889	5531.594628068617	1419.179501074354	0
2890	5532.55180718669	1420.229042507874	0
2891	5531.589680131774	1419.189139618378	0
2892	5531.571770273909	1419.182620079537	0
2893	5528.169260517319	1414.631281829527	0
2894	5528.247349708956	1414.639121829642	0
2895	5522.225267520591	1406.728798686189	0
2896	5528.1624102231	1414.633277163928	0
2897	5522.249169323859	1406.738008519029	0
2898	5522.243902597857	1406.733314933062	0
2899	5521.340131309822	1405.563064222636	0
2900	5521.347743289003	1405.562979705914	0
2901	5518.411945036174	1400.732489069992	0
2902	5521.348004301984	1405.550403658606	0
2903	5518.435124502304	1400.724735458349	0
2904	5518.428048584494	1400.708515019631	0
2905	5517.736677598734	1399.595293570518	0
2906	5517.730818520366	1399.596076990373	0
2907	5517.143712948622	1398.303337707743	0
2908	5517.732085496042	1399.535126582016	0
2909	5517.187888942926	1398.276300078184	0
2910	5517.138537601088	1398.298917264322	0
2911	5515.766680800329	1395.750336021234	0
2912	5515.750696146075	1395.742040956595	0
2913	5515.354202877574	1394.385189931846	0
2914	5515.760131877994	1395.762969881675	0
2915	5515.381662955333	1394.391393735789	0
2916	5515.35389095887	1394.382030732465	0
2917	5514.614692351757	1393.068389269494	0
2918	5514.618253919276	1393.064204586005	0
2919	5514.217176824111	1392.013321048042	0
2920	5514.628686091903	1393.011158378215	0
2921	5514.243128908338	1392.002043221793	0
2922	5514.257490348151	1392.004186382578	0
2923	5513.605284945243	1390.324405120319	0
2924	5513.605661708629	1390.315481078926	0
2925	5513.361140877765	1389.574467039915	0
2926	5513.710534821772	1390.535721320063	0
2927	5513.421271192825	1389.720625317419	0
2928	5513.365828321295	1389.576453493717	0
2929	5512.920091515261	1388.061748291337	0
2930	5512.906076579102	1388.032159745136	0
2931	5512.102740952105	1385.25673705957	0
2932	5512.915521020683	1388.070651061882	0
2933	5512.123645990943	1385.285519149106	0
2934	5512.105591123802	1385.263488380971	0
2935	5511.662715179471	1383.377774081587	0
2936	5511.656760294854	1383.375693681009	0
2937	5511.601144225968	1383.171307401218	0
2938	5511.702315088371	1383.579490112959	0
2939	5511.550569106763	1382.841952797919	0
2940	5511.595461173878	1383.143691415598	0
2941	5511.059603001446	1380.628535409739	0
2942	5511.042852085799	1380.645886276008	0
2943	5510.937098574768	1379.918727674179	0
2944	5511.219401822404	1381.217033039436	0
2945	5510.921719288981	1379.79455713183	0
2946	5510.921986579338	1379.903015572406	0
2947	5510.546294486732	1377.93908910288	0
2948	5510.560723104469	1377.977834097572	0
2949	5509.87486979411	1373.678532183556	0
2950	5510.550497839151	1377.925189389607	0
2951	5509.849217816689	1373.6773385498	0
2952	5509.851388260173	1373.662921479788	0
2953	5507.838552124938	1333.785591630816	0
2954	5507.837315502662	1333.788517469869	0
2955	5506.671948607582	1333.911751816017	0
2956	5507.856194482467	1333.979207870108	0
2957	5508.999198040723	1336.773578903702	0
2958	5507.830673951827	1333.739868416939	0
2959	5508.005392824018	1333.982247707455	0
2960	5507.89202674678	1333.875271822288	0
2961	5507.867871308274	1333.870489132105	0
2962	5507.835386056806	1333.838611145129	0
2963	5506.674828951089	1333.888183722344	0
2964	5506.676670336807	1333.889777597221	0
2965	5506.671543001039	1331.198926221904	0
2966	5506.673370579205	1331.19800049295	0
2967	5507.638523971771	1332.079638420881	0
2968	5506.676603021268	1331.208371875764	0
2969	5507.663611929447	1332.182521637998	0
2970	5507.662953793713	1332.207369301005	0
2971	5507.287231602895	1328.990647658401	0
2972	5507.282987725161	1329.012595183952	0
2973	5507.61019615127	1324.41715836425	0
2974	5507.293536315816	1329.05079354073	0
2975	5508.228827944253	1325.781927085513	0
2976	5508.226286453193	1325.788692828376	0
2977	5507.614843118618	1324.393617235591	0
2978	5507.616968251146	1324.388357637885	0
2979	5507.797398496676	1323.046922211456	0
2980	5508.610955391616	1326.085011606492	0
2981	5508.083203135233	1323.033373348708	0
2982	5507.806185114356	1322.981593647613	0
2983	5508.081702167365	1321.627652448847	0
2984	5508.084101353608	1321.626139921833	0
2985	5508.707714577289	1314.464079256401	0
2986	5508.294373545154	1321.736397275356	0
2987	5510.11139023599	1314.929945432085	0
2988	5508.703474149019	1314.408961609767	0
2989	5508.974629958857	1312.964241072882	0
2990	5508.976643086644	1312.967515734472	0
2991	5509.454554520293	1310.250050832494	0
2992	5511.126152891567	1314.049408726253	0
2993	5512.050508267597	1311.925678510554	0
2994	5509.455836279889	1310.24607541961	0
2995	5510.403280043	1307.581172043926	0
2996	5510.408053412242	1307.568513463233	0
2997	5511.080924418542	1304.877311101751	0
2998	5510.696624268554	1307.613226062471	0
2999	5511.402631336738	1305.15952646787	0
3000	5511.086712821474	1304.880028767864	0
3001	5511.421608450326	1303.460471261989	0
3002	5511.096571452383	1304.909836015404	0
3003	5511.414409855071	1303.461596349236	0
3004	5511.432466310087	1303.446596181324	0
3005	5512.631171837313	1299.488864369248	0
3006	5512.631646242407	1299.48575581779	0
3007	5514.071557544376	1295.496563914576	0
3008	5513.273468705192	1300.005362845078	0
3009	5514.628157793411	1296.091465779208	0
3010	5514.077741071478	1295.482331331724	0
3011	5515.768673085011	1291.704887817628	0
3012	5515.771408981444	1291.699166046553	0
3013	5516.331397518512	1290.419547507704	0
3014	5515.779875900951	1291.672543716369	0
3015	5516.356832385442	1290.388816713045	0
3016	5516.332376514025	1290.416487109032	0
3017	5528.664804191842	1267.011075504955	0
3018	5528.675282057151	1267.006180413667	0
3019	5528.693144265815	1266.98302765906	0
3020	5528.672802584655	1266.99821392075	0
3021	5530.051917982004	1264.461447547204	0
3022	5530.086061933231	1264.442261918595	0
3023	5530.218113988851	1264.252876616004	0
3024	5530.051840743927	1264.461350278139	0
3025	5532.378838455263	1260.661531778394	0
3026	5532.3784627199	1260.661110960302	0
3027	5532.78728953584	1260.024111991586	0
3028	5532.784096497584	1260.027978428192	0
3029	5535.579099180541	1256.309620808422	0
3030	5535.574504609824	1256.316049831318	0
3031	5536.082779131366	1255.621927242681	0
3032	5536.083693740011	1255.60602864046	0
3033	5541.059836854309	1250.435467762817	0
3034	5541.052620086666	1250.443476034701	0
3035	5542.017210220305	1249.464390815986	0
3036	5541.087497618411	1250.427691080666	0
3037	5542.029029197562	1249.459688358381	0
3038	5542.014356317872	1249.468390471571	0
3039	5571.690789712566	1224.965069331202	0
3040	5571.818144498691	1224.935618175558	0
3041	5572.856115563585	1224.226971433422	0
3042	5571.698310233025	1224.953572962878	0
3043	5572.876963212202	1224.22438445933	0
3044	5572.875966804773	1224.223122888891	0
3045	5573.978233874619	1223.362670220086	0
3046	5573.965975102738	1223.425201892908	0
3047	5588.661888329296	1215.70243902299	0
3048	5573.978233875547	1223.362670219715	0
3049	5579.876075687242	1219.784815226824	0
3050	5579.895803869331	1219.76608817341	0
3051	5582.280789923874	1218.480634643383	0
3052	5579.960643511233	1219.750818221141	0
3053	5582.283787413613	1218.488669997356	0
3054	5582.271408614459	1218.481054887012	0
3055	5588.629071255911	1215.712788548542	0
3056	5588.631961821044	1215.718817363447	0
3057	5589.832463183659	1215.05469396947	0
3058	5589.876508494617	1215.049928927938	0
3059	5592.470476283781	1214.007295248347	0
3060	5588.6790814291	1215.73829455844	0
3061	5597.745724807242	1212.335596952228	0
3062	5589.839445850101	1215.051704048962	0
3063	5592.437921116669	1213.981562660882	0
3064	5592.435476094635	1213.984778053999	0
3065	5593.73448297747	1213.498249315104	0
3066	5593.728853951632	1213.515513128842	0
3067	5596.088969551409	1213.164149711718	0
3068	5593.725357163043	1213.498285215727	0
3069	5596.302742810165	1212.654656530434	0
3070	5596.292110776685	1212.657301234304	0
3071	5597.735946202258	1212.317723282957	0
3072	5597.741016722788	1212.319176472764	0
3073	5637.003990423611	1203.616784248543	0
3074	5637.016115386108	1203.617299356095	0
3075	5638.313146351093	1203.454507118733	0
3076	5637.019719667645	1203.624361285786	0
3077	5638.325489093915	1203.454477688906	0
3078	5638.328800431169	1203.456803630146	0
3079	5645.66976375479	1202.90819594852	0
3080	5645.682924674014	1202.902407723778	0
3081	5646.412346282674	1202.91163653397	0
3082	5646.407908302854	1202.912060613808	0
3083	5648.060209842293	1202.850138088989	0
3084	5648.059696607839	1202.846762165248	0
3085	5654.326289087885	1203.566952248109	0
3086	5648.123036233636	1202.8365964682	0
3087	5650.921684720995	1202.974658396524	0
3088	5650.914214276501	1202.973210998853	0
3089	5654.329961436479	1203.556853981106	0
3090	5653.93510827948	1203.386471996092	0
3091	5654.462349225863	1202.802085706833	0
3092	5654.313611715366	1203.553214472763	0
3093	5654.694074907462	1202.864540161767	0
3094	5654.697411382556	1202.864434781675	0
3095	5655.565241628861	1202.888063096864	0
3096	5655.480206587508	1202.879707648537	0
3097	5655.922829426527	1203.108684272045	0
3098	5654.943934953273	1202.930461136493	0
3099	5655.533725200126	1202.921142737691	0
3100	5655.55003529331	1202.893125964593	0
3101	5656.499931950582	1203.159640197036	0
3102	5655.921067531674	1203.111280232579	0
3103	5655.76773798863	1203.537911723042	0
3104	5656.497017849406	1203.180827515921	0
3105	5660.141508971315	1204.117941323469	0
3106	5656.739163489292	1203.744586508328	0
3107	5655.965052154921	1203.592703656897	0
3108	5655.764558031846	1203.53405657931	0
3109	5657.134943387293	1203.805944071411	0
3110	5657.133043035017	1203.807157327269	0
3111	5660.125407156263	1204.115024773445	0
3112	5660.136544959976	1204.119890468942	0
3113	5663.193226067297	1204.710897105598	0
3114	5663.195005213858	1204.725117959659	0
3115	5665.962009530389	1205.485515751055	0
3116	5663.192615286185	1204.7154938581	0
3117	5665.969410530357	1205.496217278375	0
3118	5665.967592144205	1205.495559208361	0
3119	5667.341422800811	1205.972684924755	0
3120	5667.288823760229	1205.964181839176	0
3121	5671.593796582483	1207.408436603957	0
3122	5667.331961777896	1205.979405082643	0
3123	5671.589435671694	1207.407540551508	0
3124	5671.598238744016	1207.406567057566	0
3125	5730.983695155348	1231.86803790565	0
3126	5730.989433313722	1231.878756162711	0
3127	5732.443998199107	1232.544020615436	0
3128	5730.983106551595	1231.868096568559	0
3129	5732.376603424151	1232.465691190514	0
3130	5732.381799799938	1232.470611594972	0
3131	5764.243270627225	1256.362106406026	0
3132	5732.376417991685	1232.434585658831	0
3133	5770.948041969694	1208.965684985278	0
3134	5770.955658920284	1208.963760609865	0
3135	5771.179420811166	1208.865631516508	0
3136	5770.884565132577	1208.993978002312	0
3137	5772.097660076615	1208.674546333559	0
3138	5772.097617322683	1208.673309254457	0
3139	5774.528038946559	1208.707549678559	0
3140	5772.280277598928	1208.683528826937	0
3141	5774.586734659073	1208.735733507094	0
3142	5774.524189072326	1208.706120524261	0
3143	5775.803102257407	1208.727440687875	0
3144	5775.802635395163	1208.72718060962	0
3145	5784.799487049882	1212.302884865555	0
3146	5775.801607528159	1208.73919222219	0
3147	5784.820181651594	1212.322987265941	0
3148	5784.800535956094	1212.311840592562	0
3149	5785.752433854208	1213.033477297869	0
3150	5785.74715460464	1213.032106517594	0
3151	5786.645916372388	1213.780721097447	0
3152	5786.198692065558	1213.162668319259	0
3153	5786.641191905632	1213.761149713677	0
3154	5786.646102316998	1213.78175705301	0
3155	5807.828137586872	1332.824332825021	0
3156	5784.177781621805	1411.505374017636	0
3157	5525.287913270167	1490.128090563524	0
3158	5525.474610626356	1490.041002243134	0
3159	5521.692774991418	1491.683144885585	0
3160	5521.747164134504	1491.646667879265	0
3161	5487.661176090583	1510.43114458843	0
3162	5487.531096251027	1510.530803690337	0
3163	5538.11175997216	1481.964999756594	0
3164	5523.361783513586	1490.928400619108	0
3165	5539.563776641189	1481.171644133391	0
3166	5537.870231182405	1482.111868085545	0
3167	5564.633271052973	1465.03903037766	0
3168	5566.048090205488	1464.255382042046	0
3169	5567.453958533726	1463.138588540418	0
3170	5564.82051548922	1464.921524984617	0
3171	5566.577308810691	1463.569022173988	0
3172	5566.570408471462	1463.569796000208	0
3173	5574.835527845404	1456.814100879575	0
3174	5575.03848929069	1456.678014619122	0
3175	5578.442217527048	1452.090588066635	0
3176	5574.869282311722	1456.781839992131	0
3177	5578.129449730366	1452.25906229438	0
3178	5578.101946723951	1452.283193071126	0
3179	5578.761990876674	1448.034121567946	0
3180	5581.120448661639	1446.375451573858	0
3181	5582.766336315994	1445.102064907233	0
3182	5578.735153473033	1448.050551342544	0
3183	5578.763443251795	1447.877771759964	0
3184	5578.767741725449	1447.866125426845	0
3185	5563.429222566074	1443.268864856226	0
3186	5563.402426753226	1443.285648163842	0
3187	5561.260939616186	1443.387249480962	0
3188	5563.592444627031	1443.130089115056	0
3189	5561.364961544137	1443.308442214981	0
3190	5561.297925591438	1443.380778639586	0
3191	5553.820188850001	1445.965287040133	0
3192	5554.681311061207	1445.413294031541	0
3193	5549.149207642244	1442.135489538091	0
3194	5764.24642906157	1256.376044491521	0
3195	5799.233774106482	1276.329018765711	0
3196	5799.222583346636	1276.322538005021	0
3197	5797.141217435244	1304.666276018768	0
3198	5797.151680358618	1304.675741166457	0
3199	5797.518024901381	1305.866702738808	0
3200	5797.439935516628	1304.740087874111	0
3201	5797.998054849526	1305.945357924342	0
3202	5797.521254242498	1305.867303817764	0
3203	5801.29115983102	1322.307244141636	0
3204	5801.31707464908	1322.199547120542	0
3205	5801.318213126659	1322.410890542321	0
3206	5801.29115983078	1322.307244142606	0
3207	5801.667658539311	1323.798371706744	0
3208	5801.272345310326	1322.47219869278	0
3209	5801.658075642008	1323.799599810622	0
3210	5801.655582772852	1323.802966399234	0
3211	5807.770130089075	1332.790950525933	0
3212	5801.651815507685	1323.779136401705	0
3213	5807.917981620112	1333.936315924287	0
3214	5807.774842984967	1332.807865489199	0
3215	5807.972906708681	1334.034681859981	0
3216	5807.969801057643	1334.026890689024	0
3217	5808.680635704546	1336.502681405946	0
3218	5807.949708783228	1333.986275938345	0
3219	5808.746163048565	1336.448507396449	0
3220	5808.672837940941	1336.500259258471	0
3221	5808.714070044331	1337.749560364672	0
3222	5808.778841552781	1336.478644583421	0
3223	5808.690412223421	1337.749362011935	0
3224	5808.690413082291	1337.755765677501	0
3225	5808.934846221817	1339.039446950757	0
3226	5808.724894818688	1337.74201106101	0
3227	5809.552059671527	1338.955732601823	0
3228	5808.934227621407	1339.036129877941	0
3229	5808.72866230052	1340.372392351101	0
3230	5809.173474864943	1338.995675262991	0
3231	5808.74579105617	1340.364998988463	0
3232	5808.729461962908	1340.371929073043	0
3233	5808.748140930407	1341.712999007635	0
3234	5808.775913966836	1341.709806784431	0
3235	5808.852201842448	1348.265575810461	0
3236	5808.867667868464	1341.688980171509	0
3237	5809.114570054346	1348.211048456003	0
3238	5808.850070555764	1348.26328068679	0
3239	5808.574308256264	1349.706846445233	0
3240	5808.567911132588	1349.704905287239	0
3241	5808.474291132905	1350.411572379272	0
3242	5808.796185904381	1349.426413953937	0
3243	5808.784307279037	1350.490627012231	0
3244	5808.474331355186	1350.422713849287	0
3245	5808.006585049199	1353.34173796244	0
3246	5807.989151174019	1353.366651321174	0
3247	5807.319162190339	1357.271279396824	0
3248	5807.335743646443	1357.229800962084	0
3249	5805.706771660953	1363.62636249425	0
3250	5807.318434681749	1357.277826332544	0
3251	5807.148108847103	1358.608158574589	0
3252	5808.455663005861	1353.231298066947	0
3253	5807.282098371086	1358.543050996856	0
3254	5807.152896502392	1358.603206645274	0
3255	5806.92989933948	1359.948115195914	0
3256	5806.92989934045	1359.94811519616	0
3257	5805.66459039789	1363.655228750292	0
3258	5805.661515340131	1363.648812091784	0
3259	5805.213336612194	1364.966392361578	0
3260	5807.244297171117	1359.863649401453	0
3261	5805.234527455204	1364.951087016444	0
3262	5805.233177817734	1364.957909408316	0
3263	5804.78039918773	1366.201379734317	0
3264	5804.760115490441	1366.171985858333	0
3265	5802.878332272232	1375.282281674092	0
3266	5804.770673199366	1366.20545630532	0
3267	5803.669582591428	1370.054254767928	0
3268	5803.630887954872	1369.99069781344	0
3269	5536.839722055865	1424.118738431389	0
3270	5803.670469354314	1370.05208590859	0
3271	5802.874508283279	1375.306762478166	0
3272	5802.853419216246	1375.317133589754	0
3273	5802.643336589001	1376.655907817406	0
3274	5802.669727627039	1376.638428838889	0
3275	5799.508759743745	1386.814901891617	0
3276	5802.622438224411	1376.670522154508	0
3277	5799.141329577995	1386.89988025826	0
3278	5799.141776593939	1386.898236923203	0
3279	5798.948657194358	1388.160143854228	0
3280	5798.973246876374	1388.10719964002	0
3281	5797.839329271108	1390.722084322146	0
3282	5798.942137097549	1388.162451237061	0
3283	5797.814045240979	1390.745240187952	0
3284	5797.852547205595	1390.741987592228	0
3285	5797.002324712526	1392.049349853181	0
3286	5797.039245060398	1392.036205203598	0
3287	5796.305217751005	1393.251467879392	0
3288	5796.824693797264	1393.031195379279	0
3289	5793.348018993047	1396.974605333631	0
3290	5797.027674068007	1392.041453439897	0
3291	5796.124185253191	1393.309838518292	0
3292	5796.125313899842	1393.308715883481	0
3293	5793.373960900584	1396.99027494672	0
3294	5793.238035756203	1397.026736441214	0
3295	5784.803591580512	1411.280985750034	0
3296	5785.542442452184	1411.042711652317	0
3297	5809.096625601067	1403.498821752782	0
3298	5785.423603315174	1411.042531853691	0
3299	5808.64379406532	1403.660710191555	0
3300	5808.606439556143	1403.672613869976	0
3301	5843.870767264983	1393.171998054822	0
3302	5843.932569353654	1393.131852875425	0
3303	5848.882490387401	1391.871036911296	0
3304	5843.911470837178	1393.165576410462	0
3305	5848.94454219306	1391.85000998184	0
3306	5848.975364785241	1391.829996568028	0
3307	5868.181922762453	1386.461491548787	0
3308	5868.32874325358	1386.408415337169	0
3309	5872.221377042741	1385.399176146723	0
3310	5868.387769460298	1386.397278592233	0
3311	5872.191729437534	1385.400118963147	0
3312	5868.687025133766	1386.241329819083	0
3313	5872.87496240666	1384.994043127207	0
3314	5872.197368526478	1385.395455425627	0
3315	5879.731965163501	1383.586818322785	0
3316	5879.866693484912	1383.549362935095	0
3317	5886.530197913826	1382.013317373579	0
3318	5879.813809863459	1383.555371964081	0
3319	5886.862326535227	1381.936229855109	0
3320	5886.878735946446	1381.932114735891	0
3321	5889.086050554699	1381.446185379839	0
3322	5889.093027793813	1381.446675830036	0
3323	5891.598544689594	1380.950284807159	0
3324	5889.028853850328	1381.440335685181	0
3325	5891.562363360747	1380.952312666392	0
3326	5891.608035849069	1380.9503119996	0
3327	5895.147369074144	1380.199608574782	0
3328	5895.106143548021	1380.215215070139	0
3329	5900.841316154252	1379.161386145502	0
3330	5895.218401972479	1380.178500809067	0
3331	5900.697715804386	1379.181245244471	0
3332	5900.825851200036	1379.167999856021	0
3333	5905.644858650961	1378.440603256927	0
3334	5905.628359795766	1378.443878584707	0
3335	5905.803671152786	1377.982681014805	0
3336	5905.743591347004	1377.634083547662	0
3337	5906.022941055337	1377.893625662617	0
3338	5905.793725819951	1377.98583975811	0
3339	5908.254186576276	1377.619374888063	0
3340	5908.246810944134	1377.62339967278	0
3341	5907.291932081187	1378.151091406183	0
3342	5908.554633731514	1377.445713965571	0
3343	5909.935774246429	1377.433743155604	0
3344	5907.275231891908	1378.145047941009	0
3345	5915.861982039771	1376.661340220795	0
3346	5915.579967324637	1376.697206254883	0
3347	5922.306451654198	1375.55754376033	0
3348	5922.991124472339	1374.902798733217	0
3349	5916.148106211758	1376.567677178516	0
3350	5915.894943317604	1376.647076122783	0
3351	5918.832536290389	1376.355030189837	0
3352	5918.830692828464	1376.353901936202	0
3353	5922.114063782274	1375.660039420988	0
3354	5919.383988034644	1376.122279032647	0
3355	5922.215796268725	1375.581739760324	0
3356	5922.108692496118	1375.660412880242	0
3357	5928.999185305953	1375.858577792842	0
3358	5928.973319145709	1375.856725219717	0
3359	5931.448525717742	1375.794243061142	0
3360	5929.152266594543	1375.834503220958	0
3361	5931.769215920358	1375.69117185871	0
3362	5931.487485679063	1375.798550460614	0
3363	5968.870794891584	1375.318781454297	0
3364	5968.904301706059	1375.319652773771	0
3365	5970.840937197583	1375.574637052934	0
3366	5968.934077748721	1375.297558997475	0
3367	5970.878988214803	1375.572511525928	0
3368	5970.840298449424	1375.575439081772	0
3369	6167.383247291629	1403.401783395401	0
3370	6167.32682912704	1403.330620912189	0
3371	6169.431835928071	1402.950881745903	0
3372	6167.392840938408	1403.39998041987	0
3373	6169.864289194897	1403.416377395045	0
3374	6169.77228784117	1403.356341737066	0
3375	6313.285912568777	1512.385719233864	0
3376	6313.354026652709	1512.29092836084	0
3377	6230.504755850099	1413.382615015645	0
3378	6230.591563988242	1413.478676509814	0
3379	6211.491975401394	1361.946959303147	0
3380	6211.424378637868	1361.843858550898	0
3381	6210.756497998429	1362.290443560887	0
3382	6210.750246110669	1362.291555616645	0
3383	6209.209468600789	1358.581880577331	0
3384	6209.176509476516	1358.581295455867	0
3385	6325.875058295995	1127.146763570879	0
3386	6230.168852063724	1412.997768729542	0
3387	6482.416140268728	1025.288076140009	0
3388	6208.833903233337	1358.04450316534	0
3389	6209.701375871367	1356.430367803693	0
3390	6211.096871169608	1360.971523351534	0
3391	6762.481718501818	1586.824614890487	0
3392	6325.874195598441	1127.145736017517	0
3393	6328.089760912233	1124.156265751435	0
3394	6325.870831449072	1127.137900987008	0
3395	6328.400806573432	1123.762371000225	0
3396	6328.086932691354	1124.162186988332	0
3397	6328.357840573257	1123.217096998314	0
3398	6328.356834304534	1123.214462667043	0
3399	6329.326543299012	1121.878695058242	0
3400	6328.73519841368	1122.788597408326	0
3401	6329.305648912003	1121.858884616347	0
3402	6329.314310288364	1121.883694430018	0
3403	6330.376014375392	1120.644839589811	0
3404	6330.391137069171	1120.646517877414	0
3405	6331.17739657458	1119.505150273215	0
3406	6330.761549377114	1120.310875517612	0
3407	6331.238341607326	1119.430610871811	0
3408	6331.15639882178	1119.518760181088	0
3409	6343.257388141148	1105.792098802841	0
3410	6343.257432503671	1105.794734199636	0
3411	6345.235945084059	1103.738406603375	0
3412	6343.260726625735	1105.786586340867	0
3413	6345.248012976534	1103.731624557968	0
3414	6345.24199512461	1103.735177522655	0
3415	6346.209316182847	1102.792893333998	0
3416	6346.220480991135	1102.793082816749	0
3417	6348.092007685102	1100.80774094968	0
3418	6346.251731545239	1102.757414984659	0
3419	6348.076789184643	1100.810425738882	0
3420	6348.091590971122	1100.802493611603	0
3421	6378.542396706864	1076.080635128127	0
3422	6378.561084859582	1076.062703372577	0
3423	6380.863834818212	1074.074420362741	0
3424	6379.786221029786	1075.714154296047	0
3425	6382.751170417534	1073.315703703927	0
3426	6380.861463118457	1074.069851318268	0
3427	6382.124383314702	1073.187759574686	0
3428	6382.130971890922	1073.183065436059	0
3429	6395.086768658748	1062.814228530881	0
3430	6382.724537774357	1072.819074452669	0
3431	6392.039703481205	1065.685941517258	0
3432	6393.845223703263	1063.912235211365	0
3433	6393.971155161873	1064.161188199524	0
3434	6393.963259668093	1064.173755997901	0
3435	6395.541447930616	1062.315238246985	0
3436	6395.093597957075	1062.807366675564	0
3437	6395.325970019161	1062.490897656335	0
3438	6395.330645525188	1062.485836741602	0
3439	6396.801985324008	1061.21303499484	0
3440	6396.810552372881	1061.201663818841	0
3441	6398.8443182831	1059.2739072267	0
3442	6398.784814076604	1059.336913839609	0
3443	6401.184833218998	1057.413990044017	0
3444	6398.840743898107	1059.281537188983	0
3445	6401.203674030376	1057.395768959603	0
3446	6401.205584841682	1057.397720988517	0
3447	6402.467296600753	1056.447598314909	0
3448	6402.444075347623	1056.456961499646	0
3449	6402.48320862742	1056.437911613571	0
3450	6402.467296601662	1056.447598315328	0
3451	6404.004632485035	1055.396904207091	0
3452	6403.998583843475	1055.403214382074	0
3453	6404.234336982556	1055.02251597023	0
3454	6404.239183425259	1055.019816696431	0
3455	6404.282985481974	1055.115894717558	0
3456	6404.281234507343	1055.110120190266	0
3457	6406.990225252581	1053.348573880355	0
3458	6406.99065403625	1053.349226187272	0
3459	6408.185179412465	1052.667589698707	0
3460	6406.988592590642	1053.349104510855	0
3461	6408.586111136576	1052.557976632308	0
3462	6408.182512446301	1052.666551719608	0
3463	6409.38611031367	1051.859385024822	0
3464	6409.35254154309	1051.917533323223	0
3465	6408.867494820706	1052.468196816185	0
3466	6409.382002963896	1051.851021208428	0
3467	6412.608391117888	1049.843434025387	0
3468	6408.865290162619	1052.468007702888	0
3469	6409.419237836802	1051.832521251235	0
3470	6409.384520753227	1051.860283632361	0
3471	6412.604720871186	1049.848634496257	0
3472	6412.609441215664	1049.842881573368	0
3473	6413.762423594788	1049.272855465254	0
3474	6413.77221766352	1049.267822055088	0
3475	6418.176998612182	1046.822708347928	0
3476	6413.771289658789	1049.269231755444	0
3477	6418.177610849829	1046.823930210289	0
3478	6418.177336525405	1046.824085775794	0
3479	6446.889557770652	1030.89104808395	0
3480	5566.808154795421	1797.209589457492	0
3481	5739.971931082013	1753.122537962719	0
3482	5739.512518565374	1753.229303242825	0
3483	5756.396330799906	1749.309346902847	0
3484	5744.801185192126	1751.869399642761	0
3485	5758.986271656397	1748.601863028067	0
3486	5756.422379348569	1749.306141613958	0
3487	6295.98807895808	1642.690870357321	0
3488	6446.89990147215	1030.885876242811	0
3489	6482.411456635471	1025.27204999581	0
3490	6482.409954396955	1025.273767980096	0
3491	6522.852129052757	1033.582329438735	0
3492	6522.84570093426	1033.587388675067	0
3493	6567.823597714809	1006.842025461721	0
3494	6567.835014869541	1006.822164500558	0
3495	6568.42189627006	1007.795521712208	0
3496	6567.274141012818	1007.166570759574	0
3497	6567.423815169623	1008.323467478796	0
3498	6567.409214089881	1008.327322464445	0
3499	6568.417538890137	1008.015041532261	0
3500	6567.551172617354	1008.348736537296	0
3501	6568.528170681117	1007.836305418661	0
3502	6568.535457943188	1007.998666203871	0
3503	6571.697045607056	1007.317208876566	0
3504	6571.693198085108	1007.314602601613	0
3505	6618.881936568025	1001.203899970454	0
3506	6618.76667672338	1001.212815968632	0
3507	6723.196930121409	1000.142660485028	0
3508	6723.210163681031	1000.134539520853	0
3509	6723.065125103461	1000.006731110499	0
3510	6723.060610365697	1000.0070307206	0
3511	6722.775059248872	1000	0
3512	6722.778063696423	1000.001039681438	0
3513	6723.310740589384	1000.033457453871	0
3514	6723.291340760501	1000.038030433785	0
3515	6723.315931566684	1000.202958155186	0
3516	6723.316596809516	1000.202807144372	0
3517	6726.51672530416	1001.264709598801	0
3518	6726.517139825799	1001.266221867381	0
3519	6733.502500088398	1002.949680070247	0
3520	6726.525435202906	1001.262242045538	0
3521	6733.509821423251	1002.950526261394	0
3522	6733.505143352881	1002.958749325878	0
3523	6735.721559537758	1003.756139866482	0
3524	6735.731381672915	1003.75714071695	0
3525	6739.086907906922	1004.802794515736	0
3526	6735.733165982294	1003.751427991286	0
3527	6739.090299893736	1004.797288157881	0
3528	6739.086700092423	1004.804654181389	0
3529	6740.345465126617	1005.258838484508	0
3530	6740.356482036417	1005.257673687847	0
3531	6740.413121919388	1005.291015424201	0
3532	6740.356976062043	1005.247333867569	0
3533	6740.510233938323	1005.316032020188	0
3534	6740.415011972958	1005.293471166392	0
3535	6741.676285499405	1005.999562428343	0
3536	6741.660691115321	1005.997342861136	0
3537	6744.700720633893	1007.730595784849	0
3538	6741.671803089992	1005.998442941167	0
3539	6744.70657412847	1007.729107931161	0
3540	6744.6978793497	1007.735492420978	0
3541	6745.921128401365	1008.294916133082	0
3542	6745.938916558642	1008.288848340937	0
3543	6746.144632353886	1008.426028820158	0
3544	6745.947406453739	1008.305698346034	0
3545	6746.12081264094	1008.422087534898	0
3546	6746.130029594366	1008.431170037714	0
3547	6748.040316209424	1010.141675744735	0
3548	6748.042174826913	1010.142322617789	0
3549	6750.765162312513	1012.216164716987	0
3550	6748.052994449477	1010.140521596237	0
3551	6750.775432930341	1012.211158806253	0
3552	6750.764114410538	1012.223432105499	0
3553	6764.478685926098	1022.845936564664	0
3554	6764.427641521839	1022.868046367584	0
3555	6765.075728583632	1023.689444813116	0
3556	6764.480170318811	1022.846030208632	0
3557	6765.166758884303	1023.572318056122	0
3558	6765.066545139171	1023.691487176787	0
3559	6765.438103457667	1024.897018385489	0
3560	6765.622546399987	1024.701746490646	0
3561	6767.015725885893	1024.144342921321	0
3562	6765.434280289071	1024.894249381966	0
3563	6765.945697969028	1025.929691933331	0
3564	6765.951741335955	1025.943811415922	0
3565	6766.469717358252	1026.954886112766	0
3566	6766.401263404547	1025.767774378156	0
3567	6766.642251303792	1026.863480095752	0
3568	6766.472053708098	1026.933135898285	0
3569	6766.810897308087	1028.061033570889	0
3570	6766.813427829256	1028.067523975178	0
3571	6768.459511105451	1029.549796042398	0
3572	6766.997920649554	1027.920934855311	0
3573	6769.999149034235	1028.209624460015	0
3574	6768.460044708809	1029.554810177269	0
3575	6768.249315261115	1032.555752693523	0
3576	6768.246159999315	1032.559529421477	0
3577	6768.53143815405	1033.346463896475	0
3578	6768.5325495698	1033.353036071632	0
3579	6769.251943577281	1034.373710951866	0
3580	6769.248867957165	1034.380365067584	0
3581	6769.936504264546	1035.267287543119	0
3582	6769.573976603684	1034.252685227776	0
3583	6770.171334222543	1035.069328766333	0
3584	6769.936913489722	1035.265175673745	0
3585	6769.999662409273	1036.51712130795	0
3586	6770.000186542466	1036.517929966962	0
3587	6770.944120857253	1038.422519267332	0
3588	6770.910404429022	1036.145623100868	0
3589	6771.001045977386	1038.32033431645	0
3590	6770.946057533896	1038.421368437239	0
3591	6771.501389121095	1039.465841403466	0
3592	6771.505217926655	1039.464666675618	0
3593	6772.980996474838	1041.117402785822	0
3594	6771.930707030733	1038.936861636326	0
3595	6773.197771522804	1040.897188586053	0
3596	6772.980038216105	1041.116784161945	0
3597	6773.723203480091	1041.842297878015	0
3598	6773.759290192664	1041.775276098918	0
3599	6773.661900769646	1041.902144695992	0
3600	6773.718709639219	1041.846568638663	0
3601	6776.095183168638	1079.383460188697	0
3602	6776.092890645457	1079.379874396811	0
3603	6776.306723085259	1080.554273380335	0
3604	6776.151014174353	1079.35033227538	0
3605	6776.351592658537	1080.530204227486	0
3606	6776.30785873248	1080.548698055612	0
3607	6776.248040618322	1081.803080491128	0
3608	6776.217845002224	1081.840793705573	0
3609	6775.595755495886	1084.490952023017	0
3610	6776.335828208128	1081.759243879153	0
3611	6775.654802280225	1084.468684622183	0
3612	6775.59620714943	1084.489092700973	0
3613	6775.404783657639	1085.771294859009	0
3614	6775.395727395857	1085.783040244351	0
3615	6775.288606815353	1087.098016696761	0
3616	6775.428479989521	1085.76127543982	0
3617	6775.368119418141	1087.019432701376	0
3618	6775.291386804847	1087.096247909478	0
3619	6757.802155624975	1166.185275341792	0
3620	6757.780150245975	1166.180821374401	0
3621	6755.597594597053	1175.562290702834	0
3622	6755.596658904153	1175.559721984868	0
3623	6752.127923235981	1190.719853119529	0
3624	6752.142671139556	1190.695493594612	0
3625	6752.134613783785	1191.693913860939	0
3626	6752.146601026136	1190.80713770278	0
3627	6752.392605611491	1191.521329284682	0
3628	6752.108003592833	1191.722833887164	0
3629	6749.90773944015	1198.701287416534	0
3630	6749.902262241496	1198.710394804436	0
3631	6749.324581483917	1200.261444290522	0
3632	6750.071098603878	1198.616286556518	0
3633	6750.503622415383	1199.500202828832	0
3634	6749.324229442878	1200.260973181073	0
3635	6748.042344872092	1202.754300996299	0
3636	6748.030509329004	1202.779206413918	0
3637	6747.10427563094	1204.244699037463	0
3638	6748.244321642982	1202.689597017234	0
3639	6747.60922632381	1204.215040380945	0
3640	6747.105118933039	1204.242218798148	0
3641	6746.64239332551	1205.651477406968	0
3642	6746.615391838237	1205.682556510375	0
3643	6742.374815115098	1212.124206837002	0
3644	6746.777525117994	1205.611780166007	0
3645	6745.203469017879	1211.416825283774	0
3646	6742.375001974324	1212.124537943563	0
3647	6742.699727158484	1213.282299750239	0
3648	6742.691170974933	1213.291586440369	0
3649	6743.395892499761	1213.933147664492	0
3650	6742.783774974092	1213.305203901463	0
3651	6743.895409224035	1213.537514303954	0
3652	6743.394311980792	1213.931099816921	0
3653	6717.231663895862	1250.5548559974	0
3654	6717.226615648156	1250.555876006574	0
3655	6715.330478529895	1251.856095521945	0
3656	6717.289874862885	1250.535968541735	0
3657	6715.935336304132	1251.595013617011	0
3658	6715.294556377774	1251.88659797272	0
3659	6648.609189156874	1332.981826937966	0
3660	6648.6023995572	1332.984030377579	0
3661	6647.52497800255	1334.514296507904	0
3662	6648.847288523157	1332.922325548503	0
3663	6655.683455494946	1330.870724214523	0
3664	6647.53554940397	1334.500673282366	0
3665	6624.439973173674	1359.671914326302	0
3666	6624.499311084825	1359.64886178464	0
3667	6623.754630504491	1361.046510949409	0
3668	6628.267006196967	1358.224018249078	0
3669	6626.781429137895	1359.868408567019	0
3670	6623.749858228424	1361.050327983281	0
3671	6556.009682490008	1415.314973980795	0
3672	6556.050026319175	1415.287009673765	0
3673	6554.343936771318	1416.56362241547	0
3674	6556.353551513428	1415.166586791893	0
3675	6554.75778215713	1416.465691134519	0
3676	6554.358917515534	1416.556198932025	0
3677	6549.137315311102	1420.744374398909	0
3678	6549.05290730074	1420.797431790196	0
3679	6547.508079230935	1422.264983003728	0
3680	6550.439394791503	1420.25966561407	0
3681	6549.47905300333	1421.59794552258	0
3682	6549.177661587522	1420.780019202756	0
3683	6549.932661894281	1421.403161759208	0
3684	6547.431886593404	1422.30216656921	0
3685	6481.713488358075	1463.08888358758	0
3686	6481.728812664112	1463.085442077764	0
3687	6478.368038966621	1464.868434468265	0
3688	6483.279574239714	1462.572230943712	0
3689	6479.421144948066	1464.500341956582	0
3690	6478.347429827798	1464.881131958312	0
3691	6370.031100231883	1525.594160738353	0
3692	6369.900001059323	1525.65601007414	0
3693	6309.00372303613	1554.551915729878	0
3694	6308.891055442886	1554.602954126026	0
3695	6305.014544884081	1556.372680855765	0
3696	6314.269999641558	1553.000677114374	0
3697	6306.092365645896	1556.11280244266	0
3698	6305.042014034652	1556.376163094791	0
3699	6281.865573657989	1566.638136707532	0
3700	6281.780019623815	1566.682891221504	0
3701	6272.411853935293	1569.853993257327	0
3702	6283.47191679647	1566.1800966428	0
3703	6273.387865053126	1569.545697231882	0
3704	6272.41553276324	1569.854164207051	0
3705	6088.618964242169	1641.927181159666	0
3706	6088.520396683485	1641.959282945944	0
3707	6089.806285677983	1642.219805089918	0
3708	6094.513882529922	1640.757112157636	0
3709	6092.505963703899	1641.425036553786	0
3710	6089.826963589119	1642.218292703926	0
3711	5577.158180534674	1794.504945907788	0
3712	6370.305260602485	1525.511213822438	0
3713	6767.527926466923	1589.267076257094	0
3714	6295.949520372869	1642.720822119186	0
3715	6294.118452001825	1644.672301211436	0
3716	6294.649015547371	1644.547098708756	0
3717	6303.794665203966	1643.490407090217	0
3718	6295.280136091294	1644.695128775388	0
3719	6296.336642861905	1643.013990609172	0
3720	6296.14815138003	1642.824799983115	0
3721	6297.30965701726	1642.326646721405	0
3722	6297.670772348509	1642.217404254007	0
3723	6299.770887773682	1641.364355175181	0
3724	6299.830840065553	1641.331854903421	0
3725	6300.606749572038	1640.399450869132	0
3726	6303.876332518454	1643.47661467078	0
3727	6307.570112909332	1642.949559783493	0
3728	6300.630676825131	1640.368658129611	0
3729	6304.076901629292	1638.394638207229	0
3730	6304.097365956915	1643.431026650725	0
3731	6307.475726640061	1642.967746485468	0
3732	6307.570112910296	1642.949559783234	0
3733	6320.614712645289	1640.822971821658	0
3734	6304.10193705199	1638.405176857484	0
3735	6350.836934992532	1563.539059592893	0
3736	6320.934457273923	1640.92998809372	0
3737	6319.959785711821	1641.503278045502	0
3738	6320.368075936452	1641.094433401066	0
3739	6320.856232329348	1640.755510481227	0
3740	6320.672631827088	1640.813682141082	0
3741	6331.120777219485	1637.512431363648	0
3742	6330.809019382632	1637.623979194692	0
3743	6335.717987778069	1637.762884595704	0
3744	6336.790822971498	1637.060891572211	0
3745	6325.553065805605	1645.419699520535	0
3746	6333.824284294118	1639.166568080576	0
3747	6296.394153020219	1642.44120644019	0
3748	6331.129050835683	1637.51185308599	0
3749	6355.978148905018	1630.487685397796	0
3750	6335.755192637696	1637.734982913546	0
3751	6361.95442615347	1623.85213938873	0
3752	6354.451994323468	1630.95747784198	0
3753	6353.823911612524	1631.779008223907	0
3754	6353.789935574432	1631.819224498676	0
3755	6358.008542508887	1630.672923137366	0
3756	6357.994650113304	1630.673256174064	0
3757	6356.737367601359	1630.250205904103	0
3758	6358.091453219075	1630.707463502948	0
3759	6357.849135298035	1629.95305438901	0
3760	6356.738987030078	1630.250744428919	0
3761	6362.524486082482	1624.500405341932	0
3762	6362.531614868069	1624.534584607136	0
3763	6362.396643895941	1623.707984514929	0
3764	6361.954426154323	1623.85213938821	0
3765	6369.187209510721	1587.134383044675	0
3766	6369.839019893509	1588.509326872253	0
3767	6398.22440271903	1624.57985106001	0
3768	6398.219413794755	1624.579892199082	0
3769	6398.879806914287	1623.334156839688	0
3770	6350.877782614893	1563.679475183197	0
3771	6369.104066517893	1586.908098726116	0
3772	6406.569890554059	1623.943302449087	0
3773	6399.78695253033	1623.749603358291	0
3774	6398.966667597251	1623.372771229588	0
3775	6369.455758490587	1587.027762022951	0
3776	6369.390313637225	1586.871258246721	0
3777	6317.804497694202	1517.14334599205	0
3778	6317.816078536511	1517.145368949119	0
3779	6534.304007677665	1597.515023781588	0
3780	6534.38870795517	1597.54386753855	0
3781	6534.627905146626	1597.692213296889	0
3782	6534.547963085102	1597.665826973552	0
3783	6537.883905793798	1597.32828525411	0
3784	6537.919080579903	1597.350781873778	0
3785	6548.502770094219	1599.079222363127	0
3786	6537.938274369813	1597.386278520594	0
3787	6548.547763793229	1599.11853793338	0
3788	6548.453567614977	1599.066949770971	0
3789	6551.472324235423	1599.418550974626	0
3790	6551.518192698088	1599.416586766937	0
3791	6565.29030160105	1600.492927187212	0
3792	6551.630184780883	1599.439402608594	0
3793	6566.749927238849	1600.659035869314	0
3794	6565.365796942478	1600.500742164369	0
3795	6568.301702393457	1600.699375392142	0
3796	6568.259860497186	1600.696441100376	0
3797	6573.216659395384	1601.012720563302	0
3798	6569.255947778624	1600.825461594826	0
3799	6574.902204070613	1601.094022166282	0
3800	6573.216554718247	1601.017030544185	0
3801	6576.169012405615	1601.135909939333	0
3802	6575.938251231542	1601.120806022323	0
3803	6580.457766537806	1601.240851267856	0
3804	6576.149769219028	1601.134486309529	0
3805	6585.953725148111	1601.273778071727	0
3806	6580.537803587533	1601.240464125755	0
3807	6582.670380339581	1601.237248344495	0
3808	6582.669433057905	1601.237899587693	0
3809	6585.11837929811	1601.245293729178	0
3810	6582.959944580567	1601.38682621624	0
3811	6585.861048813846	1601.34633665326	0
3812	6585.157069114131	1601.243473648227	0
3813	6671.94722528879	1598.999447348339	0
3814	6671.987949305689	1598.976554861833	0
3815	6674.021466174216	1598.882258094367	0
3816	6671.968962821495	1598.994683755857	0
3817	6673.969692344954	1598.888203735627	0
3818	6673.969692345921	1598.888203735374	0
3819	6724.369672754941	1595.657137145243	0
3820	6724.481517477638	1595.66591300468	0
3821	6730.765522160296	1594.866405671003	0
3822	6724.426586326364	1595.646847062689	0
3823	6730.723403188727	1594.884971122458	0
3824	6730.720903381953	1594.885696433263	0
3825	6733.205961768774	1594.720541606477	0
3826	6733.23492493197	1594.716380544915	0
3827	6737.608303404228	1594.305721516983	0
3828	6733.117930583114	1594.696347014346	0
3829	6737.530916363336	1594.335608003378	0
3830	6737.540644824827	1594.335819848675	0
3831	6742.928362085822	1593.264776656624	0
3832	6742.57056898763	1593.125923093624	0
3833	6742.055807203544	1591.431333350033	0
3834	6726.772633598981	1586.902907151051	0
3835	5799.750913343005	1276.528309245057	0
3836	6742.970032209729	1593.260459369148	0
3837	6742.672428449534	1591.59729255915	0
3838	6742.672428448581	1591.597292558848	0
3839	6751.057693288083	1593.455883235781	0
3840	6751.313890613208	1593.502235533768	0
3841	6753.850198604427	1593.631257764968	0
3842	6751.041020054319	1593.415895545744	0
3843	6753.748986722399	1593.605780390628	0
3844	6753.76503987198	1593.605020076553	0
3845	6759.057354940822	1593.563944383669	0
3846	6759.090242187371	1593.565808746247	0
3847	6761.345581109998	1593.271951680186	0
3848	6759.284798718249	1593.594102969021	0
3849	6762.2613749058	1593.475027870266	0
3850	6761.361927304875	1593.264173758078	0
3851	6763.892313435868	1592.688422073348	0
3852	6763.950516393055	1592.693338988994	0
3853	6764.974432251229	1592.382705832812	0
3854	6764.967982154531	1592.383164826385	0
3855	6767.43989534721	1591.540356934695	0
3856	6767.541506131522	1591.5310271088	0
3857	6767.601518152631	1589.387187494988	0
3858	6762.515516538122	1586.819725681783	0
3859	6666.416112377452	1528.984977103611	0
3860	6666.295691670843	1528.90086797015	0
3861	6666.617918117166	1528.474011484216	0
3862	6666.445334057507	1528.991994377201	0
3863	6666.747896425792	1528.57959376071	0
3864	6666.709223903561	1528.558618134493	0
3865	6558.576147043439	1430.189940688073	0
3866	6558.52503317541	1430.235870716095	0
3867	6036.873547067553	1364.146919019462	0
3868	6036.917546564093	1364.161298802655	0
3869	5775.478390333798	1260.81014676231	0
3870	6132.689859288595	1408.914269172246	0
3871	6447.426687739768	1030.503025074778	0
3872	6558.577485413583	1430.101455065001	0
3873	6522.85867049218	1033.637638314984	0
3874	6767.653131988027	1589.378225001257	0
3875	6816.52193373137	1597.471058153183	0
3876	6767.620023920401	1591.502317135906	0
3877	6816.72772957324	1597.512662658022	0
3878	6816.547537891689	1597.471259562333	0
3879	6882.659381898586	1602.651779176405	0
3880	6882.684660484261	1602.655103161455	0
3881	6885.245676728971	1602.786092024466	0
3882	6882.645626713696	1602.651008338388	0
3883	6885.225448515745	1602.787113259372	0
3884	6885.22678184576	1602.782548303328	0
3885	6989.354801443917	1605.902800631542	0
3886	6989.384491712981	1605.89110445622	0
3887	6989.452756803341	1605.921859089329	0
3888	6989.354658647764	1605.903294616386	0
3889	6991.335061516733	1606.188695607597	0
3890	6991.347245765408	1606.188125103192	0
3891	6997.413225228031	1606.492537445742	0
3892	6991.313573984362	1606.186993113814	0
3893	6997.205824207989	1606.508318642873	0
3894	6997.462787248309	1606.493856129336	0
3895	6999.409501192315	1606.555507706262	0
3896	6999.474645835131	1606.535012835013	0
3897	7003.331183474675	1606.670746783152	0
3898	6999.429944184594	1606.556450629905	0
3899	7003.04280352043	1606.707439122213	0
3900	7003.070206842625	1606.704932485108	0
3901	7007.13607634845	1606.753589760815	0
3902	7007.151362010974	1606.708344594808	0
3903	7009.773539509801	1606.624812303109	0
3904	7007.146659791049	1606.753635332124	0
3905	7009.425795076026	1606.758328402648	0
3906	7009.411535490339	1606.75855301481	0
3907	7014.468387776107	1606.408470094311	0
3908	7013.328266340732	1606.203137358589	0
3909	7014.789014699591	1606.349654063323	0
3910	7014.546150090951	1606.411106081935	0
3911	7022.02731089004	1607.070921105209	0
3912	7022.043507153356	1607.071017703963	0
3913	7024.038058503731	1607.118217408358	0
3914	7022.309520799628	1607.043728045244	0
3915	7024.043758130318	1607.120745506335	0
3916	7024.038058504708	1607.118217408138	0
3917	7042.208774820074	1607.126259360244	0
3918	7042.209704308356	1607.12639565697	0
3919	7044.148057207942	1607.150374709093	0
3920	7042.153955088186	1607.108416793303	0
3921	7044.237775630247	1607.145005375898	0
3922	7044.146967249835	1607.152058290551	0
3923	7046.086848806352	1607.138088772896	0
3924	7046.096918161969	1607.138566000936	0
3925	7048.004109685544	1607.124305183021	0
3926	7046.120593327147	1607.139371889289	0
3927	7047.974812073122	1607.118953938997	0
3928	7048.016425912278	1607.125416484175	0
3929	7050.020185378655	1607.128113770819	0
3930	7049.737092277413	1607.129762159382	0
3931	7050.136431187224	1607.122353565899	0
3932	7050.083178350054	1607.126103237942	0
3933	7053.525200456777	1607.157835478103	0
3934	7053.496417412502	1607.157774060021	0
3935	7056.729169244947	1607.139617761118	0
3936	7053.754646275145	1607.139101265219	0
3937	7056.729178489506	1607.142455644443	0
3938	7056.734457210239	1607.141506447757	0
3939	7058.457468419563	1607.135199114557	0
3940	7058.481580743093	1607.136164085528	0
3941	7060.161425148784	1607.116061587143	0
3942	7058.495850048066	1607.1315378311	0
3943	7060.186983039441	1607.112783790398	0
3944	7060.157241084751	1607.11607538795	0
3945	7061.887968601848	1607.070911842207	0
3946	7061.899216134572	1607.072274624913	0
3947	7065.297211791327	1607.055328339548	0
3948	7061.950749758093	1607.068665566526	0
3949	7065.326794154391	1607.053310021076	0
3950	7065.299114764452	1607.055125257055	0
3951	7067.098572969831	1607.003992374029	0
3952	7067.154241196315	1607.000687370912	0
3953	7070.364433226892	1606.933831538103	0
3954	7067.157868838707	1606.990819736005	0
3955	7070.409113696673	1606.923560668426	0
3956	7070.381781367232	1606.933898190623	0
3957	7071.936411435448	1606.908869374609	0
3958	7071.975275117622	1606.909817699609	0
3959	7073.601020320883	1606.865961007458	0
3960	7071.958734769354	1606.909070994161	0
3961	7073.643540882042	1606.862866774746	0
3962	7073.588353905896	1606.870178937836	0
3963	7075.353553383718	1606.814388342472	0
3964	7075.369311048073	1606.812581675871	0
3965	7078.302906004879	1606.779646931225	0
3966	7075.426029684591	1606.810323284197	0
3967	7078.258496299233	1606.772736175563	0
3968	7078.234973472554	1606.777562028635	0
3969	7081.620712167558	1606.664158389682	0
3970	7081.642890771191	1606.665403316103	0
3971	7083.339532136744	1606.619731418571	0
3972	7081.598343322996	1606.662401960493	0
3973	7083.323092791004	1606.618322431229	0
3974	7083.29106314715	1606.625269209784	0
3975	7084.949818857387	1606.574679656304	0
3976	7084.925721882626	1606.572493069829	0
3977	7086.526526613919	1606.534514282587	0
3978	7084.968029068383	1606.56381226474	0
3979	7086.596205912365	1606.533770628835	0
3980	7086.556109533338	1606.535053461846	0
3981	7091.610673781506	1606.307719064354	0
3982	7091.576072713775	1606.311817668316	0
3983	7096.121531123928	1606.196847480854	0
3984	7091.631555002332	1606.305571061773	0
3985	7096.48073517103	1606.147007410266	0
3986	7096.119996344411	1606.196996991219	0
3987	7099.543019146429	1606.049446835833	0
3988	7099.53987365912	1606.050990164891	0
3989	7100.944283996218	1606.002153227639	0
3990	7099.588114152442	1606.046486767809	0
3991	7101.0102255078	1605.992814889317	0
3992	7100.979762542143	1605.999794068786	0
3993	7102.684502677885	1605.941802600717	0
3994	7102.667810522333	1605.943135440503	0
3995	7108.12257045365	1605.714935726756	0
3996	7103.050358890699	1605.920464789338	0
3997	7108.107000493641	1605.714125805503	0
3998	7108.130772658893	1605.713820696162	0
3999	7109.877491768637	1605.628566886145	0
4000	7109.875030676418	1605.628656876527	0
4001	7111.351217002701	1605.574844219146	0
4002	7109.897514090511	1605.614740639448	0
4003	7111.352919685458	1605.57240787615	0
4004	7111.366165719253	1605.574095047175	0
4005	7115.281638877592	1605.390019571253	0
4006	7115.257637240857	1605.390526912795	0
4007	7116.275131176382	1605.333980933731	0
4008	7116.297484407405	1605.335708538394	0
4009	7118.402575965301	1605.185688117186	0
4010	7118.42711651275	1605.183899286423	0
4011	7120.054868103745	1605.098558318065	0
4012	7118.423403549577	1605.18080016184	0
4013	7120.107326133295	1605.092511348936	0
4014	7120.060300079087	1605.098217712217	0
4015	7123.144176515041	1604.930800946389	0
4016	7123.124860143995	1604.93220302421	0
4017	7124.686423106103	1604.838886577468	0
4018	7123.184202824999	1604.923015429923	0
4019	7124.690680168953	1604.833757926953	0
4020	7124.672925862211	1604.840451145787	0
4021	7127.798399704803	1604.616089016074	0
4022	7127.813059867251	1604.615476657516	0
4023	7129.327004432198	1604.53355521596	0
4024	7127.83008569051	1604.611104160753	0
4025	7129.381717638784	1604.511072220681	0
4026	7129.340660452228	1604.534107539038	0
4027	7130.862124126223	1604.413396363744	0
4028	7130.858144781851	1604.413698800131	0
4029	7132.39857296079	1604.321129016824	0
4030	7130.835281170986	1604.42552272452	0
4031	7132.347615269729	1604.331919096938	0
4032	7132.344312712437	1604.332331547926	0
4033	7135.385876983366	1604.145924735938	0
4034	7135.384863635078	1604.144184409659	0
4035	7138.457454234796	1603.982230976855	0
4036	7135.425994738463	1604.141401292963	0
4037	7138.559330192618	1603.974393325453	0
4038	7138.487275754154	1603.979900960727	0
4039	7143.082584156695	1603.690899232601	0
4040	7143.076902355879	1603.691014823932	0
4041	7144.51390077386	1603.63718709482	0
4042	7143.127990344041	1603.676563797597	0
4043	7144.535047028356	1603.632843091426	0
4044	7144.543316483796	1603.633718602885	0
4045	7145.90646075378	1603.555131717094	0
4046	7145.918636855957	1603.554974993014	0
4047	7147.478505435391	1603.446803360347	0
4048	7145.933802019863	1603.553097097968	0
4049	7147.45987657407	1603.451368870509	0
4050	7147.468475303145	1603.447576604174	0
4051	7150.54335885939	1603.171521275905	0
4052	7150.557670869128	1603.175215718345	0
4053	7150.622237679305	1603.157434224534	0
4054	7150.548018896121	1603.172876055465	0
4055	7151.963852986566	1603.142674956464	0
4056	7151.979247321689	1603.140409664741	0
4057	7153.450785957375	1603.01357400372	0
4058	7151.96069670074	1603.145007586559	0
4059	7153.467993201068	1603.010986140067	0
4060	7153.435584575265	1603.014709142023	0
4061	7157.17406100219	1602.547981791688	0
4062	7157.456448879431	1602.353253515727	0
4063	7157.104810687351	1602.56276313926	0
4064	7157.152917900463	1602.545996943374	0
4065	7157.537941825236	1603.036499095911	0
4066	7157.527116064375	1603.035297024817	0
4067	7158.172598246452	1602.584105270266	0
4068	7157.708606392678	1602.90246741993	0
4069	7158.380914470361	1602.598906110854	0
4070	7158.162842002492	1602.583898919138	0
4071	7159.942979649246	1602.605424732543	0
4072	7159.939255355004	1602.603727045587	0
4073	7162.859355632754	1602.418229347327	0
4074	7159.997930700278	1602.601148035305	0
4075	7162.825345837187	1602.41637127469	0
4076	7162.854625542232	1602.418549488568	0
4077	7164.365406969628	1602.309024410113	0
4078	7164.370914246483	1602.308425006599	0
4079	7165.781681292896	1602.228009320326	0
4080	7164.357841851255	1602.309225161488	0
4081	7165.919763515261	1602.211729508249	0
4082	7165.794625498416	1602.227828826301	0
4083	7208.633350298063	1598.824198940701	0
4084	7208.63695996368	1598.823832670935	0
4085	7212.632301279442	1598.673588692821	0
4086	7208.766116356333	1598.793014729673	0
4087	7212.7107750866	1598.663657503949	0
4088	7212.640877830865	1598.670710689912	0
4089	7213.960466780327	1598.573592149241	0
4090	7213.96791705591	1598.57431799526	0
4091	7215.405853721084	1598.471376499103	0
4092	7213.963296252979	1598.569391865022	0
4093	7215.48297428562	1598.458369207407	0
4094	7215.41021743109	1598.471152878438	0
4095	7216.783805376195	1598.388824808253	0
4096	7216.782494940218	1598.389908386887	0
4097	7226.568643583372	1597.575435618838	0
4098	7216.783775184598	1598.386811732888	0
4099	7226.551361157683	1597.54790952593	0
4100	7226.570464845056	1597.574877423088	0
4101	7227.880175243299	1597.483660808234	0
4102	7227.881529150387	1597.483535251642	0
4103	7229.325087012685	1597.353194346707	0
4104	7228.005063676077	1597.467418534671	0
4105	7229.320492352132	1597.348726513603	0
4106	7229.322987938813	1597.353397284912	0
4107	7230.70294812917	1597.242930348245	0
4108	7230.726205965115	1597.243691953263	0
4109	7237.513863794729	1596.704807832293	0
4110	7230.756745595831	1597.23471111057	0
4111	7237.713888554459	1596.677291071282	0
4112	7237.526209916919	1596.703932021197	0
4113	7241.912423368452	1596.286183986925	0
4114	7241.904104759427	1596.289338853058	0
4115	7244.635327362694	1596.042996382419	0
4116	7241.952613088897	1596.279734411322	0
4117	7244.70016920604	1596.024891127119	0
4118	7244.641708862144	1596.04275193793	0
4119	7247.286561090528	1595.87056531359	0
4120	7247.28023519359	1595.870308965542	0
4121	7252.876475709532	1595.440258588754	0
4122	7247.384385236204	1595.861315856526	0
4123	7252.943459641194	1595.432482242567	0
4124	7252.898749853312	1595.438479241061	0
4125	7283.851873159183	1592.688868460216	0
4126	7283.867625295723	1592.686851191399	0
4127	7285.207144274307	1592.554284790327	0
4128	7283.858145663537	1592.68699844514	0
4129	7285.221009868712	1592.55430195459	0
4130	7285.215390748812	1592.552725168817	0
4131	7310.995482869917	1589.859489410307	0
4132	7310.975060363049	1589.862115490278	0
4133	7312.257653382469	1589.864331140511	0
4134	7311.050467782496	1589.843276435424	0
4135	7312.309114048589	1589.8559256454	0
4136	7312.256221514921	1589.864233465942	0
4137	7327.357135702272	1588.549649698264	0
4138	7327.333955554937	1588.551215325015	0
4139	7328.604092546833	1588.428800324979	0
4140	7327.372677029067	1588.54952631915	0
4141	7328.599663757062	1588.431520029935	0
4142	7328.59691272175	1588.429929389494	0
4143	7409.922432857968	1580.271583634422	0
4144	7409.923052796225	1580.270252421657	0
4145	7411.17822779471	1580.138298242506	0
4146	7409.921518637999	1580.269990795239	0
4147	7411.206666067614	1580.134335131755	0
4148	7411.19065849674	1580.137883324695	0
4149	7417.072005000731	1579.586048721303	0
4150	7417.067909808653	1579.586450148692	0
4151	7417.746714982772	1579.52123014549	0
4152	7417.762487940639	1579.521467134911	0
4153	7421.434360770265	1579.105038112566	0
4154	7421.435672387586	1579.104381560805	0
4155	7421.631444787788	1579.081613902894	0
4156	7421.621582820202	1579.082609645629	0
4157	7424.689746063184	1578.705364685814	0
4158	7424.701237272855	1578.703865300876	0
4159	7428.55870697739	1578.23819900341	0
4160	7424.693987208051	1578.704359046278	0
4161	7428.560546676148	1578.238088260681	0
4162	7428.55670371017	1578.238280961979	0
4163	7429.869149280179	1578.07774002778	0
4164	7429.866676089752	1578.079478180355	0
4165	7432.451903809737	1577.781932591068	0
4166	7429.867780078268	1578.077907721577	0
4167	7432.463119701612	1577.779188883854	0
4168	7432.437875986685	1577.783486891532	0
4169	7433.692996605076	1577.620946193644	0
4170	7433.707536336058	1577.620012437877	0
4171	7434.988888570486	1577.466114523055	0
4172	7433.695555917573	1577.620662198887	0
4173	7434.983294836418	1577.465488246364	0
4174	7434.995444847784	1577.465310476799	0
4175	7436.25930072644	1577.311445715393	0
4176	7436.261150220478	1577.311188162131	0
4177	7437.533386722691	1577.150979492817	0
4178	7436.269584006726	1577.308240080416	0
4179	7437.548021653349	1577.148549625662	0
4180	7437.545314448083	1577.148727445444	0
4181	7438.815350360501	1576.961339818863	0
4182	7438.819557132327	1576.950117317169	0
4183	7438.833057227772	1576.971586738814	0
4184	7438.852947785814	1576.983058477383	0
4185	7471.658648284003	1572.953986690775	0
4186	7471.66644675588	1572.940360601385	0
4187	7471.685416518441	1572.965734966956	0
4188	7471.667117992034	1572.952949824779	0
4189	7472.929921762636	1572.803815450628	0
4190	7472.918617793515	1572.802582472184	0
4191	7474.175671140712	1572.641114545255	0
4192	7472.924814714183	1572.804449681764	0
4193	7474.169460997571	1572.64412530582	0
4194	7474.175416715208	1572.643342605613	0
4195	7475.391543652759	1572.489794084721	0
4196	7475.413540616792	1572.480427852387	0
4197	7479.183327496443	1571.981961230424	0
4198	7475.397427094158	1572.488811848379	0
4199	7479.200786979929	1571.982189504469	0
4200	7479.201738418473	1571.982010323306	0
4201	7545.95745385913	1563.536290693369	0
4202	7545.962712674587	1563.536563450032	0
4203	7549.472362867033	1562.444174255485	0
4204	7549.229202217768	1562.695972584313	0
4205	7549.751554966484	1562.275031524836	0
4206	7549.495940526562	1562.438010308865	0
4207	7548.902443740226	1562.711789474004	0
4208	7548.904104693582	1562.711456245773	0
4209	7549.093653729031	1562.700455730278	0
4210	7549.229484760985	1562.614125357863	0
4211	7551.373463477745	1563.083439510691	0
4212	7545.95166747622	1563.537897777869	0
4213	8132.665523662472	1458.214134856661	0
4214	7551.401647012863	1563.079210209823	0
4215	7553.41793756787	1562.843911366197	0
4216	7551.380110728778	1563.082559741773	0
4217	7553.428712776742	1562.844751474609	0
4218	7553.424199351051	1562.844933473302	0
4219	7555.899651441096	1562.565472843693	0
4220	7555.881673682514	1562.566222344915	0
4221	7557.135621062398	1562.408129971733	0
4222	7555.906790314704	1562.564878365382	0
4223	7557.132986482145	1562.413285280061	0
4224	7557.11742114377	1562.416448390961	0
4225	7594.161274720307	1558.269323466986	0
4226	7594.151521031274	1558.270629692885	0
4227	7595.322133767737	1558.268766221226	0
4228	7594.176852869563	1558.264551079324	0
4229	7595.325918314829	1558.267189187241	0
4230	7595.343986438436	1558.267807461503	0
4231	7621.15115909733	1555.194498950477	0
4232	7621.149244754162	1555.194761037595	0
4233	7621.446385744199	1555.263407984708	0
4234	7621.13051724618	1555.181358041039	0
4235	7621.059893808861	1555.055813487058	0
4236	7621.153100814981	1555.191532115446	0
4237	7621.452163510772	1555.275346425028	0
4238	7621.451593577351	1555.275449107488	0
4239	7622.904176082777	1555.357261019112	0
4240	7622.904059703207	1555.358598623168	0
4241	7625.330083410767	1555.176366962446	0
4242	7622.904176083772	1555.357261019029	0
4243	7625.334264018466	1555.176863970746	0
4244	7625.33229294571	1555.177057069257	0
4245	7627.783098627244	1554.957562923391	0
4246	7627.795833018306	1554.954391613037	0
4247	7629.015562127104	1554.856421132336	0
4248	7627.800630100815	1554.955163439772	0
4249	7629.01233184077	1554.857475965897	0
4250	7629.006867588076	1554.857640922749	0
4251	7631.428370144908	1554.622237055476	0
4252	7631.485892012008	1554.612284716911	0
4253	7633.962363606061	1554.37177315288	0
4254	7631.464749096454	1554.617370122998	0
4255	7633.957372029161	1554.371978255331	0
4256	7633.961609575561	1554.371724494364	0
4257	7635.742342598438	1554.20365670784	0
4258	7635.748175414767	1554.202989976223	0
4259	7636.139425928684	1554.161920349937	0
4260	7636.133893989221	1554.162307206668	0
4261	7638.281891471595	1553.900670308136	0
4262	7638.294416751129	1553.898535411214	0
4263	7639.873663002925	1553.685006368648	0
4264	7639.887880348149	1553.680657252128	0
4265	7640.003219492386	1553.665777755686	0
4266	7639.878427817097	1553.684504793958	0
4267	7642.823705528144	1553.369237350508	0
4268	7642.830921530769	1553.365601920436	0
4269	7644.035724137106	1553.22692963599	0
4270	7642.839944077532	1553.368385496969	0
4271	7644.03845351877	1553.229602905644	0
4272	7644.064404585966	1553.226627701003	0
4273	7645.348082948771	1553.080653527636	0
4274	7645.340632787244	1553.080599642656	0
4275	7646.628998843091	1552.922692591233	0
4276	7645.34530349411	1553.080974804437	0
4277	7646.617841121977	1552.924305121478	0
4278	7646.599900853989	1552.926131749521	0
4279	7650.492265006198	1552.423695224569	0
4280	7650.491323889995	1552.422966906329	0
4281	7653.312551715755	1552.055884689718	0
4282	7650.481208884521	1552.425323385169	0
4283	7653.336083295684	1552.053587747233	0
4284	7653.322707946423	1552.054623845984	0
4285	7655.445207953415	1551.745378978589	0
4286	7655.423732553692	1551.747890869945	0
4287	7656.735504240882	1554.302829592152	0
4288	7656.736533240408	1554.304088672721	0
4289	7655.972732305929	1551.671734672508	0
4290	7655.985194116201	1551.669456700749	0
4291	7658.366171425447	1551.329952177404	0
4292	7656.75408524729	1554.288024143428	0
4293	7658.402634809589	1551.329754931847	0
4294	7658.353324383777	1551.331940620702	0
4295	7662.481281602215	1551.017946418227	0
4296	7662.466801764911	1551.018946485591	0
4297	7663.93015672987	1550.878784430191	0
4298	7662.479867168557	1551.018336951224	0
4299	7663.921097806704	1550.880115967161	0
4300	7663.940053775383	1550.877729660346	0
4301	7665.199963030947	1550.760372770184	0
4302	7665.200584366929	1550.759892208231	0
4303	7666.407235376115	1550.647966491233	0
4304	7665.198311664451	1550.760345754275	0
4305	7666.403773330288	1550.648646986525	0
4306	7666.400996805953	1550.648839398478	0
4307	7667.762788911885	1550.519587224749	0
4308	7667.767865985856	1550.518519726399	0
4309	7668.250818290351	1550.474362875529	0
4310	7668.258181745747	1550.473497316721	0
4311	7672.046175677755	1550.026509240179	0
4312	7672.053798854733	1550.024089352087	0
4313	7674.052478826869	1549.790111725819	0
4314	7672.04604282845	1550.02652388117	0
4315	7674.068555106616	1549.788727750088	0
4316	7674.074392264623	1549.788200747144	0
4317	7686.543971679446	1548.077759933461	0
4318	7686.442082367903	1548.11362281053	0
4319	7686.648642582175	1547.768414401558	0
4320	7686.648288702761	1547.769253850256	0
4321	7686.548711524489	1547.963005882957	0
4322	7686.516306328575	1548.028991700019	0
4323	7686.568344705034	1548.118982743254	0
4324	7686.543971679939	1548.077759934331	0
4325	7687.722197712717	1548.372440081427	0
4326	7687.727344331655	1548.37274153044	0
4327	7690.136252804445	1548.244789705505	0
4328	7687.718184574016	1548.372966087891	0
4329	7690.143264714558	1548.245832926967	0
4330	7690.131669506427	1548.245129486515	0
4331	7691.270736887374	1548.156586089311	0
4332	7691.261826972066	1548.157721477973	0
4333	7692.454128389027	1548.05506108351	0
4334	7691.271640791429	1548.156589147115	0
4335	7692.447701698669	1548.056045865019	0
4336	7692.453120027738	1548.055182714866	0
4337	7693.614765190896	1547.948882163317	0
4338	7693.616830475165	1547.948912166099	0
4339	7694.717376555727	1547.839274594812	0
4340	7693.61356032113	1547.949119830395	0
4341	7694.742456427954	1547.835944940137	0
4342	7694.727293716012	1547.837723718872	0
4343	7695.884072245874	1547.718533002153	0
4344	7695.885598511628	1547.718039871111	0
4345	7714.090243293549	1545.954116713855	0
4346	7695.884072244895	1547.718533001939	0
4347	7714.095923519133	1545.953723358867	0
4348	7714.097407246014	1545.953171183553	0
4349	7715.248711784416	1545.856762222958	0
4350	7715.248173043063	1545.856720135215	0
4351	7717.545911103773	1545.602950854787	0
4352	7715.249297859062	1545.856729089452	0
4353	7717.545268040029	1545.603166978297	0
4354	7717.545925613484	1545.603106054442	0
4355	7764.554852458175	1541.161380081579	0
4356	7764.561616855992	1541.160551431499	0
4357	7766.185815317052	1540.999504604403	0
4358	7764.555597723604	1541.161308922629	0
4359	7766.282806916905	1540.992086894017	0
4360	7766.190881000251	1540.998883127987	0
4361	7767.963052850533	1540.806833240545	0
4362	7767.962592594342	1540.806854547322	0
4363	7768.659516975094	1540.740796571993	0
4364	7767.872530517419	1540.799472633284	0
4365	7768.723533605073	1540.732024212566	0
4366	7768.655363319689	1540.741076985886	0
4367	7827.918333320187	1537.290820710291	0
4368	7827.919256457026	1537.290785200984	0
4369	7829.010377641138	1537.307727463329	0
4370	7827.921142576992	1537.290426301676	0
4371	7829.024120170507	1537.305840520402	0
4372	7829.017747132526	1537.307532563113	0
4373	7852.400172031552	1535.809456600803	0
4374	7852.401355169239	1535.809272951121	0
4375	7853.559037160303	1535.937928802132	0
4376	7852.972252711374	1535.726592146236	0
4377	7853.57936212481	1535.938018132202	0
4378	7853.563919262135	1535.938000362713	0
4379	8022.924593377924	1527.471261778414	0
4380	8022.922759899868	1527.471413785632	0
4381	8023.9484189341	1527.678501754554	0
4382	8022.956429033802	1527.463443056393	0
4383	8023.987084890228	1527.674877661147	0
4384	8023.954828826927	1527.677169140242	0
4385	8067.296138319689	1526.09982245327	0
4386	8067.294755860603	1526.10033641596	0
4387	8068.177281968703	1526.393232118696	0
4388	8067.435548040714	1526.089317176401	0
4389	8068.196674091536	1526.388488973607	0
4390	8068.17531827647	1526.393918703868	0
4391	8071.388219844899	1526.402707161812	0
4392	8071.388247928757	1526.402746463495	0
4393	8072.345254318338	1526.716200831448	0
4394	8071.414219801858	1526.399840081129	0
4395	8072.395631158039	1526.71022845741	0
4396	8072.345966958501	1526.715898016905	0
4397	8074.207989096189	1527.093014112841	0
4398	8072.356730064836	1526.717629656104	0
4399	8074.201188957773	1527.092055602177	0
4400	8074.202978997904	1527.09147966302	0
4401	8112.078502114762	1524.631357295584	0
4402	8112.072732753479	1524.632041586486	0
4403	8120.089171573029	1522.394030131924	0
4404	8112.149572784167	1524.63706787259	0
4405	8120.125587074739	1522.392296444237	0
4406	8120.086450248766	1522.394181643634	0
4407	8121.931037388129	1521.522252927531	0
4408	8121.931039977158	1521.52224545018	0
4409	8122.81095233556	1521.075276061109	0
4410	8121.96015679321	1521.515482717876	0
4411	8123.512713169079	1521.082630975009	0
4412	8122.81212904596	1521.075043628303	0
4413	8124.5181168933	1519.925847320718	0
4414	8124.516647560871	1519.926065406581	0
4415	8126.469058779987	1517.515491087987	0
4416	8124.645356741048	1519.897960357981	0
4417	8126.502406573511	1517.500618934022	0
4418	8126.469737485966	1517.515576768085	0
4419	8127.39961057347	1517.156001282744	0
