degree	coefficient	variables
0	44.425000000000004	
1	-6	x_0_1
1	-6	x_0_2
1	-6	x_0_3
1	-6	x_0_4
1	-16	x_1_1
1	-6	x_1_2
1	-6	x_1_3
1	-6	x_1_4
1	-16	x_2_1
1	-6	x_2_2
1	-6	x_2_3
1	-6	x_2_4
1	-16	x_3_1
1	-6	x_3_2
1	-6	x_3_3
1	-6	x_3_4
2	10	x_0_0,x_1_1
2	6	x_0_1,x_0_2
2	6	x_0_1,x_0_3
2	6	x_0_1,x_0_4
2	14	x_0_1,x_1_1
2	-8	x_0_1,x_1_2
2	-8	x_0_1,x_1_3
2	-8	x_0_1,x_1_4
2	4	x_0_1,x_2_1
2	2	x_0_1,x_2_2
2	2	x_0_1,x_2_3
2	2	x_0_1,x_2_4
2	4	x_0_1,x_3_1
2	2	x_0_1,x_3_2
2	2	x_0_1,x_3_3
2	2	x_0_1,x_3_4
2	6	x_0_2,x_0_3
2	105.90000000000001	x_0_2,x_0_4
2	12	x_0_2,x_1_1
2	4	x_0_2,x_1_2
2	2	x_0_2,x_1_3
2	2	x_0_2,x_1_4
2	2	x_0_2,x_2_1
2	4	x_0_2,x_2_2
2	2	x_0_2,x_2_3
2	2	x_0_2,x_2_4
2	2	x_0_2,x_3_1
2	4	x_0_2,x_3_2
2	2	x_0_2,x_3_3
2	2	x_0_2,x_3_4
2	105.90000000000001	x_0_3,x_0_4
2	12	x_0_3,x_1_1
2	2	x_0_3,x_1_2
2	4	x_0_3,x_1_3
2	2	x_0_3,x_1_4
2	2	x_0_3,x_2_1
2	2	x_0_3,x_2_2
2	4	x_0_3,x_2_3
2	2	x_0_3,x_2_4
2	2	x_0_3,x_3_1
2	2	x_0_3,x_3_2
2	4	x_0_3,x_3_3
2	2	x_0_3,x_3_4
2	12	x_0_4,x_1_1
2	2	x_0_4,x_1_2
2	2	x_0_4,x_1_3
2	4	x_0_4,x_1_4
2	2	x_0_4,x_2_1
2	2	x_0_4,x_2_2
2	2	x_0_4,x_2_3
2	4	x_0_4,x_2_4
2	2	x_0_4,x_3_1
2	2	x_0_4,x_3_2
2	2	x_0_4,x_3_3
2	4	x_0_4,x_3_4
2	10	x_1_0,x_1_1
2	10	x_1_0,x_2_1
2	16	x_1_1,x_1_2
2	16	x_1_1,x_1_3
2	16	x_1_1,x_1_4
2	14	x_1_1,x_2_1
2	-8	x_1_1,x_2_2
2	-8	x_1_1,x_2_3
2	-8	x_1_1,x_2_4
2	4	x_1_1,x_3_1
2	2	x_1_1,x_3_2
2	2	x_1_1,x_3_3
2	2	x_1_1,x_3_4
2	6	x_1_2,x_1_3
2	105.90000000000001	x_1_2,x_1_4
2	12	x_1_2,x_2_1
2	4	x_1_2,x_2_2
2	2	x_1_2,x_2_3
2	2	x_1_2,x_2_4
2	2	x_1_2,x_3_1
2	4	x_1_2,x_3_2
2	2	x_1_2,x_3_3
2	2	x_1_2,x_3_4
2	105.90000000000001	x_1_3,x_1_4
2	12	x_1_3,x_2_1
2	2	x_1_3,x_2_2
2	4	x_1_3,x_2_3
2	2	x_1_3,x_2_4
2	2	x_1_3,x_3_1
2	2	x_1_3,x_3_2
2	4	x_1_3,x_3_3
2	2	x_1_3,x_3_4
2	12	x_1_4,x_2_1
2	2	x_1_4,x_2_2
2	2	x_1_4,x_2_3
2	4	x_1_4,x_2_4
2	2	x_1_4,x_3_1
2	2	x_1_4,x_3_2
2	2	x_1_4,x_3_3
2	4	x_1_4,x_3_4
2	10	x_2_0,x_2_1
2	10	x_2_0,x_3_1
2	16	x_2_1,x_2_2
2	16	x_2_1,x_2_3
2	16	x_2_1,x_2_4
2	14	x_2_1,x_3_1
2	-8	x_2_1,x_3_2
2	-8	x_2_1,x_3_3
2	-8	x_2_1,x_3_4
2	6	x_2_2,x_2_3
2	105.90000000000001	x_2_2,x_2_4
2	12	x_2_2,x_3_1
2	4	x_2_2,x_3_2
2	2	x_2_2,x_3_3
2	2	x_2_2,x_3_4
2	105.90000000000001	x_2_3,x_2_4
2	12	x_2_3,x_3_1
2	2	x_2_3,x_3_2
2	4	x_2_3,x_3_3
2	2	x_2_3,x_3_4
2	12	x_2_4,x_3_1
2	2	x_2_4,x_3_2
2	2	x_2_4,x_3_3
2	4	x_2_4,x_3_4
2	10	x_3_0,x_3_1
2	16	x_3_1,x_3_2
2	16	x_3_1,x_3_3
2	16	x_3_1,x_3_4
2	6	x_3_2,x_3_3
2	105.90000000000001	x_3_2,x_3_4
2	105.90000000000001	x_3_3,x_3_4
3	-10	x_0_0,x_0_1,x_1_0
3	-10	x_0_0,x_0_1,x_1_1
3	10	x_0_0,x_0_1,x_1_2
3	10	x_0_0,x_0_1,x_1_3
3	10	x_0_0,x_0_1,x_1_4
3	-10	x_0_0,x_0_2,x_1_1
3	-10	x_0_0,x_0_3,x_1_1
3	-10	x_0_0,x_0_4,x_1_1
3	-10	x_0_0,x_1_0,x_1_1
3	-10	x_0_0,x_1_1,x_1_2
3	-10	x_0_0,x_1_1,x_1_3
3	-10	x_0_0,x_1_1,x_1_4
3	-6	x_0_1,x_0_2,x_0_3
3	-6	x_0_1,x_0_2,x_0_4
3	-14	x_0_1,x_0_2,x_1_1
3	6	x_0_1,x_0_2,x_1_2
3	-2	x_0_1,x_0_2,x_1_3
3	8	x_0_1,x_0_2,x_1_4
3	-4	x_0_1,x_0_2,x_2_1
3	-4	x_0_1,x_0_2,x_2_2
3	-2	x_0_1,x_0_2,x_2_3
3	-2	x_0_1,x_0_2,x_2_4
3	-4	x_0_1,x_0_2,x_3_1
3	-4	x_0_1,x_0_2,x_3_2
3	-2	x_0_1,x_0_2,x_3_3
3	-2	x_0_1,x_0_2,x_3_4
3	-6	x_0_1,x_0_3,x_0_4
3	-14	x_0_1,x_0_3,x_1_1
3	8	x_0_1,x_0_3,x_1_2
3	6	x_0_1,x_0_3,x_1_3
3	8	x_0_1,x_0_3,x_1_4
3	-4	x_0_1,x_0_3,x_2_1
3	-2	x_0_1,x_0_3,x_2_2
3	-4	x_0_1,x_0_3,x_2_3
3	-2	x_0_1,x_0_3,x_2_4
3	-4	x_0_1,x_0_3,x_3_1
3	-2	x_0_1,x_0_3,x_3_2
3	-4	x_0_1,x_0_3,x_3_3
3	-2	x_0_1,x_0_3,x_3_4
3	-14	x_0_1,x_0_4,x_1_1
3	8	x_0_1,x_0_4,x_1_2
3	8	x_0_1,x_0_4,x_1_3
3	6	x_0_1,x_0_4,x_1_4
3	-4	x_0_1,x_0_4,x_2_1
3	-2	x_0_1,x_0_4,x_2_2
3	-2	x_0_1,x_0_4,x_2_3
3	-4	x_0_1,x_0_4,x_2_4
3	-4	x_0_1,x_0_4,x_3_1
3	-2	x_0_1,x_0_4,x_3_2
3	-2	x_0_1,x_0_4,x_3_3
3	-4	x_0_1,x_0_4,x_3_4
3	-10	x_0_1,x_1_0,x_1_1
3	10	x_0_1,x_1_0,x_1_2
3	10	x_0_1,x_1_0,x_1_3
3	10	x_0_1,x_1_0,x_1_4
3	-14	x_0_1,x_1_1,x_1_2
3	-14	x_0_1,x_1_1,x_1_3
3	-14	x_0_1,x_1_1,x_1_4
3	8	x_0_1,x_1_2,x_1_3
3	18	x_0_1,x_1_2,x_1_4
3	18	x_0_1,x_1_3,x_1_4
3	-4	x_0_1,x_2_1,x_2_2
3	-4	x_0_1,x_2_1,x_2_3
3	-4	x_0_1,x_2_1,x_2_4
3	-2	x_0_1,x_2_2,x_2_3
3	-2	x_0_1,x_2_2,x_2_4
3	-2	x_0_1,x_2_3,x_2_4
3	-4	x_0_1,x_3_1,x_3_2
3	-4	x_0_1,x_3_1,x_3_3
3	-4	x_0_1,x_3_1,x_3_4
3	-2	x_0_1,x_3_2,x_3_3
3	-2	x_0_1,x_3_2,x_3_4
3	-2	x_0_1,x_3_3,x_3_4
3	-105.90000000000001	x_0_2,x_0_3,x_0_4
3	-12	x_0_2,x_0_3,x_1_1
3	-4	x_0_2,x_0_3,x_1_2
3	-4	x_0_2,x_0_3,x_1_3
3	-2	x_0_2,x_0_3,x_1_4
3	-2	x_0_2,x_0_3,x_2_1
3	-4	x_0_2,x_0_3,x_2_2
3	-4	x_0_2,x_0_3,x_2_3
3	-2	x_0_2,x_0_3,x_2_4
3	-2	x_0_2,x_0_3,x_3_1
3	-4	x_0_2,x_0_3,x_3_2
3	-4	x_0_2,x_0_3,x_3_3
3	-2	x_0_2,x_0_3,x_3_4
3	-12	x_0_2,x_0_4,x_1_1
3	-4	x_0_2,x_0_4,x_1_2
3	-2	x_0_2,x_0_4,x_1_3
3	-4	x_0_2,x_0_4,x_1_4
3	-2	x_0_2,x_0_4,x_2_1
3	-4	x_0_2,x_0_4,x_2_2
3	-2	x_0_2,x_0_4,x_2_3
3	-4	x_0_2,x_0_4,x_2_4
3	-2	x_0_2,x_0_4,x_3_1
3	-4	x_0_2,x_0_4,x_3_2
3	-2	x_0_2,x_0_4,x_3_3
3	-4	x_0_2,x_0_4,x_3_4
3	-10	x_0_2,x_1_0,x_1_1
3	-14	x_0_2,x_1_1,x_1_2
3	-22	x_0_2,x_1_1,x_1_3
3	-12	x_0_2,x_1_1,x_1_4
3	-14	x_0_2,x_1_2,x_1_3
3	-4	x_0_2,x_1_2,x_1_4
3	-2	x_0_2,x_1_3,x_1_4
3	-4	x_0_2,x_2_1,x_2_2
3	-2	x_0_2,x_2_1,x_2_3
3	-2	x_0_2,x_2_1,x_2_4
3	-4	x_0_2,x_2_2,x_2_3
3	-4	x_0_2,x_2_2,x_2_4
3	-2	x_0_2,x_2_3,x_2_4
3	-4	x_0_2,x_3_1,x_3_2
3	-2	x_0_2,x_3_1,x_3_3
3	-2	x_0_2,x_3_1,x_3_4
3	-4	x_0_2,x_3_2,x_3_3
3	-4	x_0_2,x_3_2,x_3_4
3	-2	x_0_2,x_3_3,x_3_4
3	-12	x_0_3,x_0_4,x_1_1
3	-2	x_0_3,x_0_4,x_1_2
3	-4	x_0_3,x_0_4,x_1_3
3	-4	x_0_3,x_0_4,x_1_4
3	-2	x_0_3,x_0_4,x_2_1
3	-2	x_0_3,x_0_4,x_2_2
3	-4	x_0_3,x_0_4,x_2_3
3	-4	x_0_3,x_0_4,x_2_4
3	-2	x_0_3,x_0_4,x_3_1
3	-2	x_0_3,x_0_4,x_3_2
3	-4	x_0_3,x_0_4,x_3_3
3	-4	x_0_3,x_0_4,x_3_4
3	-10	x_0_3,x_1_0,x_1_1
3	-12	x_0_3,x_1_1,x_1_2
3	-24	x_0_3,x_1_1,x_1_3
3	-12	x_0_3,x_1_1,x_1_4
3	-4	x_0_3,x_1_2,x_1_3
3	-2	x_0_3,x_1_2,x_1_4
3	-4	x_0_3,x_1_3,x_1_4
3	-2	x_0_3,x_2_1,x_2_2
3	-4	x_0_3,x_2_1,x_2_3
3	-2	x_0_3,x_2_1,x_2_4
3	-4	x_0_3,x_2_2,x_2_3
3	-2	x_0_3,x_2_2,x_2_4
3	-4	x_0_3,x_2_3,x_2_4
3	-2	x_0_3,x_3_1,x_3_2
3	-4	x_0_3,x_3_1,x_3_3
3	-2	x_0_3,x_3_1,x_3_4
3	-4	x_0_3,x_3_2,x_3_3
3	-2	x_0_3,x_3_2,x_3_4
3	-4	x_0_3,x_3_3,x_3_4
3	-10	x_0_4,x_1_0,x_1_1
3	-12	x_0_4,x_1_1,x_1_2
3	-12	x_0_4,x_1_1,x_1_3
3	-24	x_0_4,x_1_1,x_1_4
3	-2	x_0_4,x_1_2,x_1_3
3	-4	x_0_4,x_1_2,x_1_4
3	-4	x_0_4,x_1_3,x_1_4
3	-2	x_0_4,x_2_1,x_2_2
3	-2	x_0_4,x_2_1,x_2_3
3	-4	x_0_4,x_2_1,x_2_4
3	-2	x_0_4,x_2_2,x_2_3
3	-4	x_0_4,x_2_2,x_2_4
3	-4	x_0_4,x_2_3,x_2_4
3	-2	x_0_4,x_3_1,x_3_2
3	-2	x_0_4,x_3_1,x_3_3
3	-4	x_0_4,x_3_1,x_3_4
3	-2	x_0_4,x_3_2,x_3_3
3	-4	x_0_4,x_3_2,x_3_4
3	-4	x_0_4,x_3_3,x_3_4
3	-10	x_1_0,x_1_1,x_1_2
3	-10	x_1_0,x_1_1,x_1_3
3	-10	x_1_0,x_1_1,x_1_4
3	-10	x_1_0,x_1_1,x_2_0
3	-10	x_1_0,x_1_1,x_2_1
3	10	x_1_0,x_1_1,x_2_2
3	10	x_1_0,x_1_1,x_2_3
3	10	x_1_0,x_1_1,x_2_4
3	-10	x_1_0,x_1_2,x_2_1
3	-10	x_1_0,x_1_3,x_2_1
3	-10	x_1_0,x_1_4,x_2_1
3	-10	x_1_0,x_2_0,x_2_1
3	-10	x_1_0,x_2_1,x_2_2
3	-10	x_1_0,x_2_1,x_2_3
3	-10	x_1_0,x_2_1,x_2_4
3	-16	x_1_1,x_1_2,x_1_3
3	-16	x_1_1,x_1_2,x_1_4
3	-14	x_1_1,x_1_2,x_2_1
3	6	x_1_1,x_1_2,x_2_2
3	-2	x_1_1,x_1_2,x_2_3
3	8	x_1_1,x_1_2,x_2_4
3	-4	x_1_1,x_1_2,x_3_1
3	-4	x_1_1,x_1_2,x_3_2
3	-2	x_1_1,x_1_2,x_3_3
3	-2	x_1_1,x_1_2,x_3_4
3	-16	x_1_1,x_1_3,x_1_4
3	-14	x_1_1,x_1_3,x_2_1
3	8	x_1_1,x_1_3,x_2_2
3	6	x_1_1,x_1_3,x_2_3
3	8	x_1_1,x_1_3,x_2_4
3	-4	x_1_1,x_1_3,x_3_1
3	-2	x_1_1,x_1_3,x_3_2
3	-4	x_1_1,x_1_3,x_3_3
3	-2	x_1_1,x_1_3,x_3_4
3	-14	x_1_1,x_1_4,x_2_1
3	8	x_1_1,x_1_4,x_2_2
3	8	x_1_1,x_1_4,x_2_3
3	6	x_1_1,x_1_4,x_2_4
3	-4	x_1_1,x_1_4,x_3_1
3	-2	x_1_1,x_1_4,x_3_2
3	-2	x_1_1,x_1_4,x_3_3
3	-4	x_1_1,x_1_4,x_3_4
3	-10	x_1_1,x_2_0,x_2_1
3	10	x_1_1,x_2_0,x_2_2
3	10	x_1_1,x_2_0,x_2_3
3	10	x_1_1,x_2_0,x_2_4
3	-14	x_1_1,x_2_1,x_2_2
3	-14	x_1_1,x_2_1,x_2_3
3	-14	x_1_1,x_2_1,x_2_4
3	8	x_1_1,x_2_2,x_2_3
3	18	x_1_1,x_2_2,x_2_4
3	18	x_1_1,x_2_3,x_2_4
3	-4	x_1_1,x_3_1,x_3_2
3	-4	x_1_1,x_3_1,x_3_3
3	-4	x_1_1,x_3_1,x_3_4
3	-2	x_1_1,x_3_2,x_3_3
3	-2	x_1_1,x_3_2,x_3_4
3	-2	x_1_1,x_3_3,x_3_4
3	-105.90000000000001	x_1_2,x_1_3,x_1_4
3	-12	x_1_2,x_1_3,x_2_1
3	-4	x_1_2,x_1_3,x_2_2
3	-4	x_1_2,x_1_3,x_2_3
3	-2	x_1_2,x_1_3,x_2_4
3	-2	x_1_2,x_1_3,x_3_1
3	-4	x_1_2,x_1_3,x_3_2
3	-4	x_1_2,x_1_3,x_3_3
3	-2	x_1_2,x_1_3,x_3_4
3	-12	x_1_2,x_1_4,x_2_1
3	-4	x_1_2,x_1_4,x_2_2
3	-2	x_1_2,x_1_4,x_2_3
3	-4	x_1_2,x_1_4,x_2_4
3	-2	x_1_2,x_1_4,x_3_1
3	-4	x_1_2,x_1_4,x_3_2
3	-2	x_1_2,x_1_4,x_3_3
3	-4	x_1_2,x_1_4,x_3_4
3	-10	x_1_2,x_2_0,x_2_1
3	-14	x_1_2,x_2_1,x_2_2
3	-22	x_1_2,x_2_1,x_2_3
3	-12	x_1_2,x_2_1,x_2_4
3	-14	x_1_2,x_2_2,x_2_3
3	-4	x_1_2,x_2_2,x_2_4
3	-2	x_1_2,x_2_3,x_2_4
3	-4	x_1_2,x_3_1,x_3_2
3	-2	x_1_2,x_3_1,x_3_3
3	-2	x_1_2,x_3_1,x_3_4
3	-4	x_1_2,x_3_2,x_3_3
3	-4	x_1_2,x_3_2,x_3_4
3	-2	x_1_2,x_3_3,x_3_4
3	-12	x_1_3,x_1_4,x_2_1
3	-2	x_1_3,x_1_4,x_2_2
3	-4	x_1_3,x_1_4,x_2_3
3	-4	x_1_3,x_1_4,x_2_4
3	-2	x_1_3,x_1_4,x_3_1
3	-2	x_1_3,x_1_4,x_3_2
3	-4	x_1_3,x_1_4,x_3_3
3	-4	x_1_3,x_1_4,x_3_4
3	-10	x_1_3,x_2_0,x_2_1
3	-12	x_1_3,x_2_1,x_2_2
3	-24	x_1_3,x_2_1,x_2_3
3	-12	x_1_3,x_2_1,x_2_4
3	-4	x_1_3,x_2_2,x_2_3
3	-2	x_1_3,x_2_2,x_2_4
3	-4	x_1_3,x_2_3,x_2_4
3	-2	x_1_3,x_3_1,x_3_2
3	-4	x_1_3,x_3_1,x_3_3
3	-2	x_1_3,x_3_1,x_3_4
3	-4	x_1_3,x_3_2,x_3_3
3	-2	x_1_3,x_3_2,x_3_4
3	-4	x_1_3,x_3_3,x_3_4
3	-10	x_1_4,x_2_0,x_2_1
3	-12	x_1_4,x_2_1,x_2_2
3	-12	x_1_4,x_2_1,x_2_3
3	-24	x_1_4,x_2_1,x_2_4
3	-2	x_1_4,x_2_2,x_2_3
3	-4	x_1_4,x_2_2,x_2_4
3	-4	x_1_4,x_2_3,x_2_4
3	-2	x_1_4,x_3_1,x_3_2
3	-2	x_1_4,x_3_1,x_3_3
3	-4	x_1_4,x_3_1,x_3_4
3	-2	x_1_4,x_3_2,x_3_3
3	-4	x_1_4,x_3_2,x_3_4
3	-4	x_1_4,x_3_3,x_3_4
3	-10	x_2_0,x_2_1,x_2_2
3	-10	x_2_0,x_2_1,x_2_3
3	-10	x_2_0,x_2_1,x_2_4
3	-10	x_2_0,x_2_1,x_3_0
3	-10	x_2_0,x_2_1,x_3_1
3	10	x_2_0,x_2_1,x_3_2
3	10	x_2_0,x_2_1,x_3_3
3	10	x_2_0,x_2_1,x_3_4
3	-10	x_2_0,x_2_2,x_3_1
3	-10	x_2_0,x_2_3,x_3_1
3	-10	x_2_0,x_2_4,x_3_1
3	-10	x_2_0,x_3_0,x_3_1
3	-10	x_2_0,x_3_1,x_3_2
3	-10	x_2_0,x_3_1,x_3_3
3	-10	x_2_0,x_3_1,x_3_4
3	-16	x_2_1,x_2_2,x_2_3
3	-16	x_2_1,x_2_2,x_2_4
3	-14	x_2_1,x_2_2,x_3_1
3	6	x_2_1,x_2_2,x_3_2
3	-2	x_2_1,x_2_2,x_3_3
3	8	x_2_1,x_2_2,x_3_4
3	-16	x_2_1,x_2_3,x_2_4
3	-14	x_2_1,x_2_3,x_3_1
3	8	x_2_1,x_2_3,x_3_2
3	6	x_2_1,x_2_3,x_3_3
3	8	x_2_1,x_2_3,x_3_4
3	-14	x_2_1,x_2_4,x_3_1
3	8	x_2_1,x_2_4,x_3_2
3	8	x_2_1,x_2_4,x_3_3
3	6	x_2_1,x_2_4,x_3_4
3	-10	x_2_1,x_3_0,x_3_1
3	10	x_2_1,x_3_0,x_3_2
3	10	x_2_1,x_3_0,x_3_3
3	10	x_2_1,x_3_0,x_3_4
3	-14	x_2_1,x_3_1,x_3_2
3	-14	x_2_1,x_3_1,x_3_3
3	-14	x_2_1,x_3_1,x_3_4
3	8	x_2_1,x_3_2,x_3_3
3	18	x_2_1,x_3_2,x_3_4
3	18	x_2_1,x_3_3,x_3_4
3	-105.90000000000001	x_2_2,x_2_3,x_2_4
3	-12	x_2_2,x_2_3,x_3_1
3	-4	x_2_2,x_2_3,x_3_2
3	-4	x_2_2,x_2_3,x_3_3
3	-2	x_2_2,x_2_3,x_3_4
3	-12	x_2_2,x_2_4,x_3_1
3	-4	x_2_2,x_2_4,x_3_2
3	-2	x_2_2,x_2_4,x_3_3
3	-4	x_2_2,x_2_4,x_3_4
3	-10	x_2_2,x_3_0,x_3_1
3	-14	x_2_2,x_3_1,x_3_2
3	-22	x_2_2,x_3_1,x_3_3
3	-12	x_2_2,x_3_1,x_3_4
3	-14	x_2_2,x_3_2,x_3_3
3	-4	x_2_2,x_3_2,x_3_4
3	-2	x_2_2,x_3_3,x_3_4
3	-12	x_2_3,x_2_4,x_3_1
3	-2	x_2_3,x_2_4,x_3_2
3	-4	x_2_3,x_2_4,x_3_3
3	-4	x_2_3,x_2_4,x_3_4
3	-10	x_2_3,x_3_0,x_3_1
3	-12	x_2_3,x_3_1,x_3_2
3	-24	x_2_3,x_3_1,x_3_3
3	-12	x_2_3,x_3_1,x_3_4
3	-4	x_2_3,x_3_2,x_3_3
3	-2	x_2_3,x_3_2,x_3_4
3	-4	x_2_3,x_3_3,x_3_4
3	-10	x_2_4,x_3_0,x_3_1
3	-12	x_2_4,x_3_1,x_3_2
3	-12	x_2_4,x_3_1,x_3_3
3	-24	x_2_4,x_3_1,x_3_4
3	-2	x_2_4,x_3_2,x_3_3
3	-4	x_2_4,x_3_2,x_3_4
3	-4	x_2_4,x_3_3,x_3_4
3	-10	x_3_0,x_3_1,x_3_2
3	-10	x_3_0,x_3_1,x_3_3
3	-10	x_3_0,x_3_1,x_3_4
3	-16	x_3_1,x_3_2,x_3_3
3	-16	x_3_1,x_3_2,x_3_4
3	-16	x_3_1,x_3_3,x_3_4
3	-105.90000000000001	x_3_2,x_3_3,x_3_4
4	10	x_0_0,x_0_1,x_0_2,x_1_0
4	10	x_0_0,x_0_1,x_0_2,x_1_1
4	-10	x_0_0,x_0_1,x_0_2,x_1_2
4	-10	x_0_0,x_0_1,x_0_2,x_1_4
4	10	x_0_0,x_0_1,x_0_3,x_1_0
4	10	x_0_0,x_0_1,x_0_3,x_1_1
4	-10	x_0_0,x_0_1,x_0_3,x_1_2
4	-10	x_0_0,x_0_1,x_0_3,x_1_3
4	-10	x_0_0,x_0_1,x_0_3,x_1_4
4	10	x_0_0,x_0_1,x_0_4,x_1_0
4	10	x_0_0,x_0_1,x_0_4,x_1_1
4	-10	x_0_0,x_0_1,x_0_4,x_1_2
4	-10	x_0_0,x_0_1,x_0_4,x_1_3
4	-10	x_0_0,x_0_1,x_0_4,x_1_4
4	20	x_0_0,x_0_1,x_1_0,x_1_1
4	10	x_0_0,x_0_1,x_1_1,x_1_2
4	10	x_0_0,x_0_1,x_1_1,x_1_3
4	10	x_0_0,x_0_1,x_1_1,x_1_4
4	-10	x_0_0,x_0_1,x_1_2,x_1_3
4	-20	x_0_0,x_0_1,x_1_2,x_1_4
4	-20	x_0_0,x_0_1,x_1_3,x_1_4
4	10	x_0_0,x_0_2,x_0_3,x_1_1
4	10	x_0_0,x_0_2,x_0_4,x_1_1
4	10	x_0_0,x_0_2,x_1_1,x_1_2
4	20	x_0_0,x_0_2,x_1_1,x_1_3
4	10	x_0_0,x_0_2,x_1_1,x_1_4
4	10	x_0_0,x_0_2,x_1_2,x_1_3
4	10	x_0_0,x_0_3,x_0_4,x_1_1
4	10	x_0_0,x_0_3,x_1_1,x_1_2
4	20	x_0_0,x_0_3,x_1_1,x_1_3
4	10	x_0_0,x_0_3,x_1_1,x_1_4
4	10	x_0_0,x_0_4,x_1_1,x_1_2
4	10	x_0_0,x_0_4,x_1_1,x_1_3
4	20	x_0_0,x_0_4,x_1_1,x_1_4
4	10	x_0_0,x_1_0,x_1_1,x_1_2
4	10	x_0_0,x_1_0,x_1_1,x_1_3
4	10	x_0_0,x_1_0,x_1_1,x_1_4
4	10	x_0_0,x_1_1,x_1_2,x_1_3
4	10	x_0_0,x_1_1,x_1_2,x_1_4
4	10	x_0_0,x_1_1,x_1_3,x_1_4
4	6	x_0_1,x_0_2,x_0_3,x_0_4
4	14	x_0_1,x_0_2,x_0_3,x_1_1
4	-6	x_0_1,x_0_2,x_0_3,x_1_2
4	4	x_0_1,x_0_2,x_0_3,x_1_3
4	-18	x_0_1,x_0_2,x_0_3,x_1_4
4	4	x_0_1,x_0_2,x_0_3,x_2_1
4	4	x_0_1,x_0_2,x_0_3,x_2_2
4	4	x_0_1,x_0_2,x_0_3,x_2_3
4	2	x_0_1,x_0_2,x_0_3,x_2_4
4	4	x_0_1,x_0_2,x_0_3,x_3_1
4	4	x_0_1,x_0_2,x_0_3,x_3_2
4	4	x_0_1,x_0_2,x_0_3,x_3_3
4	2	x_0_1,x_0_2,x_0_3,x_3_4
4	14	x_0_1,x_0_2,x_0_4,x_1_1
4	-6	x_0_1,x_0_2,x_0_4,x_1_2
4	2	x_0_1,x_0_2,x_0_4,x_1_3
4	-6	x_0_1,x_0_2,x_0_4,x_1_4
4	4	x_0_1,x_0_2,x_0_4,x_2_1
4	4	x_0_1,x_0_2,x_0_4,x_2_2
4	2	x_0_1,x_0_2,x_0_4,x_2_3
4	4	x_0_1,x_0_2,x_0_4,x_2_4
4	4	x_0_1,x_0_2,x_0_4,x_3_1
4	4	x_0_1,x_0_2,x_0_4,x_3_2
4	2	x_0_1,x_0_2,x_0_4,x_3_3
4	4	x_0_1,x_0_2,x_0_4,x_3_4
4	10	x_0_1,x_0_2,x_1_0,x_1_1
4	-10	x_0_1,x_0_2,x_1_0,x_1_2
4	-10	x_0_1,x_0_2,x_1_0,x_1_4
4	18	x_0_1,x_0_2,x_1_1,x_1_2
4	34	x_0_1,x_0_2,x_1_1,x_1_3
4	14	x_0_1,x_0_2,x_1_1,x_1_4
4	14	x_0_1,x_0_2,x_1_2,x_1_3
4	-16	x_0_1,x_0_2,x_1_2,x_1_4
4	-8	x_0_1,x_0_2,x_1_3,x_1_4
4	8	x_0_1,x_0_2,x_2_1,x_2_2
4	4	x_0_1,x_0_2,x_2_1,x_2_3
4	4	x_0_1,x_0_2,x_2_1,x_2_4
4	4	x_0_1,x_0_2,x_2_2,x_2_3
4	4	x_0_1,x_0_2,x_2_2,x_2_4
4	2	x_0_1,x_0_2,x_2_3,x_2_4
4	8	x_0_1,x_0_2,x_3_1,x_3_2
4	4	x_0_1,x_0_2,x_3_1,x_3_3
4	4	x_0_1,x_0_2,x_3_1,x_3_4
4	4	x_0_1,x_0_2,x_3_2,x_3_3
4	4	x_0_1,x_0_2,x_3_2,x_3_4
4	2	x_0_1,x_0_2,x_3_3,x_3_4
4	14	x_0_1,x_0_3,x_0_4,x_1_1
4	-8	x_0_1,x_0_3,x_0_4,x_1_2
4	-6	x_0_1,x_0_3,x_0_4,x_1_3
4	-6	x_0_1,x_0_3,x_0_4,x_1_4
4	4	x_0_1,x_0_3,x_0_4,x_2_1
4	2	x_0_1,x_0_3,x_0_4,x_2_2
4	4	x_0_1,x_0_3,x_0_4,x_2_3
4	4	x_0_1,x_0_3,x_0_4,x_2_4
4	4	x_0_1,x_0_3,x_0_4,x_3_1
4	2	x_0_1,x_0_3,x_0_4,x_3_2
4	4	x_0_1,x_0_3,x_0_4,x_3_3
4	4	x_0_1,x_0_3,x_0_4,x_3_4
4	10	x_0_1,x_0_3,x_1_0,x_1_1
4	-10	x_0_1,x_0_3,x_1_0,x_1_2
4	-10	x_0_1,x_0_3,x_1_0,x_1_3
4	-10	x_0_1,x_0_3,x_1_0,x_1_4
4	14	x_0_1,x_0_3,x_1_1,x_1_2
4	28	x_0_1,x_0_3,x_1_1,x_1_3
4	14	x_0_1,x_0_3,x_1_1,x_1_4
4	-6	x_0_1,x_0_3,x_1_2,x_1_3
4	-18	x_0_1,x_0_3,x_1_2,x_1_4
4	-16	x_0_1,x_0_3,x_1_3,x_1_4
4	4	x_0_1,x_0_3,x_2_1,x_2_2
4	8	x_0_1,x_0_3,x_2_1,x_2_3
4	4	x_0_1,x_0_3,x_2_1,x_2_4
4	4	x_0_1,x_0_3,x_2_2,x_2_3
4	2	x_0_1,x_0_3,x_2_2,x_2_4
4	4	x_0_1,x_0_3,x_2_3,x_2_4
4	4	x_0_1,x_0_3,x_3_1,x_3_2
4	8	x_0_1,x_0_3,x_3_1,x_3_3
4	4	x_0_1,x_0_3,x_3_1,x_3_4
4	4	x_0_1,x_0_3,x_3_2,x_3_3
4	2	x_0_1,x_0_3,x_3_2,x_3_4
4	4	x_0_1,x_0_3,x_3_3,x_3_4
4	10	x_0_1,x_0_4,x_1_0,x_1_1
4	-10	x_0_1,x_0_4,x_1_0,x_1_2
4	-10	x_0_1,x_0_4,x_1_0,x_1_3
4	-10	x_0_1,x_0_4,x_1_0,x_1_4
4	14	x_0_1,x_0_4,x_1_1,x_1_2
4	14	x_0_1,x_0_4,x_1_1,x_1_3
4	28	x_0_1,x_0_4,x_1_1,x_1_4
4	-8	x_0_1,x_0_4,x_1_2,x_1_3
4	-16	x_0_1,x_0_4,x_1_2,x_1_4
4	-16	x_0_1,x_0_4,x_1_3,x_1_4
4	4	x_0_1,x_0_4,x_2_1,x_2_2
4	4	x_0_1,x_0_4,x_2_1,x_2_3
4	8	x_0_1,x_0_4,x_2_1,x_2_4
4	2	x_0_1,x_0_4,x_2_2,x_2_3
4	4	x_0_1,x_0_4,x_2_2,x_2_4
4	4	x_0_1,x_0_4,x_2_3,x_2_4
4	4	x_0_1,x_0_4,x_3_1,x_3_2
4	4	x_0_1,x_0_4,x_3_1,x_3_3
4	8	x_0_1,x_0_4,x_3_1,x_3_4
4	2	x_0_1,x_0_4,x_3_2,x_3_3
4	4	x_0_1,x_0_4,x_3_2,x_3_4
4	4	x_0_1,x_0_4,x_3_3,x_3_4
4	10	x_0_1,x_1_0,x_1_1,x_1_2
4	10	x_0_1,x_1_0,x_1_1,x_1_3
4	10	x_0_1,x_1_0,x_1_1,x_1_4
4	-10	x_0_1,x_1_0,x_1_2,x_1_3
4	-20	x_0_1,x_1_0,x_1_2,x_1_4
4	-20	x_0_1,x_1_0,x_1_3,x_1_4
4	14	x_0_1,x_1_1,x_1_2,x_1_3
4	14	x_0_1,x_1_1,x_1_2,x_1_4
4	14	x_0_1,x_1_1,x_1_3,x_1_4
4	-18	x_0_1,x_1_2,x_1_3,x_1_4
4	4	x_0_1,x_2_1,x_2_2,x_2_3
4	4	x_0_1,x_2_1,x_2_2,x_2_4
4	4	x_0_1,x_2_1,x_2_3,x_2_4
4	2	x_0_1,x_2_2,x_2_3,x_2_4
4	4	x_0_1,x_3_1,x_3_2,x_3_3
4	4	x_0_1,x_3_1,x_3_2,x_3_4
4	4	x_0_1,x_3_1,x_3_3,x_3_4
4	2	x_0_1,x_3_2,x_3_3,x_3_4
4	12	x_0_2,x_0_3,x_0_4,x_1_1
4	4	x_0_2,x_0_3,x_0_4,x_1_2
4	4	x_0_2,x_0_3,x_0_4,x_1_3
4	4	x_0_2,x_0_3,x_0_4,x_1_4
4	2	x_0_2,x_0_3,x_0_4,x_2_1
4	4	x_0_2,x_0_3,x_0_4,x_2_2
4	4	x_0_2,x_0_3,x_0_4,x_2_3
4	4	x_0_2,x_0_3,x_0_4,x_2_4
4	2	x_0_2,x_0_3,x_0_4,x_3_1
4	4	x_0_2,x_0_3,x_0_4,x_3_2
4	4	x_0_2,x_0_3,x_0_4,x_3_3
4	4	x_0_2,x_0_3,x_0_4,x_3_4
4	10	x_0_2,x_0_3,x_1_0,x_1_1
4	14	x_0_2,x_0_3,x_1_1,x_1_2
4	34	x_0_2,x_0_3,x_1_1,x_1_3
4	12	x_0_2,x_0_3,x_1_1,x_1_4
4	18	x_0_2,x_0_3,x_1_2,x_1_3
4	4	x_0_2,x_0_3,x_1_2,x_1_4
4	4	x_0_2,x_0_3,x_1_3,x_1_4
4	4	x_0_2,x_0_3,x_2_1,x_2_2
4	4	x_0_2,x_0_3,x_2_1,x_2_3
4	2	x_0_2,x_0_3,x_2_1,x_2_4
4	8	x_0_2,x_0_3,x_2_2,x_2_3
4	4	x_0_2,x_0_3,x_2_2,x_2_4
4	4	x_0_2,x_0_3,x_2_3,x_2_4
4	4	x_0_2,x_0_3,x_3_1,x_3_2
4	4	x_0_2,x_0_3,x_3_1,x_3_3
4	2	x_0_2,x_0_3,x_3_1,x_3_4
4	8	x_0_2,x_0_3,x_3_2,x_3_3
4	4	x_0_2,x_0_3,x_3_2,x_3_4
4	4	x_0_2,x_0_3,x_3_3,x_3_4
4	10	x_0_2,x_0_4,x_1_0,x_1_1
4	14	x_0_2,x_0_4,x_1_1,x_1_2
4	22	x_0_2,x_0_4,x_1_1,x_1_3
4	24	x_0_2,x_0_4,x_1_1,x_1_4
4	14	x_0_2,x_0_4,x_1_2,x_1_3
4	6	x_0_2,x_0_4,x_1_2,x_1_4
4	4	x_0_2,x_0_4,x_1_3,x_1_4
4	4	x_0_2,x_0_4,x_2_1,x_2_2
4	2	x_0_2,x_0_4,x_2_1,x_2_3
4	4	x_0_2,x_0_4,x_2_1,x_2_4
4	4	x_0_2,x_0_4,x_2_2,x_2_3
4	6	x_0_2,x_0_4,x_2_2,x_2_4
4	4	x_0_2,x_0_4,x_2_3,x_2_4
4	4	x_0_2,x_0_4,x_3_1,x_3_2
4	2	x_0_2,x_0_4,x_3_1,x_3_3
4	4	x_0_2,x_0_4,x_3_1,x_3_4
4	4	x_0_2,x_0_4,x_3_2,x_3_3
4	6	x_0_2,x_0_4,x_3_2,x_3_4
4	4	x_0_2,x_0_4,x_3_3,x_3_4
4	10	x_0_2,x_1_0,x_1_1,x_1_2
4	20	x_0_2,x_1_0,x_1_1,x_1_3
4	10	x_0_2,x_1_0,x_1_1,x_1_4
4	10	x_0_2,x_1_0,x_1_2,x_1_3
4	34	x_0_2,x_1_1,x_1_2,x_1_3
4	14	x_0_2,x_1_1,x_1_2,x_1_4
4	22	x_0_2,x_1_1,x_1_3,x_1_4
4	14	x_0_2,x_1_2,x_1_3,x_1_4
4	4	x_0_2,x_2_1,x_2_2,x_2_3
4	4	x_0_2,x_2_1,x_2_2,x_2_4
4	2	x_0_2,x_2_1,x_2_3,x_2_4
4	4	x_0_2,x_2_2,x_2_3,x_2_4
4	4	x_0_2,x_3_1,x_3_2,x_3_3
4	4	x_0_2,x_3_1,x_3_2,x_3_4
4	2	x_0_2,x_3_1,x_3_3,x_3_4
4	4	x_0_2,x_3_2,x_3_3,x_3_4
4	10	x_0_3,x_0_4,x_1_0,x_1_1
4	12	x_0_3,x_0_4,x_1_1,x_1_2
4	24	x_0_3,x_0_4,x_1_1,x_1_3
4	24	x_0_3,x_0_4,x_1_1,x_1_4
4	4	x_0_3,x_0_4,x_1_2,x_1_3
4	4	x_0_3,x_0_4,x_1_2,x_1_4
4	6	x_0_3,x_0_4,x_1_3,x_1_4
4	2	x_0_3,x_0_4,x_2_1,x_2_2
4	4	x_0_3,x_0_4,x_2_1,x_2_3
4	4	x_0_3,x_0_4,x_2_1,x_2_4
4	4	x_0_3,x_0_4,x_2_2,x_2_3
4	4	x_0_3,x_0_4,x_2_2,x_2_4
4	6	x_0_3,x_0_4,x_2_3,x_2_4
4	2	x_0_3,x_0_4,x_3_1,x_3_2
4	4	x_0_3,x_0_4,x_3_1,x_3_3
4	4	x_0_3,x_0_4,x_3_1,x_3_4
4	4	x_0_3,x_0_4,x_3_2,x_3_3
4	4	x_0_3,x_0_4,x_3_2,x_3_4
4	6	x_0_3,x_0_4,x_3_3,x_3_4
4	10	x_0_3,x_1_0,x_1_1,x_1_2
4	20	x_0_3,x_1_0,x_1_1,x_1_3
4	10	x_0_3,x_1_0,x_1_1,x_1_4
4	24	x_0_3,x_1_1,x_1_2,x_1_3
4	12	x_0_3,x_1_1,x_1_2,x_1_4
4	24	x_0_3,x_1_1,x_1_3,x_1_4
4	4	x_0_3,x_1_2,x_1_3,x_1_4
4	4	x_0_3,x_2_1,x_2_2,x_2_3
4	2	x_0_3,x_2_1,x_2_2,x_2_4
4	4	x_0_3,x_2_1,x_2_3,x_2_4
4	4	x_0_3,x_2_2,x_2_3,x_2_4
4	4	x_0_3,x_3_1,x_3_2,x_3_3
4	2	x_0_3,x_3_1,x_3_2,x_3_4
4	4	x_0_3,x_3_1,x_3_3,x_3_4
4	4	x_0_3,x_3_2,x_3_3,x_3_4
4	10	x_0_4,x_1_0,x_1_1,x_1_2
4	10	x_0_4,x_1_0,x_1_1,x_1_3
4	20	x_0_4,x_1_0,x_1_1,x_1_4
4	12	x_0_4,x_1_1,x_1_2,x_1_3
4	24	x_0_4,x_1_1,x_1_2,x_1_4
4	24	x_0_4,x_1_1,x_1_3,x_1_4
4	4	x_0_4,x_1_2,x_1_3,x_1_4
4	2	x_0_4,x_2_1,x_2_2,x_2_3
4	4	x_0_4,x_2_1,x_2_2,x_2_4
4	4	x_0_4,x_2_1,x_2_3,x_2_4
4	4	x_0_4,x_2_2,x_2_3,x_2_4
4	2	x_0_4,x_3_1,x_3_2,x_3_3
4	4	x_0_4,x_3_1,x_3_2,x_3_4
4	4	x_0_4,x_3_1,x_3_3,x_3_4
4	4	x_0_4,x_3_2,x_3_3,x_3_4
4	10	x_1_0,x_1_1,x_1_2,x_1_3
4	10	x_1_0,x_1_1,x_1_2,x_1_4
4	10	x_1_0,x_1_1,x_1_2,x_2_0
4	10	x_1_0,x_1_1,x_1_2,x_2_1
4	-10	x_1_0,x_1_1,x_1_2,x_2_2
4	-10	x_1_0,x_1_1,x_1_2,x_2_4
4	10	x_1_0,x_1_1,x_1_3,x_1_4
4	10	x_1_0,x_1_1,x_1_3,x_2_0
4	10	x_1_0,x_1_1,x_1_3,x_2_1
4	-10	x_1_0,x_1_1,x_1_3,x_2_2
4	-10	x_1_0,x_1_1,x_1_3,x_2_3
4	-10	x_1_0,x_1_1,x_1_3,x_2_4
4	10	x_1_0,x_1_1,x_1_4,x_2_0
4	10	x_1_0,x_1_1,x_1_4,x_2_1
4	-10	x_1_0,x_1_1,x_1_4,x_2_2
4	-10	x_1_0,x_1_1,x_1_4,x_2_3
4	-10	x_1_0,x_1_1,x_1_4,x_2_4
4	20	x_1_0,x_1_1,x_2_0,x_2_1
4	10	x_1_0,x_1_1,x_2_1,x_2_2
4	10	x_1_0,x_1_1,x_2_1,x_2_3
4	10	x_1_0,x_1_1,x_2_1,x_2_4
4	-10	x_1_0,x_1_1,x_2_2,x_2_3
4	-20	x_1_0,x_1_1,x_2_2,x_2_4
4	-20	x_1_0,x_1_1,x_2_3,x_2_4
4	10	x_1_0,x_1_2,x_1_3,x_2_1
4	10	x_1_0,x_1_2,x_1_4,x_2_1
4	10	x_1_0,x_1_2,x_2_1,x_2_2
4	20	x_1_0,x_1_2,x_2_1,x_2_3
4	10	x_1_0,x_1_2,x_2_1,x_2_4
4	10	x_1_0,x_1_2,x_2_2,x_2_3
4	10	x_1_0,x_1_3,x_1_4,x_2_1
4	10	x_1_0,x_1_3,x_2_1,x_2_2
4	20	x_1_0,x_1_3,x_2_1,x_2_3
4	10	x_1_0,x_1_3,x_2_1,x_2_4
4	10	x_1_0,x_1_4,x_2_1,x_2_2
4	10	x_1_0,x_1_4,x_2_1,x_2_3
4	20	x_1_0,x_1_4,x_2_1,x_2_4
4	10	x_1_0,x_2_0,x_2_1,x_2_2
4	10	x_1_0,x_2_0,x_2_1,x_2_3
4	10	x_1_0,x_2_0,x_2_1,x_2_4
4	10	x_1_0,x_2_1,x_2_2,x_2_3
4	10	x_1_0,x_2_1,x_2_2,x_2_4
4	10	x_1_0,x_2_1,x_2_3,x_2_4
4	16	x_1_1,x_1_2,x_1_3,x_1_4
4	14	x_1_1,x_1_2,x_1_3,x_2_1
4	-6	x_1_1,x_1_2,x_1_3,x_2_2
4	4	x_1_1,x_1_2,x_1_3,x_2_3
4	-18	x_1_1,x_1_2,x_1_3,x_2_4
4	4	x_1_1,x_1_2,x_1_3,x_3_1
4	4	x_1_1,x_1_2,x_1_3,x_3_2
4	4	x_1_1,x_1_2,x_1_3,x_3_3
4	2	x_1_1,x_1_2,x_1_3,x_3_4
4	14	x_1_1,x_1_2,x_1_4,x_2_1
4	-6	x_1_1,x_1_2,x_1_4,x_2_2
4	2	x_1_1,x_1_2,x_1_4,x_2_3
4	-6	x_1_1,x_1_2,x_1_4,x_2_4
4	4	x_1_1,x_1_2,x_1_4,x_3_1
4	4	x_1_1,x_1_2,x_1_4,x_3_2
4	2	x_1_1,x_1_2,x_1_4,x_3_3
4	4	x_1_1,x_1_2,x_1_4,x_3_4
4	10	x_1_1,x_1_2,x_2_0,x_2_1
4	-10	x_1_1,x_1_2,x_2_0,x_2_2
4	-10	x_1_1,x_1_2,x_2_0,x_2_4
4	18	x_1_1,x_1_2,x_2_1,x_2_2
4	34	x_1_1,x_1_2,x_2_1,x_2_3
4	14	x_1_1,x_1_2,x_2_1,x_2_4
4	14	x_1_1,x_1_2,x_2_2,x_2_3
4	-16	x_1_1,x_1_2,x_2_2,x_2_4
4	-8	x_1_1,x_1_2,x_2_3,x_2_4
4	8	x_1_1,x_1_2,x_3_1,x_3_2
4	4	x_1_1,x_1_2,x_3_1,x_3_3
4	4	x_1_1,x_1_2,x_3_1,x_3_4
4	4	x_1_1,x_1_2,x_3_2,x_3_3
4	4	x_1_1,x_1_2,x_3_2,x_3_4
4	2	x_1_1,x_1_2,x_3_3,x_3_4
4	14	x_1_1,x_1_3,x_1_4,x_2_1
4	-8	x_1_1,x_1_3,x_1_4,x_2_2
4	-6	x_1_1,x_1_3,x_1_4,x_2_3
4	-6	x_1_1,x_1_3,x_1_4,x_2_4
4	4	x_1_1,x_1_3,x_1_4,x_3_1
4	2	x_1_1,x_1_3,x_1_4,x_3_2
4	4	x_1_1,x_1_3,x_1_4,x_3_3
4	4	x_1_1,x_1_3,x_1_4,x_3_4
4	10	x_1_1,x_1_3,x_2_0,x_2_1
4	-10	x_1_1,x_1_3,x_2_0,x_2_2
4	-10	x_1_1,x_1_3,x_2_0,x_2_3
4	-10	x_1_1,x_1_3,x_2_0,x_2_4
4	14	x_1_1,x_1_3,x_2_1,x_2_2
4	28	x_1_1,x_1_3,x_2_1,x_2_3
4	14	x_1_1,x_1_3,x_2_1,x_2_4
4	-6	x_1_1,x_1_3,x_2_2,x_2_3
4	-18	x_1_1,x_1_3,x_2_2,x_2_4
4	-16	x_1_1,x_1_3,x_2_3,x_2_4
4	4	x_1_1,x_1_3,x_3_1,x_3_2
4	8	x_1_1,x_1_3,x_3_1,x_3_3
4	4	x_1_1,x_1_3,x_3_1,x_3_4
4	4	x_1_1,x_1_3,x_3_2,x_3_3
4	2	x_1_1,x_1_3,x_3_2,x_3_4
4	4	x_1_1,x_1_3,x_3_3,x_3_4
4	10	x_1_1,x_1_4,x_2_0,x_2_1
4	-10	x_1_1,x_1_4,x_2_0,x_2_2
4	-10	x_1_1,x_1_4,x_2_0,x_2_3
4	-10	x_1_1,x_1_4,x_2_0,x_2_4
4	14	x_1_1,x_1_4,x_2_1,x_2_2
4	14	x_1_1,x_1_4,x_2_1,x_2_3
4	28	x_1_1,x_1_4,x_2_1,x_2_4
4	-8	x_1_1,x_1_4,x_2_2,x_2_3
4	-16	x_1_1,x_1_4,x_2_2,x_2_4
4	-16	x_1_1,x_1_4,x_2_3,x_2_4
4	4	x_1_1,x_1_4,x_3_1,x_3_2
4	4	x_1_1,x_1_4,x_3_1,x_3_3
4	8	x_1_1,x_1_4,x_3_1,x_3_4
4	2	x_1_1,x_1_4,x_3_2,x_3_3
4	4	x_1_1,x_1_4,x_3_2,x_3_4
4	4	x_1_1,x_1_4,x_3_3,x_3_4
4	10	x_1_1,x_2_0,x_2_1,x_2_2
4	10	x_1_1,x_2_0,x_2_1,x_2_3
4	10	x_1_1,x_2_0,x_2_1,x_2_4
4	-10	x_1_1,x_2_0,x_2_2,x_2_3
4	-20	x_1_1,x_2_0,x_2_2,x_2_4
4	-20	x_1_1,x_2_0,x_2_3,x_2_4
4	14	x_1_1,x_2_1,x_2_2,x_2_3
4	14	x_1_1,x_2_1,x_2_2,x_2_4
4	14	x_1_1,x_2_1,x_2_3,x_2_4
4	-18	x_1_1,x_2_2,x_2_3,x_2_4
4	4	x_1_1,x_3_1,x_3_2,x_3_3
4	4	x_1_1,x_3_1,x_3_2,x_3_4
4	4	x_1_1,x_3_1,x_3_3,x_3_4
4	2	x_1_1,x_3_2,x_3_3,x_3_4
4	12	x_1_2,x_1_3,x_1_4,x_2_1
4	4	x_1_2,x_1_3,x_1_4,x_2_2
4	4	x_1_2,x_1_3,x_1_4,x_2_3
4	4	x_1_2,x_1_3,x_1_4,x_2_4
4	2	x_1_2,x_1_3,x_1_4,x_3_1
4	4	x_1_2,x_1_3,x_1_4,x_3_2
4	4	x_1_2,x_1_3,x_1_4,x_3_3
4	4	x_1_2,x_1_3,x_1_4,x_3_4
4	10	x_1_2,x_1_3,x_2_0,x_2_1
4	14	x_1_2,x_1_3,x_2_1,x_2_2
4	34	x_1_2,x_1_3,x_2_1,x_2_3
4	12	x_1_2,x_1_3,x_2_1,x_2_4
4	18	x_1_2,x_1_3,x_2_2,x_2_3
4	4	x_1_2,x_1_3,x_2_2,x_2_4
4	4	x_1_2,x_1_3,x_2_3,x_2_4
4	4	x_1_2,x_1_3,x_3_1,x_3_2
4	4	x_1_2,x_1_3,x_3_1,x_3_3
4	2	x_1_2,x_1_3,x_3_1,x_3_4
4	8	x_1_2,x_1_3,x_3_2,x_3_3
4	4	x_1_2,x_1_3,x_3_2,x_3_4
4	4	x_1_2,x_1_3,x_3_3,x_3_4
4	10	x_1_2,x_1_4,x_2_0,x_2_1
4	14	x_1_2,x_1_4,x_2_1,x_2_2
4	22	x_1_2,x_1_4,x_2_1,x_2_3
4	24	x_1_2,x_1_4,x_2_1,x_2_4
4	14	x_1_2,x_1_4,x_2_2,x_2_3
4	6	x_1_2,x_1_4,x_2_2,x_2_4
4	4	x_1_2,x_1_4,x_2_3,x_2_4
4	4	x_1_2,x_1_4,x_3_1,x_3_2
4	2	x_1_2,x_1_4,x_3_1,x_3_3
4	4	x_1_2,x_1_4,x_3_1,x_3_4
4	4	x_1_2,x_1_4,x_3_2,x_3_3
4	6	x_1_2,x_1_4,x_3_2,x_3_4
4	4	x_1_2,x_1_4,x_3_3,x_3_4
4	10	x_1_2,x_2_0,x_2_1,x_2_2
4	20	x_1_2,x_2_0,x_2_1,x_2_3
4	10	x_1_2,x_2_0,x_2_1,x_2_4
4	10	x_1_2,x_2_0,x_2_2,x_2_3
4	34	x_1_2,x_2_1,x_2_2,x_2_3
4	14	x_1_2,x_2_1,x_2_2,x_2_4
4	22	x_1_2,x_2_1,x_2_3,x_2_4
4	14	x_1_2,x_2_2,x_2_3,x_2_4
4	4	x_1_2,x_3_1,x_3_2,x_3_3
4	4	x_1_2,x_3_1,x_3_2,x_3_4
4	2	x_1_2,x_3_1,x_3_3,x_3_4
4	4	x_1_2,x_3_2,x_3_3,x_3_4
4	10	x_1_3,x_1_4,x_2_0,x_2_1
4	12	x_1_3,x_1_4,x_2_1,x_2_2
4	24	x_1_3,x_1_4,x_2_1,x_2_3
4	24	x_1_3,x_1_4,x_2_1,x_2_4
4	4	x_1_3,x_1_4,x_2_2,x_2_3
4	4	x_1_3,x_1_4,x_2_2,x_2_4
4	6	x_1_3,x_1_4,x_2_3,x_2_4
4	2	x_1_3,x_1_4,x_3_1,x_3_2
4	4	x_1_3,x_1_4,x_3_1,x_3_3
4	4	x_1_3,x_1_4,x_3_1,x_3_4
4	4	x_1_3,x_1_4,x_3_2,x_3_3
4	4	x_1_3,x_1_4,x_3_2,x_3_4
4	6	x_1_3,x_1_4,x_3_3,x_3_4
4	10	x_1_3,x_2_0,x_2_1,x_2_2
4	20	x_1_3,x_2_0,x_2_1,x_2_3
4	10	x_1_3,x_2_0,x_2_1,x_2_4
4	24	x_1_3,x_2_1,x_2_2,x_2_3
4	12	x_1_3,x_2_1,x_2_2,x_2_4
4	24	x_1_3,x_2_1,x_2_3,x_2_4
4	4	x_1_3,x_2_2,x_2_3,x_2_4
4	4	x_1_3,x_3_1,x_3_2,x_3_3
4	2	x_1_3,x_3_1,x_3_2,x_3_4
4	4	x_1_3,x_3_1,x_3_3,x_3_4
4	4	x_1_3,x_3_2,x_3_3,x_3_4
4	10	x_1_4,x_2_0,x_2_1,x_2_2
4	10	x_1_4,x_2_0,x_2_1,x_2_3
4	20	x_1_4,x_2_0,x_2_1,x_2_4
4	12	x_1_4,x_2_1,x_2_2,x_2_3
4	24	x_1_4,x_2_1,x_2_2,x_2_4
4	24	x_1_4,x_2_1,x_2_3,x_2_4
4	4	x_1_4,x_2_2,x_2_3,x_2_4
4	2	x_1_4,x_3_1,x_3_2,x_3_3
4	4	x_1_4,x_3_1,x_3_2,x_3_4
4	4	x_1_4,x_3_1,x_3_3,x_3_4
4	4	x_1_4,x_3_2,x_3_3,x_3_4
4	10	x_2_0,x_2_1,x_2_2,x_2_3
4	10	x_2_0,x_2_1,x_2_2,x_2_4
4	10	x_2_0,x_2_1,x_2_2,x_3_0
4	10	x_2_0,x_2_1,x_2_2,x_3_1
4	-10	x_2_0,x_2_1,x_2_2,x_3_2
4	-10	x_2_0,x_2_1,x_2_2,x_3_4
4	10	x_2_0,x_2_1,x_2_3,x_2_4
4	10	x_2_0,x_2_1,x_2_3,x_3_0
4	10	x_2_0,x_2_1,x_2_3,x_3_1
4	-10	x_2_0,x_2_1,x_2_3,x_3_2
4	-10	x_2_0,x_2_1,x_2_3,x_3_3
4	-10	x_2_0,x_2_1,x_2_3,x_3_4
4	10	x_2_0,x_2_1,x_2_4,x_3_0
4	10	x_2_0,x_2_1,x_2_4,x_3_1
4	-10	x_2_0,x_2_1,x_2_4,x_3_2
4	-10	x_2_0,x_2_1,x_2_4,x_3_3
4	-10	x_2_0,x_2_1,x_2_4,x_3_4
4	20	x_2_0,x_2_1,x_3_0,x_3_1
4	10	x_2_0,x_2_1,x_3_1,x_3_2
4	10	x_2_0,x_2_1,x_3_1,x_3_3
4	10	x_2_0,x_2_1,x_3_1,x_3_4
4	-10	x_2_0,x_2_1,x_3_2,x_3_3
4	-20	x_2_0,x_2_1,x_3_2,x_3_4
4	-20	x_2_0,x_2_1,x_3_3,x_3_4
4	10	x_2_0,x_2_2,x_2_3,x_3_1
4	10	x_2_0,x_2_2,x_2_4,x_3_1
4	10	x_2_0,x_2_2,x_3_1,x_3_2
4	20	x_2_0,x_2_2,x_3_1,x_3_3
4	10	x_2_0,x_2_2,x_3_1,x_3_4
4	10	x_2_0,x_2_2,x_3_2,x_3_3
4	10	x_2_0,x_2_3,x_2_4,x_3_1
4	10	x_2_0,x_2_3,x_3_1,x_3_2
4	20	x_2_0,x_2_3,x_3_1,x_3_3
4	10	x_2_0,x_2_3,x_3_1,x_3_4
4	10	x_2_0,x_2_4,x_3_1,x_3_2
4	10	x_2_0,x_2_4,x_3_1,x_3_3
4	20	x_2_0,x_2_4,x_3_1,x_3_4
4	10	x_2_0,x_3_0,x_3_1,x_3_2
4	10	x_2_0,x_3_0,x_3_1,x_3_3
4	10	x_2_0,x_3_0,x_3_1,x_3_4
4	10	x_2_0,x_3_1,x_3_2,x_3_3
4	10	x_2_0,x_3_1,x_3_2,x_3_4
4	10	x_2_0,x_3_1,x_3_3,x_3_4
4	16	x_2_1,x_2_2,x_2_3,x_2_4
4	14	x_2_1,x_2_2,x_2_3,x_3_1
4	-6	x_2_1,x_2_2,x_2_3,x_3_2
4	4	x_2_1,x_2_2,x_2_3,x_3_3
4	-18	x_2_1,x_2_2,x_2_3,x_3_4
4	14	x_2_1,x_2_2,x_2_4,x_3_1
4	-6	x_2_1,x_2_2,x_2_4,x_3_2
4	2	x_2_1,x_2_2,x_2_4,x_3_3
4	-6	x_2_1,x_2_2,x_2_4,x_3_4
4	10	x_2_1,x_2_2,x_3_0,x_3_1
4	-10	x_2_1,x_2_2,x_3_0,x_3_2
4	-10	x_2_1,x_2_2,x_3_0,x_3_4
4	18	x_2_1,x_2_2,x_3_1,x_3_2
4	34	x_2_1,x_2_2,x_3_1,x_3_3
4	14	x_2_1,x_2_2,x_3_1,x_3_4
4	14	x_2_1,x_2_2,x_3_2,x_3_3
4	-16	x_2_1,x_2_2,x_3_2,x_3_4
4	-8	x_2_1,x_2_2,x_3_3,x_3_4
4	14	x_2_1,x_2_3,x_2_4,x_3_1
4	-8	x_2_1,x_2_3,x_2_4,x_3_2
4	-6	x_2_1,x_2_3,x_2_4,x_3_3
4	-6	x_2_1,x_2_3,x_2_4,x_3_4
4	10	x_2_1,x_2_3,x_3_0,x_3_1
4	-10	x_2_1,x_2_3,x_3_0,x_3_2
4	-10	x_2_1,x_2_3,x_3_0,x_3_3
4	-10	x_2_1,x_2_3,x_3_0,x_3_4
4	14	x_2_1,x_2_3,x_3_1,x_3_2
4	28	x_2_1,x_2_3,x_3_1,x_3_3
4	14	x_2_1,x_2_3,x_3_1,x_3_4
4	-6	x_2_1,x_2_3,x_3_2,x_3_3
4	-18	x_2_1,x_2_3,x_3_2,x_3_4
4	-16	x_2_1,x_2_3,x_3_3,x_3_4
4	10	x_2_1,x_2_4,x_3_0,x_3_1
4	-10	x_2_1,x_2_4,x_3_0,x_3_2
4	-10	x_2_1,x_2_4,x_3_0,x_3_3
4	-10	x_2_1,x_2_4,x_3_0,x_3_4
4	14	x_2_1,x_2_4,x_3_1,x_3_2
4	14	x_2_1,x_2_4,x_3_1,x_3_3
4	28	x_2_1,x_2_4,x_3_1,x_3_4
4	-8	x_2_1,x_2_4,x_3_2,x_3_3
4	-16	x_2_1,x_2_4,x_3_2,x_3_4
4	-16	x_2_1,x_2_4,x_3_3,x_3_4
4	10	x_2_1,x_3_0,x_3_1,x_3_2
4	10	x_2_1,x_3_0,x_3_1,x_3_3
4	10	x_2_1,x_3_0,x_3_1,x_3_4
4	-10	x_2_1,x_3_0,x_3_2,x_3_3
4	-20	x_2_1,x_3_0,x_3_2,x_3_4
4	-20	x_2_1,x_3_0,x_3_3,x_3_4
4	14	x_2_1,x_3_1,x_3_2,x_3_3
4	14	x_2_1,x_3_1,x_3_2,x_3_4
4	14	x_2_1,x_3_1,x_3_3,x_3_4
4	-18	x_2_1,x_3_2,x_3_3,x_3_4
4	12	x_2_2,x_2_3,x_2_4,x_3_1
4	4	x_2_2,x_2_3,x_2_4,x_3_2
4	4	x_2_2,x_2_3,x_2_4,x_3_3
4	4	x_2_2,x_2_3,x_2_4,x_3_4
4	10	x_2_2,x_2_3,x_3_0,x_3_1
4	14	x_2_2,x_2_3,x_3_1,x_3_2
4	34	x_2_2,x_2_3,x_3_1,x_3_3
4	12	x_2_2,x_2_3,x_3_1,x_3_4
4	18	x_2_2,x_2_3,x_3_2,x_3_3
4	4	x_2_2,x_2_3,x_3_2,x_3_4
4	4	x_2_2,x_2_3,x_3_3,x_3_4
4	10	x_2_2,x_2_4,x_3_0,x_3_1
4	14	x_2_2,x_2_4,x_3_1,x_3_2
4	22	x_2_2,x_2_4,x_3_1,x_3_3
4	24	x_2_2,x_2_4,x_3_1,x_3_4
4	14	x_2_2,x_2_4,x_3_2,x_3_3
4	6	x_2_2,x_2_4,x_3_2,x_3_4
4	4	x_2_2,x_2_4,x_3_3,x_3_4
4	10	x_2_2,x_3_0,x_3_1,x_3_2
4	20	x_2_2,x_3_0,x_3_1,x_3_3
4	10	x_2_2,x_3_0,x_3_1,x_3_4
4	10	x_2_2,x_3_0,x_3_2,x_3_3
4	34	x_2_2,x_3_1,x_3_2,x_3_3
4	14	x_2_2,x_3_1,x_3_2,x_3_4
4	22	x_2_2,x_3_1,x_3_3,x_3_4
4	14	x_2_2,x_3_2,x_3_3,x_3_4
4	10	x_2_3,x_2_4,x_3_0,x_3_1
4	12	x_2_3,x_2_4,x_3_1,x_3_2
4	24	x_2_3,x_2_4,x_3_1,x_3_3
4	24	x_2_3,x_2_4,x_3_1,x_3_4
4	4	x_2_3,x_2_4,x_3_2,x_3_3
4	4	x_2_3,x_2_4,x_3_2,x_3_4
4	6	x_2_3,x_2_4,x_3_3,x_3_4
4	10	x_2_3,x_3_0,x_3_1,x_3_2
4	20	x_2_3,x_3_0,x_3_1,x_3_3
4	10	x_2_3,x_3_0,x_3_1,x_3_4
4	24	x_2_3,x_3_1,x_3_2,x_3_3
4	12	x_2_3,x_3_1,x_3_2,x_3_4
4	24	x_2_3,x_3_1,x_3_3,x_3_4
4	4	x_2_3,x_3_2,x_3_3,x_3_4
4	10	x_2_4,x_3_0,x_3_1,x_3_2
4	10	x_2_4,x_3_0,x_3_1,x_3_3
4	20	x_2_4,x_3_0,x_3_1,x_3_4
4	12	x_2_4,x_3_1,x_3_2,x_3_3
4	24	x_2_4,x_3_1,x_3_2,x_3_4
4	24	x_2_4,x_3_1,x_3_3,x_3_4
4	4	x_2_4,x_3_2,x_3_3,x_3_4
4	10	x_3_0,x_3_1,x_3_2,x_3_3
4	10	x_3_0,x_3_1,x_3_2,x_3_4
4	10	x_3_0,x_3_1,x_3_3,x_3_4
4	16	x_3_1,x_3_2,x_3_3,x_3_4
5	-10	x_0_0,x_0_1,x_0_2,x_0_3,x_1_0
5	-10	x_0_0,x_0_1,x_0_2,x_0_3,x_1_1
5	10	x_0_0,x_0_1,x_0_2,x_0_3,x_1_2
5	20	x_0_0,x_0_1,x_0_2,x_0_3,x_1_4
5	-10	x_0_0,x_0_1,x_0_2,x_0_4,x_1_0
5	-10	x_0_0,x_0_1,x_0_2,x_0_4,x_1_1
5	10	x_0_0,x_0_1,x_0_2,x_0_4,x_1_2
5	10	x_0_0,x_0_1,x_0_2,x_0_4,x_1_4
5	-20	x_0_0,x_0_1,x_0_2,x_1_0,x_1_1
5	-10	x_0_0,x_0_1,x_0_2,x_1_0,x_1_3
5	-10	x_0_0,x_0_1,x_0_2,x_1_1,x_1_2
5	-30	x_0_0,x_0_1,x_0_2,x_1_1,x_1_3
5	-10	x_0_0,x_0_1,x_0_2,x_1_1,x_1_4
5	-10	x_0_0,x_0_1,x_0_2,x_1_2,x_1_3
5	20	x_0_0,x_0_1,x_0_2,x_1_2,x_1_4
5	10	x_0_0,x_0_1,x_0_2,x_1_3,x_1_4
5	-10	x_0_0,x_0_1,x_0_3,x_0_4,x_1_0
5	-10	x_0_0,x_0_1,x_0_3,x_0_4,x_1_1
5	10	x_0_0,x_0_1,x_0_3,x_0_4,x_1_2
5	10	x_0_0,x_0_1,x_0_3,x_0_4,x_1_3
5	10	x_0_0,x_0_1,x_0_3,x_0_4,x_1_4
5	-20	x_0_0,x_0_1,x_0_3,x_1_0,x_1_1
5	-10	x_0_0,x_0_1,x_0_3,x_1_0,x_1_2
5	-10	x_0_0,x_0_1,x_0_3,x_1_0,x_1_3
5	-10	x_0_0,x_0_1,x_0_3,x_1_1,x_1_2
5	-20	x_0_0,x_0_1,x_0_3,x_1_1,x_1_3
5	-10	x_0_0,x_0_1,x_0_3,x_1_1,x_1_4
5	10	x_0_0,x_0_1,x_0_3,x_1_2,x_1_3
5	20	x_0_0,x_0_1,x_0_3,x_1_2,x_1_4
5	20	x_0_0,x_0_1,x_0_3,x_1_3,x_1_4
5	-20	x_0_0,x_0_1,x_0_4,x_1_0,x_1_1
5	-10	x_0_0,x_0_1,x_0_4,x_1_0,x_1_4
5	-10	x_0_0,x_0_1,x_0_4,x_1_1,x_1_2
5	-10	x_0_0,x_0_1,x_0_4,x_1_1,x_1_3
5	-20	x_0_0,x_0_1,x_0_4,x_1_1,x_1_4
5	10	x_0_0,x_0_1,x_0_4,x_1_2,x_1_3
5	20	x_0_0,x_0_1,x_0_4,x_1_2,x_1_4
5	20	x_0_0,x_0_1,x_0_4,x_1_3,x_1_4
5	-20	x_0_0,x_0_1,x_1_0,x_1_1,x_1_2
5	-20	x_0_0,x_0_1,x_1_0,x_1_1,x_1_3
5	-20	x_0_0,x_0_1,x_1_0,x_1_1,x_1_4
5	10	x_0_0,x_0_1,x_1_0,x_1_2,x_1_4
5	10	x_0_0,x_0_1,x_1_0,x_1_3,x_1_4
5	-10	x_0_0,x_0_1,x_1_1,x_1_2,x_1_3
5	-10	x_0_0,x_0_1,x_1_1,x_1_2,x_1_4
5	-10	x_0_0,x_0_1,x_1_1,x_1_3,x_1_4
5	20	x_0_0,x_0_1,x_1_2,x_1_3,x_1_4
5	-10	x_0_0,x_0_2,x_0_3,x_0_4,x_1_1
5	-10	x_0_0,x_0_2,x_0_3,x_1_0,x_1_2
5	-10	x_0_0,x_0_2,x_0_3,x_1_1,x_1_2
5	-30	x_0_0,x_0_2,x_0_3,x_1_1,x_1_3
5	-10	x_0_0,x_0_2,x_0_3,x_1_1,x_1_4
5	-10	x_0_0,x_0_2,x_0_3,x_1_2,x_1_3
5	10	x_0_0,x_0_2,x_0_4,x_1_0,x_1_1
5	-10	x_0_0,x_0_2,x_0_4,x_1_1,x_1_2
5	-20	x_0_0,x_0_2,x_0_4,x_1_1,x_1_3
5	-20	x_0_0,x_0_2,x_0_4,x_1_1,x_1_4
5	-10	x_0_0,x_0_2,x_0_4,x_1_2,x_1_3
5	-10	x_0_0,x_0_2,x_1_0,x_1_1,x_1_3
5	-10	x_0_0,x_0_2,x_1_0,x_1_2,x_1_3
5	-30	x_0_0,x_0_2,x_1_1,x_1_2,x_1_3
5	-10	x_0_0,x_0_2,x_1_1,x_1_2,x_1_4
5	-20	x_0_0,x_0_2,x_1_1,x_1_3,x_1_4
5	-10	x_0_0,x_0_2,x_1_2,x_1_3,x_1_4
5	10	x_0_0,x_0_3,x_0_4,x_1_0,x_1_1
5	-10	x_0_0,x_0_3,x_0_4,x_1_1,x_1_2
5	-20	x_0_0,x_0_3,x_0_4,x_1_1,x_1_3
5	-20	x_0_0,x_0_3,x_0_4,x_1_1,x_1_4
5	-10	x_0_0,x_0_3,x_1_0,x_1_1,x_1_2
5	-10	x_0_0,x_0_3,x_1_0,x_1_1,x_1_3
5	-20	x_0_0,x_0_3,x_1_1,x_1_2,x_1_3
5	-10	x_0_0,x_0_3,x_1_1,x_1_2,x_1_4
5	-20	x_0_0,x_0_3,x_1_1,x_1_3,x_1_4
5	-10	x_0_0,x_0_4,x_1_0,x_1_1,x_1_4
5	-10	x_0_0,x_0_4,x_1_1,x_1_2,x_1_3
5	-20	x_0_0,x_0_4,x_1_1,x_1_2,x_1_4
5	-20	x_0_0,x_0_4,x_1_1,x_1_3,x_1_4
5	-10	x_0_0,x_1_0,x_1_1,x_1_2,x_1_3
5	-10	x_0_0,x_1_0,x_1_1,x_1_2,x_1_4
5	-10	x_0_0,x_1_0,x_1_1,x_1_3,x_1_4
5	-10	x_0_0,x_1_1,x_1_2,x_1_3,x_1_4
5	-14	x_0_1,x_0_2,x_0_3,x_0_4,x_1_1
5	6	x_0_1,x_0_2,x_0_3,x_0_4,x_1_2
5	-4	x_0_1,x_0_2,x_0_3,x_0_4,x_1_3
5	16	x_0_1,x_0_2,x_0_3,x_0_4,x_1_4
5	-4	x_0_1,x_0_2,x_0_3,x_0_4,x_2_1
5	-4	x_0_1,x_0_2,x_0_3,x_0_4,x_2_2
5	-4	x_0_1,x_0_2,x_0_3,x_0_4,x_2_3
5	-4	x_0_1,x_0_2,x_0_3,x_0_4,x_2_4
5	-4	x_0_1,x_0_2,x_0_3,x_0_4,x_3_1
5	-4	x_0_1,x_0_2,x_0_3,x_0_4,x_3_2
5	-4	x_0_1,x_0_2,x_0_3,x_0_4,x_3_3
5	-4	x_0_1,x_0_2,x_0_3,x_0_4,x_3_4
5	-10	x_0_1,x_0_2,x_0_3,x_1_0,x_1_1
5	10	x_0_1,x_0_2,x_0_3,x_1_0,x_1_2
5	20	x_0_1,x_0_2,x_0_3,x_1_0,x_1_4
5	-18	x_0_1,x_0_2,x_0_3,x_1_1,x_1_2
5	-48	x_0_1,x_0_2,x_0_3,x_1_1,x_1_3
5	-4	x_0_1,x_0_2,x_0_3,x_1_1,x_1_4
5	-18	x_0_1,x_0_2,x_0_3,x_1_2,x_1_3
5	26	x_0_1,x_0_2,x_0_3,x_1_2,x_1_4
5	16	x_0_1,x_0_2,x_0_3,x_1_3,x_1_4
5	-8	x_0_1,x_0_2,x_0_3,x_2_1,x_2_2
5	-8	x_0_1,x_0_2,x_0_3,x_2_1,x_2_3
5	-4	x_0_1,x_0_2,x_0_3,x_2_1,x_2_4
5	-8	x_0_1,x_0_2,x_0_3,x_2_2,x_2_3
5	-4	x_0_1,x_0_2,x_0_3,x_2_2,x_2_4
5	-4	x_0_1,x_0_2,x_0_3,x_2_3,x_2_4
5	-8	x_0_1,x_0_2,x_0_3,x_3_1,x_3_2
5	-8	x_0_1,x_0_2,x_0_3,x_3_1,x_3_3
5	-4	x_0_1,x_0_2,x_0_3,x_3_1,x_3_4
5	-8	x_0_1,x_0_2,x_0_3,x_3_2,x_3_3
5	-4	x_0_1,x_0_2,x_0_3,x_3_2,x_3_4
5	-4	x_0_1,x_0_2,x_0_3,x_3_3,x_3_4
5	-10	x_0_1,x_0_2,x_0_4,x_1_0,x_1_1
5	10	x_0_1,x_0_2,x_0_4,x_1_0,x_1_2
5	10	x_0_1,x_0_2,x_0_4,x_1_0,x_1_4
5	-18	x_0_1,x_0_2,x_0_4,x_1_1,x_1_2
5	-34	x_0_1,x_0_2,x_0_4,x_1_1,x_1_3
5	-28	x_0_1,x_0_2,x_0_4,x_1_1,x_1_4
5	-14	x_0_1,x_0_2,x_0_4,x_1_2,x_1_3
5	14	x_0_1,x_0_2,x_0_4,x_1_2,x_1_4
5	6	x_0_1,x_0_2,x_0_4,x_1_3,x_1_4
5	-8	x_0_1,x_0_2,x_0_4,x_2_1,x_2_2
5	-4	x_0_1,x_0_2,x_0_4,x_2_1,x_2_3
5	-8	x_0_1,x_0_2,x_0_4,x_2_1,x_2_4
5	-4	x_0_1,x_0_2,x_0_4,x_2_2,x_2_3
5	-6	x_0_1,x_0_2,x_0_4,x_2_2,x_2_4
5	-4	x_0_1,x_0_2,x_0_4,x_2_3,x_2_4
5	-8	x_0_1,x_0_2,x_0_4,x_3_1,x_3_2
5	-4	x_0_1,x_0_2,x_0_4,x_3_1,x_3_3
5	-8	x_0_1,x_0_2,x_0_4,x_3_1,x_3_4
5	-4	x_0_1,x_0_2,x_0_4,x_3_2,x_3_3
5	-6	x_0_1,x_0_2,x_0_4,x_3_2,x_3_4
5	-4	x_0_1,x_0_2,x_0_4,x_3_3,x_3_4
5	-10	x_0_1,x_0_2,x_1_0,x_1_1,x_1_2
5	-30	x_0_1,x_0_2,x_1_0,x_1_1,x_1_3
5	-10	x_0_1,x_0_2,x_1_0,x_1_1,x_1_4
5	-10	x_0_1,x_0_2,x_1_0,x_1_2,x_1_3
5	20	x_0_1,x_0_2,x_1_0,x_1_2,x_1_4
5	10	x_0_1,x_0_2,x_1_0,x_1_3,x_1_4
5	-48	x_0_1,x_0_2,x_1_1,x_1_2,x_1_3
5	-18	x_0_1,x_0_2,x_1_1,x_1_2,x_1_4
5	-34	x_0_1,x_0_2,x_1_1,x_1_3,x_1_4
5	-4	x_0_1,x_0_2,x_1_2,x_1_3,x_1_4
5	-8	x_0_1,x_0_2,x_2_1,x_2_2,x_2_3
5	-8	x_0_1,x_0_2,x_2_1,x_2_2,x_2_4
5	-4	x_0_1,x_0_2,x_2_1,x_2_3,x_2_4
5	-4	x_0_1,x_0_2,x_2_2,x_2_3,x_2_4
5	-8	x_0_1,x_0_2,x_3_1,x_3_2,x_3_3
5	-8	x_0_1,x_0_2,x_3_1,x_3_2,x_3_4
5	-4	x_0_1,x_0_2,x_3_1,x_3_3,x_3_4
5	-4	x_0_1,x_0_2,x_3_2,x_3_3,x_3_4
5	-10	x_0_1,x_0_3,x_0_4,x_1_0,x_1_1
5	10	x_0_1,x_0_3,x_0_4,x_1_0,x_1_2
5	10	x_0_1,x_0_3,x_0_4,x_1_0,x_1_3
5	10	x_0_1,x_0_3,x_0_4,x_1_0,x_1_4
5	-14	x_0_1,x_0_3,x_0_4,x_1_1,x_1_2
5	-28	x_0_1,x_0_3,x_0_4,x_1_1,x_1_3
5	-28	x_0_1,x_0_3,x_0_4,x_1_1,x_1_4
5	6	x_0_1,x_0_3,x_0_4,x_1_2,x_1_3
5	16	x_0_1,x_0_3,x_0_4,x_1_2,x_1_4
5	14	x_0_1,x_0_3,x_0_4,x_1_3,x_1_4
5	-4	x_0_1,x_0_3,x_0_4,x_2_1,x_2_2
5	-8	x_0_1,x_0_3,x_0_4,x_2_1,x_2_3
5	-8	x_0_1,x_0_3,x_0_4,x_2_1,x_2_4
5	-4	x_0_1,x_0_3,x_0_4,x_2_2,x_2_3
5	-4	x_0_1,x_0_3,x_0_4,x_2_2,x_2_4
5	-6	x_0_1,x_0_3,x_0_4,x_2_3,x_2_4
5	-4	x_0_1,x_0_3,x_0_4,x_3_1,x_3_2
5	-8	x_0_1,x_0_3,x_0_4,x_3_1,x_3_3
5	-8	x_0_1,x_0_3,x_0_4,x_3_1,x_3_4
5	-4	x_0_1,x_0_3,x_0_4,x_3_2,x_3_3
5	-4	x_0_1,x_0_3,x_0_4,x_3_2,x_3_4
5	-6	x_0_1,x_0_3,x_0_4,x_3_3,x_3_4
5	-10	x_0_1,x_0_3,x_1_0,x_1_1,x_1_2
5	-20	x_0_1,x_0_3,x_1_0,x_1_1,x_1_3
5	-10	x_0_1,x_0_3,x_1_0,x_1_1,x_1_4
5	10	x_0_1,x_0_3,x_1_0,x_1_2,x_1_3
5	20	x_0_1,x_0_3,x_1_0,x_1_2,x_1_4
5	20	x_0_1,x_0_3,x_1_0,x_1_3,x_1_4
5	-38	x_0_1,x_0_3,x_1_1,x_1_2,x_1_3
5	-14	x_0_1,x_0_3,x_1_1,x_1_2,x_1_4
5	-28	x_0_1,x_0_3,x_1_1,x_1_3,x_1_4
5	16	x_0_1,x_0_3,x_1_2,x_1_3,x_1_4
5	-8	x_0_1,x_0_3,x_2_1,x_2_2,x_2_3
5	-4	x_0_1,x_0_3,x_2_1,x_2_2,x_2_4
5	-8	x_0_1,x_0_3,x_2_1,x_2_3,x_2_4
5	-4	x_0_1,x_0_3,x_2_2,x_2_3,x_2_4
5	-8	x_0_1,x_0_3,x_3_1,x_3_2,x_3_3
5	-4	x_0_1,x_0_3,x_3_1,x_3_2,x_3_4
5	-8	x_0_1,x_0_3,x_3_1,x_3_3,x_3_4
5	-4	x_0_1,x_0_3,x_3_2,x_3_3,x_3_4
5	-10	x_0_1,x_0_4,x_1_0,x_1_1,x_1_2
5	-10	x_0_1,x_0_4,x_1_0,x_1_1,x_1_3
5	-20	x_0_1,x_0_4,x_1_0,x_1_1,x_1_4
5	10	x_0_1,x_0_4,x_1_0,x_1_2,x_1_3
5	20	x_0_1,x_0_4,x_1_0,x_1_2,x_1_4
5	20	x_0_1,x_0_4,x_1_0,x_1_3,x_1_4
5	-14	x_0_1,x_0_4,x_1_1,x_1_2,x_1_3
5	-28	x_0_1,x_0_4,x_1_1,x_1_2,x_1_4
5	-28	x_0_1,x_0_4,x_1_1,x_1_3,x_1_4
5	16	x_0_1,x_0_4,x_1_2,x_1_3,x_1_4
5	-4	x_0_1,x_0_4,x_2_1,x_2_2,x_2_3
5	-8	x_0_1,x_0_4,x_2_1,x_2_2,x_2_4
5	-8	x_0_1,x_0_4,x_2_1,x_2_3,x_2_4
5	-4	x_0_1,x_0_4,x_2_2,x_2_3,x_2_4
5	-4	x_0_1,x_0_4,x_3_1,x_3_2,x_3_3
5	-8	x_0_1,x_0_4,x_3_1,x_3_2,x_3_4
5	-8	x_0_1,x_0_4,x_3_1,x_3_3,x_3_4
5	-4	x_0_1,x_0_4,x_3_2,x_3_3,x_3_4
5	-10	x_0_1,x_1_0,x_1_1,x_1_2,x_1_3
5	-10	x_0_1,x_1_0,x_1_1,x_1_2,x_1_4
5	-10	x_0_1,x_1_0,x_1_1,x_1_3,x_1_4
5	20	x_0_1,x_1_0,x_1_2,x_1_3,x_1_4
5	-14	x_0_1,x_1_1,x_1_2,x_1_3,x_1_4
5	-4	x_0_1,x_2_1,x_2_2,x_2_3,x_2_4
5	-4	x_0_1,x_3_1,x_3_2,x_3_3,x_3_4
5	-10	x_0_2,x_0_3,x_0_4,x_1_0,x_1_1
5	-14	x_0_2,x_0_3,x_0_4,x_1_1,x_1_2
5	-34	x_0_2,x_0_3,x_0_4,x_1_1,x_1_3
5	-24	x_0_2,x_0_3,x_0_4,x_1_1,x_1_4
5	-18	x_0_2,x_0_3,x_0_4,x_1_2,x_1_3
5	-6	x_0_2,x_0_3,x_0_4,x_1_2,x_1_4
5	-6	x_0_2,x_0_3,x_0_4,x_1_3,x_1_4
5	-4	x_0_2,x_0_3,x_0_4,x_2_1,x_2_2
5	-4	x_0_2,x_0_3,x_0_4,x_2_1,x_2_3
5	-4	x_0_2,x_0_3,x_0_4,x_2_1,x_2_4
5	-8	x_0_2,x_0_3,x_0_4,x_2_2,x_2_3
5	-6	x_0_2,x_0_3,x_0_4,x_2_2,x_2_4
5	-6	x_0_2,x_0_3,x_0_4,x_2_3,x_2_4
5	-4	x_0_2,x_0_3,x_0_4,x_3_1,x_3_2
5	-4	x_0_2,x_0_3,x_0_4,x_3_1,x_3_3
5	-4	x_0_2,x_0_3,x_0_4,x_3_1,x_3_4
5	-8	x_0_2,x_0_3,x_0_4,x_3_2,x_3_3
5	-6	x_0_2,x_0_3,x_0_4,x_3_2,x_3_4
5	-6	x_0_2,x_0_3,x_0_4,x_3_3,x_3_4
5	-10	x_0_2,x_0_3,x_1_0,x_1_1,x_1_2
5	-30	x_0_2,x_0_3,x_1_0,x_1_1,x_1_3
5	-10	x_0_2,x_0_3,x_1_0,x_1_1,x_1_4
5	-10	x_0_2,x_0_3,x_1_0,x_1_2,x_1_3
5	-58	x_0_2,x_0_3,x_1_1,x_1_2,x_1_3
5	-14	x_0_2,x_0_3,x_1_1,x_1_2,x_1_4
5	-34	x_0_2,x_0_3,x_1_1,x_1_3,x_1_4
5	-18	x_0_2,x_0_3,x_1_2,x_1_3,x_1_4
5	-8	x_0_2,x_0_3,x_2_1,x_2_2,x_2_3
5	-4	x_0_2,x_0_3,x_2_1,x_2_2,x_2_4
5	-4	x_0_2,x_0_3,x_2_1,x_2_3,x_2_4
5	-8	x_0_2,x_0_3,x_2_2,x_2_3,x_2_4
5	-8	x_0_2,x_0_3,x_3_1,x_3_2,x_3_3
5	-4	x_0_2,x_0_3,x_3_1,x_3_2,x_3_4
5	-4	x_0_2,x_0_3,x_3_1,x_3_3,x_3_4
5	-8	x_0_2,x_0_3,x_3_2,x_3_3,x_3_4
5	-10	x_0_2,x_0_4,x_1_0,x_1_1,x_1_2
5	-20	x_0_2,x_0_4,x_1_0,x_1_1,x_1_3
5	-20	x_0_2,x_0_4,x_1_0,x_1_1,x_1_4
5	-10	x_0_2,x_0_4,x_1_0,x_1_2,x_1_3
5	-34	x_0_2,x_0_4,x_1_1,x_1_2,x_1_3
5	-26	x_0_2,x_0_4,x_1_1,x_1_2,x_1_4
5	-34	x_0_2,x_0_4,x_1_1,x_1_3,x_1_4
5	-16	x_0_2,x_0_4,x_1_2,x_1_3,x_1_4
5	-4	x_0_2,x_0_4,x_2_1,x_2_2,x_2_3
5	-6	x_0_2,x_0_4,x_2_1,x_2_2,x_2_4
5	-4	x_0_2,x_0_4,x_2_1,x_2_3,x_2_4
5	-6	x_0_2,x_0_4,x_2_2,x_2_3,x_2_4
5	-4	x_0_2,x_0_4,x_3_1,x_3_2,x_3_3
5	-6	x_0_2,x_0_4,x_3_1,x_3_2,x_3_4
5	-4	x_0_2,x_0_4,x_3_1,x_3_3,x_3_4
5	-6	x_0_2,x_0_4,x_3_2,x_3_3,x_3_4
5	-30	x_0_2,x_1_0,x_1_1,x_1_2,x_1_3
5	-10	x_0_2,x_1_0,x_1_1,x_1_2,x_1_4
5	-20	x_0_2,x_1_0,x_1_1,x_1_3,x_1_4
5	-10	x_0_2,x_1_0,x_1_2,x_1_3,x_1_4
5	-34	x_0_2,x_1_1,x_1_2,x_1_3,x_1_4
5	-4	x_0_2,x_2_1,x_2_2,x_2_3,x_2_4
5	-4	x_0_2,x_3_1,x_3_2,x_3_3,x_3_4
5	-10	x_0_3,x_0_4,x_1_0,x_1_1,x_1_2
5	-20	x_0_3,x_0_4,x_1_0,x_1_1,x_1_3
5	-20	x_0_3,x_0_4,x_1_0,x_1_1,x_1_4
5	-24	x_0_3,x_0_4,x_1_1,x_1_2,x_1_3
5	-24	x_0_3,x_0_4,x_1_1,x_1_2,x_1_4
5	-36	x_0_3,x_0_4,x_1_1,x_1_3,x_1_4
5	-6	x_0_3,x_0_4,x_1_2,x_1_3,x_1_4
5	-4	x_0_3,x_0_4,x_2_1,x_2_2,x_2_3
5	-4	x_0_3,x_0_4,x_2_1,x_2_2,x_2_4
5	-6	x_0_3,x_0_4,x_2_1,x_2_3,x_2_4
5	-6	x_0_3,x_0_4,x_2_2,x_2_3,x_2_4
5	-4	x_0_3,x_0_4,x_3_1,x_3_2,x_3_3
5	-4	x_0_3,x_0_4,x_3_1,x_3_2,x_3_4
5	-6	x_0_3,x_0_4,x_3_1,x_3_3,x_3_4
5	-6	x_0_3,x_0_4,x_3_2,x_3_3,x_3_4
5	-20	x_0_3,x_1_0,x_1_1,x_1_2,x_1_3
5	-10	x_0_3,x_1_0,x_1_1,x_1_2,x_1_4
5	-20	x_0_3,x_1_0,x_1_1,x_1_3,x_1_4
5	-24	x_0_3,x_1_1,x_1_2,x_1_3,x_1_4
5	-4	x_0_3,x_2_1,x_2_2,x_2_3,x_2_4
5	-4	x_0_3,x_3_1,x_3_2,x_3_3,x_3_4
5	-10	x_0_4,x_1_0,x_1_1,x_1_2,x_1_3
5	-20	x_0_4,x_1_0,x_1_1,x_1_2,x_1_4
5	-20	x_0_4,x_1_0,x_1_1,x_1_3,x_1_4
5	-24	x_0_4,x_1_1,x_1_2,x_1_3,x_1_4
5	-4	x_0_4,x_2_1,x_2_2,x_2_3,x_2_4
5	-4	x_0_4,x_3_1,x_3_2,x_3_3,x_3_4
5	-10	x_1_0,x_1_1,x_1_2,x_1_3,x_1_4
5	-10	x_1_0,x_1_1,x_1_2,x_1_3,x_2_0
5	-10	x_1_0,x_1_1,x_1_2,x_1_3,x_2_1
5	10	x_1_0,x_1_1,x_1_2,x_1_3,x_2_2
5	20	x_1_0,x_1_1,x_1_2,x_1_3,x_2_4
5	-10	x_1_0,x_1_1,x_1_2,x_1_4,x_2_0
5	-10	x_1_0,x_1_1,x_1_2,x_1_4,x_2_1
5	10	x_1_0,x_1_1,x_1_2,x_1_4,x_2_2
5	10	x_1_0,x_1_1,x_1_2,x_1_4,x_2_4
5	-20	x_1_0,x_1_1,x_1_2,x_2_0,x_2_1
5	-10	x_1_0,x_1_1,x_1_2,x_2_0,x_2_3
5	-10	x_1_0,x_1_1,x_1_2,x_2_1,x_2_2
5	-30	x_1_0,x_1_1,x_1_2,x_2_1,x_2_3
5	-10	x_1_0,x_1_1,x_1_2,x_2_1,x_2_4
5	-10	x_1_0,x_1_1,x_1_2,x_2_2,x_2_3
5	20	x_1_0,x_1_1,x_1_2,x_2_2,x_2_4
5	10	x_1_0,x_1_1,x_1_2,x_2_3,x_2_4
5	-10	x_1_0,x_1_1,x_1_3,x_1_4,x_2_0
5	-10	x_1_0,x_1_1,x_1_3,x_1_4,x_2_1
5	10	x_1_0,x_1_1,x_1_3,x_1_4,x_2_2
5	10	x_1_0,x_1_1,x_1_3,x_1_4,x_2_3
5	10	x_1_0,x_1_1,x_1_3,x_1_4,x_2_4
5	-20	x_1_0,x_1_1,x_1_3,x_2_0,x_2_1
5	-10	x_1_0,x_1_1,x_1_3,x_2_0,x_2_2
5	-10	x_1_0,x_1_1,x_1_3,x_2_0,x_2_3
5	-10	x_1_0,x_1_1,x_1_3,x_2_1,x_2_2
5	-20	x_1_0,x_1_1,x_1_3,x_2_1,x_2_3
5	-10	x_1_0,x_1_1,x_1_3,x_2_1,x_2_4
5	10	x_1_0,x_1_1,x_1_3,x_2_2,x_2_3
5	20	x_1_0,x_1_1,x_1_3,x_2_2,x_2_4
5	20	x_1_0,x_1_1,x_1_3,x_2_3,x_2_4
5	-20	x_1_0,x_1_1,x_1_4,x_2_0,x_2_1
5	-10	x_1_0,x_1_1,x_1_4,x_2_0,x_2_4
5	-10	x_1_0,x_1_1,x_1_4,x_2_1,x_2_2
5	-10	x_1_0,x_1_1,x_1_4,x_2_1,x_2_3
5	-20	x_1_0,x_1_1,x_1_4,x_2_1,x_2_4
5	10	x_1_0,x_1_1,x_1_4,x_2_2,x_2_3
5	20	x_1_0,x_1_1,x_1_4,x_2_2,x_2_4
5	20	x_1_0,x_1_1,x_1_4,x_2_3,x_2_4
5	-20	x_1_0,x_1_1,x_2_0,x_2_1,x_2_2
5	-20	x_1_0,x_1_1,x_2_0,x_2_1,x_2_3
5	-20	x_1_0,x_1_1,x_2_0,x_2_1,x_2_4
5	10	x_1_0,x_1_1,x_2_0,x_2_2,x_2_4
5	10	x_1_0,x_1_1,x_2_0,x_2_3,x_2_4
5	-10	x_1_0,x_1_1,x_2_1,x_2_2,x_2_3
5	-10	x_1_0,x_1_1,x_2_1,x_2_2,x_2_4
5	-10	x_1_0,x_1_1,x_2_1,x_2_3,x_2_4
5	20	x_1_0,x_1_1,x_2_2,x_2_3,x_2_4
5	-10	x_1_0,x_1_2,x_1_3,x_1_4,x_2_1
5	-10	x_1_0,x_1_2,x_1_3,x_2_0,x_2_2
5	-10	x_1_0,x_1_2,x_1_3,x_2_1,x_2_2
5	-30	x_1_0,x_1_2,x_1_3,x_2_1,x_2_3
5	-10	x_1_0,x_1_2,x_1_3,x_2_1,x_2_4
5	-10	x_1_0,x_1_2,x_1_3,x_2_2,x_2_3
5	10	x_1_0,x_1_2,x_1_4,x_2_0,x_2_1
5	-10	x_1_0,x_1_2,x_1_4,x_2_1,x_2_2
5	-20	x_1_0,x_1_2,x_1_4,x_2_1,x_2_3
5	-20	x_1_0,x_1_2,x_1_4,x_2_1,x_2_4
5	-10	x_1_0,x_1_2,x_1_4,x_2_2,x_2_3
5	-10	x_1_0,x_1_2,x_2_0,x_2_1,x_2_3
5	-10	x_1_0,x_1_2,x_2_0,x_2_2,x_2_3
5	-30	x_1_0,x_1_2,x_2_1,x_2_2,x_2_3
5	-10	x_1_0,x_1_2,x_2_1,x_2_2,x_2_4
5	-20	x_1_0,x_1_2,x_2_1,x_2_3,x_2_4
5	-10	x_1_0,x_1_2,x_2_2,x_2_3,x_2_4
5	10	x_1_0,x_1_3,x_1_4,x_2_0,x_2_1
5	-10	x_1_0,x_1_3,x_1_4,x_2_1,x_2_2
5	-20	x_1_0,x_1_3,x_1_4,x_2_1,x_2_3
5	-20	x_1_0,x_1_3,x_1_4,x_2_1,x_2_4
5	-10	x_1_0,x_1_3,x_2_0,x_2_1,x_2_2
5	-10	x_1_0,x_1_3,x_2_0,x_2_1,x_2_3
5	-20	x_1_0,x_1_3,x_2_1,x_2_2,x_2_3
5	-10	x_1_0,x_1_3,x_2_1,x_2_2,x_2_4
5	-20	x_1_0,x_1_3,x_2_1,x_2_3,x_2_4
5	-10	x_1_0,x_1_4,x_2_0,x_2_1,x_2_4
5	-10	x_1_0,x_1_4,x_2_1,x_2_2,x_2_3
5	-20	x_1_0,x_1_4,x_2_1,x_2_2,x_2_4
5	-20	x_1_0,x_1_4,x_2_1,x_2_3,x_2_4
5	-10	x_1_0,x_2_0,x_2_1,x_2_2,x_2_3
5	-10	x_1_0,x_2_0,x_2_1,x_2_2,x_2_4
5	-10	x_1_0,x_2_0,x_2_1,x_2_3,x_2_4
5	-10	x_1_0,x_2_1,x_2_2,x_2_3,x_2_4
5	-14	x_1_1,x_1_2,x_1_3,x_1_4,x_2_1
5	6	x_1_1,x_1_2,x_1_3,x_1_4,x_2_2
5	-4	x_1_1,x_1_2,x_1_3,x_1_4,x_2_3
5	16	x_1_1,x_1_2,x_1_3,x_1_4,x_2_4
5	-4	x_1_1,x_1_2,x_1_3,x_1_4,x_3_1
5	-4	x_1_1,x_1_2,x_1_3,x_1_4,x_3_2
5	-4	x_1_1,x_1_2,x_1_3,x_1_4,x_3_3
5	-4	x_1_1,x_1_2,x_1_3,x_1_4,x_3_4
5	-10	x_1_1,x_1_2,x_1_3,x_2_0,x_2_1
5	10	x_1_1,x_1_2,x_1_3,x_2_0,x_2_2
5	20	x_1_1,x_1_2,x_1_3,x_2_0,x_2_4
5	-18	x_1_1,x_1_2,x_1_3,x_2_1,x_2_2
5	-48	x_1_1,x_1_2,x_1_3,x_2_1,x_2_3
5	-4	x_1_1,x_1_2,x_1_3,x_2_1,x_2_4
5	-18	x_1_1,x_1_2,x_1_3,x_2_2,x_2_3
5	26	x_1_1,x_1_2,x_1_3,x_2_2,x_2_4
5	16	x_1_1,x_1_2,x_1_3,x_2_3,x_2_4
5	-8	x_1_1,x_1_2,x_1_3,x_3_1,x_3_2
5	-8	x_1_1,x_1_2,x_1_3,x_3_1,x_3_3
5	-4	x_1_1,x_1_2,x_1_3,x_3_1,x_3_4
5	-8	x_1_1,x_1_2,x_1_3,x_3_2,x_3_3
5	-4	x_1_1,x_1_2,x_1_3,x_3_2,x_3_4
5	-4	x_1_1,x_1_2,x_1_3,x_3_3,x_3_4
5	-10	x_1_1,x_1_2,x_1_4,x_2_0,x_2_1
5	10	x_1_1,x_1_2,x_1_4,x_2_0,x_2_2
5	10	x_1_1,x_1_2,x_1_4,x_2_0,x_2_4
5	-18	x_1_1,x_1_2,x_1_4,x_2_1,x_2_2
5	-34	x_1_1,x_1_2,x_1_4,x_2_1,x_2_3
5	-28	x_1_1,x_1_2,x_1_4,x_2_1,x_2_4
5	-14	x_1_1,x_1_2,x_1_4,x_2_2,x_2_3
5	14	x_1_1,x_1_2,x_1_4,x_2_2,x_2_4
5	6	x_1_1,x_1_2,x_1_4,x_2_3,x_2_4
5	-8	x_1_1,x_1_2,x_1_4,x_3_1,x_3_2
5	-4	x_1_1,x_1_2,x_1_4,x_3_1,x_3_3
5	-8	x_1_1,x_1_2,x_1_4,x_3_1,x_3_4
5	-4	x_1_1,x_1_2,x_1_4,x_3_2,x_3_3
5	-6	x_1_1,x_1_2,x_1_4,x_3_2,x_3_4
5	-4	x_1_1,x_1_2,x_1_4,x_3_3,x_3_4
5	-10	x_1_1,x_1_2,x_2_0,x_2_1,x_2_2
5	-30	x_1_1,x_1_2,x_2_0,x_2_1,x_2_3
5	-10	x_1_1,x_1_2,x_2_0,x_2_1,x_2_4
5	-10	x_1_1,x_1_2,x_2_0,x_2_2,x_2_3
5	20	x_1_1,x_1_2,x_2_0,x_2_2,x_2_4
5	10	x_1_1,x_1_2,x_2_0,x_2_3,x_2_4
5	-48	x_1_1,x_1_2,x_2_1,x_2_2,x_2_3
5	-18	x_1_1,x_1_2,x_2_1,x_2_2,x_2_4
5	-34	x_1_1,x_1_2,x_2_1,x_2_3,x_2_4
5	-4	x_1_1,x_1_2,x_2_2,x_2_3,x_2_4
5	-8	x_1_1,x_1_2,x_3_1,x_3_2,x_3_3
5	-8	x_1_1,x_1_2,x_3_1,x_3_2,x_3_4
5	-4	x_1_1,x_1_2,x_3_1,x_3_3,x_3_4
5	-4	x_1_1,x_1_2,x_3_2,x_3_3,x_3_4
5	-10	x_1_1,x_1_3,x_1_4,x_2_0,x_2_1
5	10	x_1_1,x_1_3,x_1_4,x_2_0,x_2_2
5	10	x_1_1,x_1_3,x_1_4,x_2_0,x_2_3
5	10	x_1_1,x_1_3,x_1_4,x_2_0,x_2_4
5	-14	x_1_1,x_1_3,x_1_4,x_2_1,x_2_2
5	-28	x_1_1,x_1_3,x_1_4,x_2_1,x_2_3
5	-28	x_1_1,x_1_3,x_1_4,x_2_1,x_2_4
5	6	x_1_1,x_1_3,x_1_4,x_2_2,x_2_3
5	16	x_1_1,x_1_3,x_1_4,x_2_2,x_2_4
5	14	x_1_1,x_1_3,x_1_4,x_2_3,x_2_4
5	-4	x_1_1,x_1_3,x_1_4,x_3_1,x_3_2
5	-8	x_1_1,x_1_3,x_1_4,x_3_1,x_3_3
5	-8	x_1_1,x_1_3,x_1_4,x_3_1,x_3_4
5	-4	x_1_1,x_1_3,x_1_4,x_3_2,x_3_3
5	-4	x_1_1,x_1_3,x_1_4,x_3_2,x_3_4
5	-6	x_1_1,x_1_3,x_1_4,x_3_3,x_3_4
5	-10	x_1_1,x_1_3,x_2_0,x_2_1,x_2_2
5	-20	x_1_1,x_1_3,x_2_0,x_2_1,x_2_3
5	-10	x_1_1,x_1_3,x_2_0,x_2_1,x_2_4
5	10	x_1_1,x_1_3,x_2_0,x_2_2,x_2_3
5	20	x_1_1,x_1_3,x_2_0,x_2_2,x_2_4
5	20	x_1_1,x_1_3,x_2_0,x_2_3,x_2_4
5	-38	x_1_1,x_1_3,x_2_1,x_2_2,x_2_3
5	-14	x_1_1,x_1_3,x_2_1,x_2_2,x_2_4
5	-28	x_1_1,x_1_3,x_2_1,x_2_3,x_2_4
5	16	x_1_1,x_1_3,x_2_2,x_2_3,x_2_4
5	-8	x_1_1,x_1_3,x_3_1,x_3_2,x_3_3
5	-4	x_1_1,x_1_3,x_3_1,x_3_2,x_3_4
5	-8	x_1_1,x_1_3,x_3_1,x_3_3,x_3_4
5	-4	x_1_1,x_1_3,x_3_2,x_3_3,x_3_4
5	-10	x_1_1,x_1_4,x_2_0,x_2_1,x_2_2
5	-10	x_1_1,x_1_4,x_2_0,x_2_1,x_2_3
5	-20	x_1_1,x_1_4,x_2_0,x_2_1,x_2_4
5	10	x_1_1,x_1_4,x_2_0,x_2_2,x_2_3
5	20	x_1_1,x_1_4,x_2_0,x_2_2,x_2_4
5	20	x_1_1,x_1_4,x_2_0,x_2_3,x_2_4
5	-14	x_1_1,x_1_4,x_2_1,x_2_2,x_2_3
5	-28	x_1_1,x_1_4,x_2_1,x_2_2,x_2_4
5	-28	x_1_1,x_1_4,x_2_1,x_2_3,x_2_4
5	16	x_1_1,x_1_4,x_2_2,x_2_3,x_2_4
5	-4	x_1_1,x_1_4,x_3_1,x_3_2,x_3_3
5	-8	x_1_1,x_1_4,x_3_1,x_3_2,x_3_4
5	-8	x_1_1,x_1_4,x_3_1,x_3_3,x_3_4
5	-4	x_1_1,x_1_4,x_3_2,x_3_3,x_3_4
5	-10	x_1_1,x_2_0,x_2_1,x_2_2,x_2_3
5	-10	x_1_1,x_2_0,x_2_1,x_2_2,x_2_4
5	-10	x_1_1,x_2_0,x_2_1,x_2_3,x_2_4
5	20	x_1_1,x_2_0,x_2_2,x_2_3,x_2_4
5	-14	x_1_1,x_2_1,x_2_2,x_2_3,x_2_4
5	-4	x_1_1,x_3_1,x_3_2,x_3_3,x_3_4
5	-10	x_1_2,x_1_3,x_1_4,x_2_0,x_2_1
5	-14	x_1_2,x_1_3,x_1_4,x_2_1,x_2_2
5	-34	x_1_2,x_1_3,x_1_4,x_2_1,x_2_3
5	-24	x_1_2,x_1_3,x_1_4,x_2_1,x_2_4
5	-18	x_1_2,x_1_3,x_1_4,x_2_2,x_2_3
5	-6	x_1_2,x_1_3,x_1_4,x_2_2,x_2_4
5	-6	x_1_2,x_1_3,x_1_4,x_2_3,x_2_4
5	-4	x_1_2,x_1_3,x_1_4,x_3_1,x_3_2
5	-4	x_1_2,x_1_3,x_1_4,x_3_1,x_3_3
5	-4	x_1_2,x_1_3,x_1_4,x_3_1,x_3_4
5	-8	x_1_2,x_1_3,x_1_4,x_3_2,x_3_3
5	-6	x_1_2,x_1_3,x_1_4,x_3_2,x_3_4
5	-6	x_1_2,x_1_3,x_1_4,x_3_3,x_3_4
5	-10	x_1_2,x_1_3,x_2_0,x_2_1,x_2_2
5	-30	x_1_2,x_1_3,x_2_0,x_2_1,x_2_3
5	-10	x_1_2,x_1_3,x_2_0,x_2_1,x_2_4
5	-10	x_1_2,x_1_3,x_2_0,x_2_2,x_2_3
5	-58	x_1_2,x_1_3,x_2_1,x_2_2,x_2_3
5	-14	x_1_2,x_1_3,x_2_1,x_2_2,x_2_4
5	-34	x_1_2,x_1_3,x_2_1,x_2_3,x_2_4
5	-18	x_1_2,x_1_3,x_2_2,x_2_3,x_2_4
5	-8	x_1_2,x_1_3,x_3_1,x_3_2,x_3_3
5	-4	x_1_2,x_1_3,x_3_1,x_3_2,x_3_4
5	-4	x_1_2,x_1_3,x_3_1,x_3_3,x_3_4
5	-8	x_1_2,x_1_3,x_3_2,x_3_3,x_3_4
5	-10	x_1_2,x_1_4,x_2_0,x_2_1,x_2_2
5	-20	x_1_2,x_1_4,x_2_0,x_2_1,x_2_3
5	-20	x_1_2,x_1_4,x_2_0,x_2_1,x_2_4
5	-10	x_1_2,x_1_4,x_2_0,x_2_2,x_2_3
5	-34	x_1_2,x_1_4,x_2_1,x_2_2,x_2_3
5	-26	x_1_2,x_1_4,x_2_1,x_2_2,x_2_4
5	-34	x_1_2,x_1_4,x_2_1,x_2_3,x_2_4
5	-16	x_1_2,x_1_4,x_2_2,x_2_3,x_2_4
5	-4	x_1_2,x_1_4,x_3_1,x_3_2,x_3_3
5	-6	x_1_2,x_1_4,x_3_1,x_3_2,x_3_4
5	-4	x_1_2,x_1_4,x_3_1,x_3_3,x_3_4
5	-6	x_1_2,x_1_4,x_3_2,x_3_3,x_3_4
5	-30	x_1_2,x_2_0,x_2_1,x_2_2,x_2_3
5	-10	x_1_2,x_2_0,x_2_1,x_2_2,x_2_4
5	-20	x_1_2,x_2_0,x_2_1,x_2_3,x_2_4
5	-10	x_1_2,x_2_0,x_2_2,x_2_3,x_2_4
5	-34	x_1_2,x_2_1,x_2_2,x_2_3,x_2_4
5	-4	x_1_2,x_3_1,x_3_2,x_3_3,x_3_4
5	-10	x_1_3,x_1_4,x_2_0,x_2_1,x_2_2
5	-20	x_1_3,x_1_4,x_2_0,x_2_1,x_2_3
5	-20	x_1_3,x_1_4,x_2_0,x_2_1,x_2_4
5	-24	x_1_3,x_1_4,x_2_1,x_2_2,x_2_3
5	-24	x_1_3,x_1_4,x_2_1,x_2_2,x_2_4
5	-36	x_1_3,x_1_4,x_2_1,x_2_3,x_2_4
5	-6	x_1_3,x_1_4,x_2_2,x_2_3,x_2_4
5	-4	x_1_3,x_1_4,x_3_1,x_3_2,x_3_3
5	-4	x_1_3,x_1_4,x_3_1,x_3_2,x_3_4
5	-6	x_1_3,x_1_4,x_3_1,x_3_3,x_3_4
5	-6	x_1_3,x_1_4,x_3_2,x_3_3,x_3_4
5	-20	x_1_3,x_2_0,x_2_1,x_2_2,x_2_3
5	-10	x_1_3,x_2_0,x_2_1,x_2_2,x_2_4
5	-20	x_1_3,x_2_0,x_2_1,x_2_3,x_2_4
5	-24	x_1_3,x_2_1,x_2_2,x_2_3,x_2_4
5	-4	x_1_3,x_3_1,x_3_2,x_3_3,x_3_4
5	-10	x_1_4,x_2_0,x_2_1,x_2_2,x_2_3
5	-20	x_1_4,x_2_0,x_2_1,x_2_2,x_2_4
5	-20	x_1_4,x_2_0,x_2_1,x_2_3,x_2_4
5	-24	x_1_4,x_2_1,x_2_2,x_2_3,x_2_4
5	-4	x_1_4,x_3_1,x_3_2,x_3_3,x_3_4
5	-10	x_2_0,x_2_1,x_2_2,x_2_3,x_2_4
5	-10	x_2_0,x_2_1,x_2_2,x_2_3,x_3_0
5	-10	x_2_0,x_2_1,x_2_2,x_2_3,x_3_1
5	10	x_2_0,x_2_1,x_2_2,x_2_3,x_3_2
5	20	x_2_0,x_2_1,x_2_2,x_2_3,x_3_4
5	-10	x_2_0,x_2_1,x_2_2,x_2_4,x_3_0
5	-10	x_2_0,x_2_1,x_2_2,x_2_4,x_3_1
5	10	x_2_0,x_2_1,x_2_2,x_2_4,x_3_2
5	10	x_2_0,x_2_1,x_2_2,x_2_4,x_3_4
5	-20	x_2_0,x_2_1,x_2_2,x_3_0,x_3_1
5	-10	x_2_0,x_2_1,x_2_2,x_3_0,x_3_3
5	-10	x_2_0,x_2_1,x_2_2,x_3_1,x_3_2
5	-30	x_2_0,x_2_1,x_2_2,x_3_1,x_3_3
5	-10	x_2_0,x_2_1,x_2_2,x_3_1,x_3_4
5	-10	x_2_0,x_2_1,x_2_2,x_3_2,x_3_3
5	20	x_2_0,x_2_1,x_2_2,x_3_2,x_3_4
5	10	x_2_0,x_2_1,x_2_2,x_3_3,x_3_4
5	-10	x_2_0,x_2_1,x_2_3,x_2_4,x_3_0
5	-10	x_2_0,x_2_1,x_2_3,x_2_4,x_3_1
5	10	x_2_0,x_2_1,x_2_3,x_2_4,x_3_2
5	10	x_2_0,x_2_1,x_2_3,x_2_4,x_3_3
5	10	x_2_0,x_2_1,x_2_3,x_2_4,x_3_4
5	-20	x_2_0,x_2_1,x_2_3,x_3_0,x_3_1
5	-10	x_2_0,x_2_1,x_2_3,x_3_0,x_3_2
5	-10	x_2_0,x_2_1,x_2_3,x_3_0,x_3_3
5	-10	x_2_0,x_2_1,x_2_3,x_3_1,x_3_2
5	-20	x_2_0,x_2_1,x_2_3,x_3_1,x_3_3
5	-10	x_2_0,x_2_1,x_2_3,x_3_1,x_3_4
5	10	x_2_0,x_2_1,x_2_3,x_3_2,x_3_3
5	20	x_2_0,x_2_1,x_2_3,x_3_2,x_3_4
5	20	x_2_0,x_2_1,x_2_3,x_3_3,x_3_4
5	-20	x_2_0,x_2_1,x_2_4,x_3_0,x_3_1
5	-10	x_2_0,x_2_1,x_2_4,x_3_0,x_3_4
5	-10	x_2_0,x_2_1,x_2_4,x_3_1,x_3_2
5	-10	x_2_0,x_2_1,x_2_4,x_3_1,x_3_3
5	-20	x_2_0,x_2_1,x_2_4,x_3_1,x_3_4
5	10	x_2_0,x_2_1,x_2_4,x_3_2,x_3_3
5	20	x_2_0,x_2_1,x_2_4,x_3_2,x_3_4
5	20	x_2_0,x_2_1,x_2_4,x_3_3,x_3_4
5	-20	x_2_0,x_2_1,x_3_0,x_3_1,x_3_2
5	-20	x_2_0,x_2_1,x_3_0,x_3_1,x_3_3
5	-20	x_2_0,x_2_1,x_3_0,x_3_1,x_3_4
5	10	x_2_0,x_2_1,x_3_0,x_3_2,x_3_4
5	10	x_2_0,x_2_1,x_3_0,x_3_3,x_3_4
5	-10	x_2_0,x_2_1,x_3_1,x_3_2,x_3_3
5	-10	x_2_0,x_2_1,x_3_1,x_3_2,x_3_4
5	-10	x_2_0,x_2_1,x_3_1,x_3_3,x_3_4
5	20	x_2_0,x_2_1,x_3_2,x_3_3,x_3_4
5	-10	x_2_0,x_2_2,x_2_3,x_2_4,x_3_1
5	-10	x_2_0,x_2_2,x_2_3,x_3_0,x_3_2
5	-10	x_2_0,x_2_2,x_2_3,x_3_1,x_3_2
5	-30	x_2_0,x_2_2,x_2_3,x_3_1,x_3_3
5	-10	x_2_0,x_2_2,x_2_3,x_3_1,x_3_4
5	-10	x_2_0,x_2_2,x_2_3,x_3_2,x_3_3
5	10	x_2_0,x_2_2,x_2_4,x_3_0,x_3_1
5	-10	x_2_0,x_2_2,x_2_4,x_3_1,x_3_2
5	-20	x_2_0,x_2_2,x_2_4,x_3_1,x_3_3
5	-20	x_2_0,x_2_2,x_2_4,x_3_1,x_3_4
5	-10	x_2_0,x_2_2,x_2_4,x_3_2,x_3_3
5	-10	x_2_0,x_2_2,x_3_0,x_3_1,x_3_3
5	-10	x_2_0,x_2_2,x_3_0,x_3_2,x_3_3
5	-30	x_2_0,x_2_2,x_3_1,x_3_2,x_3_3
5	-10	x_2_0,x_2_2,x_3_1,x_3_2,x_3_4
5	-20	x_2_0,x_2_2,x_3_1,x_3_3,x_3_4
5	-10	x_2_0,x_2_2,x_3_2,x_3_3,x_3_4
5	10	x_2_0,x_2_3,x_2_4,x_3_0,x_3_1
5	-10	x_2_0,x_2_3,x_2_4,x_3_1,x_3_2
5	-20	x_2_0,x_2_3,x_2_4,x_3_1,x_3_3
5	-20	x_2_0,x_2_3,x_2_4,x_3_1,x_3_4
5	-10	x_2_0,x_2_3,x_3_0,x_3_1,x_3_2
5	-10	x_2_0,x_2_3,x_3_0,x_3_1,x_3_3
5	-20	x_2_0,x_2_3,x_3_1,x_3_2,x_3_3
5	-10	x_2_0,x_2_3,x_3_1,x_3_2,x_3_4
5	-20	x_2_0,x_2_3,x_3_1,x_3_3,x_3_4
5	-10	x_2_0,x_2_4,x_3_0,x_3_1,x_3_4
5	-10	x_2_0,x_2_4,x_3_1,x_3_2,x_3_3
5	-20	x_2_0,x_2_4,x_3_1,x_3_2,x_3_4
5	-20	x_2_0,x_2_4,x_3_1,x_3_3,x_3_4
5	-10	x_2_0,x_3_0,x_3_1,x_3_2,x_3_3
5	-10	x_2_0,x_3_0,x_3_1,x_3_2,x_3_4
5	-10	x_2_0,x_3_0,x_3_1,x_3_3,x_3_4
5	-10	x_2_0,x_3_1,x_3_2,x_3_3,x_3_4
5	-14	x_2_1,x_2_2,x_2_3,x_2_4,x_3_1
5	6	x_2_1,x_2_2,x_2_3,x_2_4,x_3_2
5	-4	x_2_1,x_2_2,x_2_3,x_2_4,x_3_3
5	16	x_2_1,x_2_2,x_2_3,x_2_4,x_3_4
5	-10	x_2_1,x_2_2,x_2_3,x_3_0,x_3_1
5	10	x_2_1,x_2_2,x_2_3,x_3_0,x_3_2
5	20	x_2_1,x_2_2,x_2_3,x_3_0,x_3_4
5	-18	x_2_1,x_2_2,x_2_3,x_3_1,x_3_2
5	-48	x_2_1,x_2_2,x_2_3,x_3_1,x_3_3
5	-4	x_2_1,x_2_2,x_2_3,x_3_1,x_3_4
5	-18	x_2_1,x_2_2,x_2_3,x_3_2,x_3_3
5	26	x_2_1,x_2_2,x_2_3,x_3_2,x_3_4
5	16	x_2_1,x_2_2,x_2_3,x_3_3,x_3_4
5	-10	x_2_1,x_2_2,x_2_4,x_3_0,x_3_1
5	10	x_2_1,x_2_2,x_2_4,x_3_0,x_3_2
5	10	x_2_1,x_2_2,x_2_4,x_3_0,x_3_4
5	-18	x_2_1,x_2_2,x_2_4,x_3_1,x_3_2
5	-34	x_2_1,x_2_2,x_2_4,x_3_1,x_3_3
5	-28	x_2_1,x_2_2,x_2_4,x_3_1,x_3_4
5	-14	x_2_1,x_2_2,x_2_4,x_3_2,x_3_3
5	14	x_2_1,x_2_2,x_2_4,x_3_2,x_3_4
5	6	x_2_1,x_2_2,x_2_4,x_3_3,x_3_4
5	-10	x_2_1,x_2_2,x_3_0,x_3_1,x_3_2
5	-30	x_2_1,x_2_2,x_3_0,x_3_1,x_3_3
5	-10	x_2_1,x_2_2,x_3_0,x_3_1,x_3_4
5	-10	x_2_1,x_2_2,x_3_0,x_3_2,x_3_3
5	20	x_2_1,x_2_2,x_3_0,x_3_2,x_3_4
5	10	x_2_1,x_2_2,x_3_0,x_3_3,x_3_4
5	-48	x_2_1,x_2_2,x_3_1,x_3_2,x_3_3
5	-18	x_2_1,x_2_2,x_3_1,x_3_2,x_3_4
5	-34	x_2_1,x_2_2,x_3_1,x_3_3,x_3_4
5	-4	x_2_1,x_2_2,x_3_2,x_3_3,x_3_4
5	-10	x_2_1,x_2_3,x_2_4,x_3_0,x_3_1
5	10	x_2_1,x_2_3,x_2_4,x_3_0,x_3_2
5	10	x_2_1,x_2_3,x_2_4,x_3_0,x_3_3
5	10	x_2_1,x_2_3,x_2_4,x_3_0,x_3_4
5	-14	x_2_1,x_2_3,x_2_4,x_3_1,x_3_2
5	-28	x_2_1,x_2_3,x_2_4,x_3_1,x_3_3
5	-28	x_2_1,x_2_3,x_2_4,x_3_1,x_3_4
5	6	x_2_1,x_2_3,x_2_4,x_3_2,x_3_3
5	16	x_2_1,x_2_3,x_2_4,x_3_2,x_3_4
5	14	x_2_1,x_2_3,x_2_4,x_3_3,x_3_4
5	-10	x_2_1,x_2_3,x_3_0,x_3_1,x_3_2
5	-20	x_2_1,x_2_3,x_3_0,x_3_1,x_3_3
5	-10	x_2_1,x_2_3,x_3_0,x_3_1,x_3_4
5	10	x_2_1,x_2_3,x_3_0,x_3_2,x_3_3
5	20	x_2_1,x_2_3,x_3_0,x_3_2,x_3_4
5	20	x_2_1,x_2_3,x_3_0,x_3_3,x_3_4
5	-38	x_2_1,x_2_3,x_3_1,x_3_2,x_3_3
5	-14	x_2_1,x_2_3,x_3_1,x_3_2,x_3_4
5	-28	x_2_1,x_2_3,x_3_1,x_3_3,x_3_4
5	16	x_2_1,x_2_3,x_3_2,x_3_3,x_3_4
5	-10	x_2_1,x_2_4,x_3_0,x_3_1,x_3_2
5	-10	x_2_1,x_2_4,x_3_0,x_3_1,x_3_3
5	-20	x_2_1,x_2_4,x_3_0,x_3_1,x_3_4
5	10	x_2_1,x_2_4,x_3_0,x_3_2,x_3_3
5	20	x_2_1,x_2_4,x_3_0,x_3_2,x_3_4
5	20	x_2_1,x_2_4,x_3_0,x_3_3,x_3_4
5	-14	x_2_1,x_2_4,x_3_1,x_3_2,x_3_3
5	-28	x_2_1,x_2_4,x_3_1,x_3_2,x_3_4
5	-28	x_2_1,x_2_4,x_3_1,x_3_3,x_3_4
5	16	x_2_1,x_2_4,x_3_2,x_3_3,x_3_4
5	-10	x_2_1,x_3_0,x_3_1,x_3_2,x_3_3
5	-10	x_2_1,x_3_0,x_3_1,x_3_2,x_3_4
5	-10	x_2_1,x_3_0,x_3_1,x_3_3,x_3_4
5	20	x_2_1,x_3_0,x_3_2,x_3_3,x_3_4
5	-14	x_2_1,x_3_1,x_3_2,x_3_3,x_3_4
5	-10	x_2_2,x_2_3,x_2_4,x_3_0,x_3_1
5	-14	x_2_2,x_2_3,x_2_4,x_3_1,x_3_2
5	-34	x_2_2,x_2_3,x_2_4,x_3_1,x_3_3
5	-24	x_2_2,x_2_3,x_2_4,x_3_1,x_3_4
5	-18	x_2_2,x_2_3,x_2_4,x_3_2,x_3_3
5	-6	x_2_2,x_2_3,x_2_4,x_3_2,x_3_4
5	-6	x_2_2,x_2_3,x_2_4,x_3_3,x_3_4
5	-10	x_2_2,x_2_3,x_3_0,x_3_1,x_3_2
5	-30	x_2_2,x_2_3,x_3_0,x_3_1,x_3_3
5	-10	x_2_2,x_2_3,x_3_0,x_3_1,x_3_4
5	-10	x_2_2,x_2_3,x_3_0,x_3_2,x_3_3
5	-58	x_2_2,x_2_3,x_3_1,x_3_2,x_3_3
5	-14	x_2_2,x_2_3,x_3_1,x_3_2,x_3_4
5	-34	x_2_2,x_2_3,x_3_1,x_3_3,x_3_4
5	-18	x_2_2,x_2_3,x_3_2,x_3_3,x_3_4
5	-10	x_2_2,x_2_4,x_3_0,x_3_1,x_3_2
5	-20	x_2_2,x_2_4,x_3_0,x_3_1,x_3_3
5	-20	x_2_2,x_2_4,x_3_0,x_3_1,x_3_4
5	-10	x_2_2,x_2_4,x_3_0,x_3_2,x_3_3
5	-34	x_2_2,x_2_4,x_3_1,x_3_2,x_3_3
5	-26	x_2_2,x_2_4,x_3_1,x_3_2,x_3_4
5	-34	x_2_2,x_2_4,x_3_1,x_3_3,x_3_4
5	-16	x_2_2,x_2_4,x_3_2,x_3_3,x_3_4
5	-30	x_2_2,x_3_0,x_3_1,x_3_2,x_3_3
5	-10	x_2_2,x_3_0,x_3_1,x_3_2,x_3_4
5	-20	x_2_2,x_3_0,x_3_1,x_3_3,x_3_4
5	-10	x_2_2,x_3_0,x_3_2,x_3_3,x_3_4
5	-34	x_2_2,x_3_1,x_3_2,x_3_3,x_3_4
5	-10	x_2_3,x_2_4,x_3_0,x_3_1,x_3_2
5	-20	x_2_3,x_2_4,x_3_0,x_3_1,x_3_3
5	-20	x_2_3,x_2_4,x_3_0,x_3_1,x_3_4
5	-24	x_2_3,x_2_4,x_3_1,x_3_2,x_3_3
5	-24	x_2_3,x_2_4,x_3_1,x_3_2,x_3_4
5	-36	x_2_3,x_2_4,x_3_1,x_3_3,x_3_4
5	-6	x_2_3,x_2_4,x_3_2,x_3_3,x_3_4
5	-20	x_2_3,x_3_0,x_3_1,x_3_2,x_3_3
5	-10	x_2_3,x_3_0,x_3_1,x_3_2,x_3_4
5	-20	x_2_3,x_3_0,x_3_1,x_3_3,x_3_4
5	-24	x_2_3,x_3_1,x_3_2,x_3_3,x_3_4
5	-10	x_2_4,x_3_0,x_3_1,x_3_2,x_3_3
5	-20	x_2_4,x_3_0,x_3_1,x_3_2,x_3_4
5	-20	x_2_4,x_3_0,x_3_1,x_3_3,x_3_4
5	-24	x_2_4,x_3_1,x_3_2,x_3_3,x_3_4
5	-10	x_3_0,x_3_1,x_3_2,x_3_3,x_3_4
6	10	x_0_0,x_0_1,x_0_2,x_0_3,x_0_4,x_1_0
6	10	x_0_0,x_0_1,x_0_2,x_0_3,x_0_4,x_1_1
6	-10	x_0_0,x_0_1,x_0_2,x_0_3,x_0_4,x_1_2
6	-20	x_0_0,x_0_1,x_0_2,x_0_3,x_0_4,x_1_4
6	20	x_0_0,x_0_1,x_0_2,x_0_3,x_1_0,x_1_1
6	20	x_0_0,x_0_1,x_0_2,x_0_3,x_1_0,x_1_2
6	20	x_0_0,x_0_1,x_0_2,x_0_3,x_1_0,x_1_3
6	-10	x_0_0,x_0_1,x_0_2,x_0_3,x_1_0,x_1_4
6	10	x_0_0,x_0_1,x_0_2,x_0_3,x_1_1,x_1_2
6	40	x_0_0,x_0_1,x_0_2,x_0_3,x_1_1,x_1_3
6	10	x_0_0,x_0_1,x_0_2,x_0_3,x_1_2,x_1_3
6	-30	x_0_0,x_0_1,x_0_2,x_0_3,x_1_2,x_1_4
6	-20	x_0_0,x_0_1,x_0_2,x_0_3,x_1_3,x_1_4
6	20	x_0_0,x_0_1,x_0_2,x_0_4,x_1_0,x_1_1
6	10	x_0_0,x_0_1,x_0_2,x_0_4,x_1_0,x_1_3
6	10	x_0_0,x_0_1,x_0_2,x_0_4,x_1_0,x_1_4
6	10	x_0_0,x_0_1,x_0_2,x_0_4,x_1_1,x_1_2
6	30	x_0_0,x_0_1,x_0_2,x_0_4,x_1_1,x_1_3
6	20	x_0_0,x_0_1,x_0_2,x_0_4,x_1_1,x_1_4
6	10	x_0_0,x_0_1,x_0_2,x_0_4,x_1_2,x_1_3
6	-20	x_0_0,x_0_1,x_0_2,x_0_4,x_1_2,x_1_4
6	-10	x_0_0,x_0_1,x_0_2,x_0_4,x_1_3,x_1_4
6	20	x_0_0,x_0_1,x_0_2,x_1_0,x_1_1,x_1_2
6	40	x_0_0,x_0_1,x_0_2,x_1_0,x_1_1,x_1_3
6	20	x_0_0,x_0_1,x_0_2,x_1_0,x_1_1,x_1_4
6	20	x_0_0,x_0_1,x_0_2,x_1_0,x_1_2,x_1_3
6	-10	x_0_0,x_0_1,x_0_2,x_1_0,x_1_2,x_1_4
6	40	x_0_0,x_0_1,x_0_2,x_1_1,x_1_2,x_1_3
6	10	x_0_0,x_0_1,x_0_2,x_1_1,x_1_2,x_1_4
6	30	x_0_0,x_0_1,x_0_2,x_1_1,x_1_3,x_1_4
6	20	x_0_0,x_0_1,x_0_3,x_0_4,x_1_0,x_1_1
6	10	x_0_0,x_0_1,x_0_3,x_0_4,x_1_0,x_1_2
6	10	x_0_0,x_0_1,x_0_3,x_0_4,x_1_0,x_1_3
6	10	x_0_0,x_0_1,x_0_3,x_0_4,x_1_0,x_1_4
6	10	x_0_0,x_0_1,x_0_3,x_0_4,x_1_1,x_1_2
6	20	x_0_0,x_0_1,x_0_3,x_0_4,x_1_1,x_1_3
6	20	x_0_0,x_0_1,x_0_3,x_0_4,x_1_1,x_1_4
6	-10	x_0_0,x_0_1,x_0_3,x_0_4,x_1_2,x_1_3
6	-20	x_0_0,x_0_1,x_0_3,x_0_4,x_1_2,x_1_4
6	-20	x_0_0,x_0_1,x_0_3,x_0_4,x_1_3,x_1_4
6	40	x_0_0,x_0_1,x_0_3,x_1_0,x_1_1,x_1_2
6	40	x_0_0,x_0_1,x_0_3,x_1_0,x_1_1,x_1_3
6	20	x_0_0,x_0_1,x_0_3,x_1_0,x_1_1,x_1_4
6	20	x_0_0,x_0_1,x_0_3,x_1_0,x_1_2,x_1_3
6	30	x_0_0,x_0_1,x_0_3,x_1_1,x_1_2,x_1_3
6	10	x_0_0,x_0_1,x_0_3,x_1_1,x_1_2,x_1_4
6	20	x_0_0,x_0_1,x_0_3,x_1_1,x_1_3,x_1_4
6	-20	x_0_0,x_0_1,x_0_3,x_1_2,x_1_3,x_1_4
6	20	x_0_0,x_0_1,x_0_4,x_1_0,x_1_1,x_1_2
6	20	x_0_0,x_0_1,x_0_4,x_1_0,x_1_1,x_1_3
6	40	x_0_0,x_0_1,x_0_4,x_1_0,x_1_1,x_1_4
6	10	x_0_0,x_0_1,x_0_4,x_1_1,x_1_2,x_1_3
6	20	x_0_0,x_0_1,x_0_4,x_1_1,x_1_2,x_1_4
6	20	x_0_0,x_0_1,x_0_4,x_1_1,x_1_3,x_1_4
6	-20	x_0_0,x_0_1,x_0_4,x_1_2,x_1_3,x_1_4
6	20	x_0_0,x_0_1,x_1_0,x_1_1,x_1_2,x_1_3
6	20	x_0_0,x_0_1,x_1_0,x_1_1,x_1_2,x_1_4
6	20	x_0_0,x_0_1,x_1_0,x_1_1,x_1_3,x_1_4
6	-10	x_0_0,x_0_1,x_1_0,x_1_2,x_1_3,x_1_4
6	10	x_0_0,x_0_1,x_1_1,x_1_2,x_1_3,x_1_4
6	-10	x_0_0,x_0_2,x_0_3,x_0_4,x_1_0,x_1_1
6	10	x_0_0,x_0_2,x_0_3,x_0_4,x_1_0,x_1_2
6	10	x_0_0,x_0_2,x_0_3,x_0_4,x_1_1,x_1_2
6	30	x_0_0,x_0_2,x_0_3,x_0_4,x_1_1,x_1_3
6	20	x_0_0,x_0_2,x_0_3,x_0_4,x_1_1,x_1_4
6	10	x_0_0,x_0_2,x_0_3,x_0_4,x_1_2,x_1_3
6	20	x_0_0,x_0_2,x_0_3,x_1_0,x_1_1,x_1_2
6	20	x_0_0,x_0_2,x_0_3,x_1_0,x_1_1,x_1_3
6	20	x_0_0,x_0_2,x_0_3,x_1_0,x_1_2,x_1_3
6	10	x_0_0,x_0_2,x_0_3,x_1_0,x_1_2,x_1_4
6	50	x_0_0,x_0_2,x_0_3,x_1_1,x_1_2,x_1_3
6	10	x_0_0,x_0_2,x_0_3,x_1_1,x_1_2,x_1_4
6	30	x_0_0,x_0_2,x_0_3,x_1_1,x_1_3,x_1_4
6	10	x_0_0,x_0_2,x_0_3,x_1_2,x_1_3,x_1_4
6	-10	x_0_0,x_0_2,x_0_4,x_1_0,x_1_1,x_1_2
6	10	x_0_0,x_0_2,x_0_4,x_1_0,x_1_2,x_1_3
6	30	x_0_0,x_0_2,x_0_4,x_1_1,x_1_2,x_1_3
6	20	x_0_0,x_0_2,x_0_4,x_1_1,x_1_2,x_1_4
6	30	x_0_0,x_0_2,x_0_4,x_1_1,x_1_3,x_1_4
6	10	x_0_0,x_0_2,x_0_4,x_1_2,x_1_3,x_1_4
6	20	x_0_0,x_0_2,x_1_0,x_1_1,x_1_2,x_1_3
6	10	x_0_0,x_0_2,x_1_0,x_1_1,x_1_3,x_1_4
6	10	x_0_0,x_0_2,x_1_0,x_1_2,x_1_3,x_1_4
6	30	x_0_0,x_0_2,x_1_1,x_1_2,x_1_3,x_1_4
6	20	x_0_0,x_0_3,x_0_4,x_1_1,x_1_2,x_1_3
6	20	x_0_0,x_0_3,x_0_4,x_1_1,x_1_2,x_1_4
6	30	x_0_0,x_0_3,x_0_4,x_1_1,x_1_3,x_1_4
6	20	x_0_0,x_0_3,x_1_0,x_1_1,x_1_2,x_1_3
6	10	x_0_0,x_0_3,x_1_0,x_1_1,x_1_2,x_1_4
6	10	x_0_0,x_0_3,x_1_0,x_1_1,x_1_3,x_1_4
6	20	x_0_0,x_0_3,x_1_1,x_1_2,x_1_3,x_1_4
6	-10	x_0_0,x_0_4,x_1_0,x_1_1,x_1_2,x_1_3
6	10	x_0_0,x_0_4,x_1_0,x_1_1,x_1_2,x_1_4
6	10	x_0_0,x_0_4,x_1_0,x_1_1,x_1_3,x_1_4
6	20	x_0_0,x_0_4,x_1_1,x_1_2,x_1_3,x_1_4
6	10	x_0_0,x_1_0,x_1_1,x_1_2,x_1_3,x_1_4
6	10	x_0_1,x_0_2,x_0_3,x_0_4,x_1_0,x_1_1
6	-10	x_0_1,x_0_2,x_0_3,x_0_4,x_1_0,x_1_2
6	-20	x_0_1,x_0_2,x_0_3,x_0_4,x_1_0,x_1_4
6	18	x_0_1,x_0_2,x_0_3,x_0_4,x_1_1,x_1_2
6	48	x_0_1,x_0_2,x_0_3,x_0_4,x_1_1,x_1_3
6	18	x_0_1,x_0_2,x_0_3,x_0_4,x_1_1,x_1_4
6	18	x_0_1,x_0_2,x_0_3,x_0_4,x_1_2,x_1_3
6	-24	x_0_1,x_0_2,x_0_3,x_0_4,x_1_2,x_1_4
6	-14	x_0_1,x_0_2,x_0_3,x_0_4,x_1_3,x_1_4
6	8	x_0_1,x_0_2,x_0_3,x_0_4,x_2_1,x_2_2
6	8	x_0_1,x_0_2,x_0_3,x_0_4,x_2_1,x_2_3
6	8	x_0_1,x_0_2,x_0_3,x_0_4,x_2_1,x_2_4
6	8	x_0_1,x_0_2,x_0_3,x_0_4,x_2_2,x_2_3
6	6	x_0_1,x_0_2,x_0_3,x_0_4,x_2_2,x_2_4
6	6	x_0_1,x_0_2,x_0_3,x_0_4,x_2_3,x_2_4
6	8	x_0_1,x_0_2,x_0_3,x_0_4,x_3_1,x_3_2
6	8	x_0_1,x_0_2,x_0_3,x_0_4,x_3_1,x_3_3
6	8	x_0_1,x_0_2,x_0_3,x_0_4,x_3_1,x_3_4
6	8	x_0_1,x_0_2,x_0_3,x_0_4,x_3_2,x_3_3
6	6	x_0_1,x_0_2,x_0_3,x_0_4,x_3_2,x_3_4
6	6	x_0_1,x_0_2,x_0_3,x_0_4,x_3_3,x_3_4
6	10	x_0_1,x_0_2,x_0_3,x_1_0,x_1_1,x_1_2
6	40	x_0_1,x_0_2,x_0_3,x_1_0,x_1_1,x_1_3
6	10	x_0_1,x_0_2,x_0_3,x_1_0,x_1_2,x_1_3
6	-30	x_0_1,x_0_2,x_0_3,x_1_0,x_1_2,x_1_4
6	-20	x_0_1,x_0_2,x_0_3,x_1_0,x_1_3,x_1_4
6	86	x_0_1,x_0_2,x_0_3,x_1_1,x_1_2,x_1_3
6	8	x_0_1,x_0_2,x_0_3,x_1_1,x_1_2,x_1_4
6	38	x_0_1,x_0_2,x_0_3,x_1_1,x_1_3,x_1_4
6	-2	x_0_1,x_0_2,x_0_3,x_1_2,x_1_3,x_1_4
6	16	x_0_1,x_0_2,x_0_3,x_2_1,x_2_2,x_2_3
6	8	x_0_1,x_0_2,x_0_3,x_2_1,x_2_2,x_2_4
6	8	x_0_1,x_0_2,x_0_3,x_2_1,x_2_3,x_2_4
6	8	x_0_1,x_0_2,x_0_3,x_2_2,x_2_3,x_2_4
6	16	x_0_1,x_0_2,x_0_3,x_3_1,x_3_2,x_3_3
6	8	x_0_1,x_0_2,x_0_3,x_3_1,x_3_2,x_3_4
6	8	x_0_1,x_0_2,x_0_3,x_3_1,x_3_3,x_3_4
6	8	x_0_1,x_0_2,x_0_3,x_3_2,x_3_3,x_3_4
6	10	x_0_1,x_0_2,x_0_4,x_1_0,x_1_1,x_1_2
6	30	x_0_1,x_0_2,x_0_4,x_1_0,x_1_1,x_1_3
6	20	x_0_1,x_0_2,x_0_4,x_1_0,x_1_1,x_1_4
6	10	x_0_1,x_0_2,x_0_4,x_1_0,x_1_2,x_1_3
6	-20	x_0_1,x_0_2,x_0_4,x_1_0,x_1_2,x_1_4
6	-10	x_0_1,x_0_2,x_0_4,x_1_0,x_1_3,x_1_4
6	48	x_0_1,x_0_2,x_0_4,x_1_1,x_1_2,x_1_3
6	32	x_0_1,x_0_2,x_0_4,x_1_1,x_1_2,x_1_4
6	48	x_0_1,x_0_2,x_0_4,x_1_1,x_1_3,x_1_4
6	6	x_0_1,x_0_2,x_0_4,x_1_2,x_1_3,x_1_4
6	8	x_0_1,x_0_2,x_0_4,x_2_1,x_2_2,x_2_3
6	12	x_0_1,x_0_2,x_0_4,x_2_1,x_2_2,x_2_4
6	8	x_0_1,x_0_2,x_0_4,x_2_1,x_2_3,x_2_4
6	6	x_0_1,x_0_2,x_0_4,x_2_2,x_2_3,x_2_4
6	8	x_0_1,x_0_2,x_0_4,x_3_1,x_3_2,x_3_3
6	12	x_0_1,x_0_2,x_0_4,x_3_1,x_3_2,x_3_4
6	8	x_0_1,x_0_2,x_0_4,x_3_1,x_3_3,x_3_4
6	6	x_0_1,x_0_2,x_0_4,x_3_2,x_3_3,x_3_4
6	40	x_0_1,x_0_2,x_1_0,x_1_1,x_1_2,x_1_3
6	10	x_0_1,x_0_2,x_1_0,x_1_1,x_1_2,x_1_4
6	30	x_0_1,x_0_2,x_1_0,x_1_1,x_1_3,x_1_4
6	48	x_0_1,x_0_2,x_1_1,x_1_2,x_1_3,x_1_4
6	8	x_0_1,x_0_2,x_2_1,x_2_2,x_2_3,x_2_4
6	8	x_0_1,x_0_2,x_3_1,x_3_2,x_3_3,x_3_4
6	10	x_0_1,x_0_3,x_0_4,x_1_0,x_1_1,x_1_2
6	20	x_0_1,x_0_3,x_0_4,x_1_0,x_1_1,x_1_3
6	20	x_0_1,x_0_3,x_0_4,x_1_0,x_1_1,x_1_4
6	-10	x_0_1,x_0_3,x_0_4,x_1_0,x_1_2,x_1_3
6	-20	x_0_1,x_0_3,x_0_4,x_1_0,x_1_2,x_1_4
6	-20	x_0_1,x_0_3,x_0_4,x_1_0,x_1_3,x_1_4
6	38	x_0_1,x_0_3,x_0_4,x_1_1,x_1_2,x_1_3
6	28	x_0_1,x_0_3,x_0_4,x_1_1,x_1_2,x_1_4
6	42	x_0_1,x_0_3,x_0_4,x_1_1,x_1_3,x_1_4
6	-14	x_0_1,x_0_3,x_0_4,x_1_2,x_1_3,x_1_4
6	8	x_0_1,x_0_3,x_0_4,x_2_1,x_2_2,x_2_3
6	8	x_0_1,x_0_3,x_0_4,x_2_1,x_2_2,x_2_4
6	12	x_0_1,x_0_3,x_0_4,x_2_1,x_2_3,x_2_4
6	6	x_0_1,x_0_3,x_0_4,x_2_2,x_2_3,x_2_4
6	8	x_0_1,x_0_3,x_0_4,x_3_1,x_3_2,x_3_3
6	8	x_0_1,x_0_3,x_0_4,x_3_1,x_3_2,x_3_4
6	12	x_0_1,x_0_3,x_0_4,x_3_1,x_3_3,x_3_4
6	6	x_0_1,x_0_3,x_0_4,x_3_2,x_3_3,x_3_4
6	30	x_0_1,x_0_3,x_1_0,x_1_1,x_1_2,x_1_3
6	10	x_0_1,x_0_3,x_1_0,x_1_1,x_1_2,x_1_4
6	20	x_0_1,x_0_3,x_1_0,x_1_1,x_1_3,x_1_4
6	-20	x_0_1,x_0_3,x_1_0,x_1_2,x_1_3,x_1_4
6	38	x_0_1,x_0_3,x_1_1,x_1_2,x_1_3,x_1_4
6	8	x_0_1,x_0_3,x_2_1,x_2_2,x_2_3,x_2_4
6	8	x_0_1,x_0_3,x_3_1,x_3_2,x_3_3,x_3_4
6	10	x_0_1,x_0_4,x_1_0,x_1_1,x_1_2,x_1_3
6	20	x_0_1,x_0_4,x_1_0,x_1_1,x_1_2,x_1_4
6	20	x_0_1,x_0_4,x_1_0,x_1_1,x_1_3,x_1_4
6	-20	x_0_1,x_0_4,x_1_0,x_1_2,x_1_3,x_1_4
6	28	x_0_1,x_0_4,x_1_1,x_1_2,x_1_3,x_1_4
6	8	x_0_1,x_0_4,x_2_1,x_2_2,x_2_3,x_2_4
6	8	x_0_1,x_0_4,x_3_1,x_3_2,x_3_3,x_3_4
6	10	x_0_1,x_1_0,x_1_1,x_1_2,x_1_3,x_1_4
6	10	x_0_2,x_0_3,x_0_4,x_1_0,x_1_1,x_1_2
6	30	x_0_2,x_0_3,x_0_4,x_1_0,x_1_1,x_1_3
6	20	x_0_2,x_0_3,x_0_4,x_1_0,x_1_1,x_1_4
6	10	x_0_2,x_0_3,x_0_4,x_1_0,x_1_2,x_1_3
6	58	x_0_2,x_0_3,x_0_4,x_1_1,x_1_2,x_1_3
6	26	x_0_2,x_0_3,x_0_4,x_1_1,x_1_2,x_1_4
6	46	x_0_2,x_0_3,x_0_4,x_1_1,x_1_3,x_1_4
6	20	x_0_2,x_0_3,x_0_4,x_1_2,x_1_3,x_1_4
6	8	x_0_2,x_0_3,x_0_4,x_2_1,x_2_2,x_2_3
6	6	x_0_2,x_0_3,x_0_4,x_2_1,x_2_2,x_2_4
6	6	x_0_2,x_0_3,x_0_4,x_2_1,x_2_3,x_2_4
6	10	x_0_2,x_0_3,x_0_4,x_2_2,x_2_3,x_2_4
6	8	x_0_2,x_0_3,x_0_4,x_3_1,x_3_2,x_3_3
6	6	x_0_2,x_0_3,x_0_4,x_3_1,x_3_2,x_3_4
6	6	x_0_2,x_0_3,x_0_4,x_3_1,x_3_3,x_3_4
6	10	x_0_2,x_0_3,x_0_4,x_3_2,x_3_3,x_3_4
6	50	x_0_2,x_0_3,x_1_0,x_1_1,x_1_2,x_1_3
6	10	x_0_2,x_0_3,x_1_0,x_1_1,x_1_2,x_1_4
6	30	x_0_2,x_0_3,x_1_0,x_1_1,x_1_3,x_1_4
6	10	x_0_2,x_0_3,x_1_0,x_1_2,x_1_3,x_1_4
6	58	x_0_2,x_0_3,x_1_1,x_1_2,x_1_3,x_1_4
6	8	x_0_2,x_0_3,x_2_1,x_2_2,x_2_3,x_2_4
6	8	x_0_2,x_0_3,x_3_1,x_3_2,x_3_3,x_3_4
6	30	x_0_2,x_0_4,x_1_0,x_1_1,x_1_2,x_1_3
6	20	x_0_2,x_0_4,x_1_0,x_1_1,x_1_2,x_1_4
6	30	x_0_2,x_0_4,x_1_0,x_1_1,x_1_3,x_1_4
6	10	x_0_2,x_0_4,x_1_0,x_1_2,x_1_3,x_1_4
6	46	x_0_2,x_0_4,x_1_1,x_1_2,x_1_3,x_1_4
6	6	x_0_2,x_0_4,x_2_1,x_2_2,x_2_3,x_2_4
6	6	x_0_2,x_0_4,x_3_1,x_3_2,x_3_3,x_3_4
6	30	x_0_2,x_1_0,x_1_1,x_1_2,x_1_3,x_1_4
6	20	x_0_3,x_0_4,x_1_0,x_1_1,x_1_2,x_1_3
6	20	x_0_3,x_0_4,x_1_0,x_1_1,x_1_2,x_1_4
6	30	x_0_3,x_0_4,x_1_0,x_1_1,x_1_3,x_1_4
6	36	x_0_3,x_0_4,x_1_1,x_1_2,x_1_3,x_1_4
6	6	x_0_3,x_0_4,x_2_1,x_2_2,x_2_3,x_2_4
6	6	x_0_3,x_0_4,x_3_1,x_3_2,x_3_3,x_3_4
6	20	x_0_3,x_1_0,x_1_1,x_1_2,x_1_3,x_1_4
6	20	x_0_4,x_1_0,x_1_1,x_1_2,x_1_3,x_1_4
6	10	x_1_0,x_1_1,x_1_2,x_1_3,x_1_4,x_2_0
6	10	x_1_0,x_1_1,x_1_2,x_1_3,x_1_4,x_2_1
6	-10	x_1_0,x_1_1,x_1_2,x_1_3,x_1_4,x_2_2
6	-20	x_1_0,x_1_1,x_1_2,x_1_3,x_1_4,x_2_4
6	20	x_1_0,x_1_1,x_1_2,x_1_3,x_2_0,x_2_1
6	20	x_1_0,x_1_1,x_1_2,x_1_3,x_2_0,x_2_2
6	20	x_1_0,x_1_1,x_1_2,x_1_3,x_2_0,x_2_3
6	-10	x_1_0,x_1_1,x_1_2,x_1_3,x_2_0,x_2_4
6	10	x_1_0,x_1_1,x_1_2,x_1_3,x_2_1,x_2_2
6	40	x_1_0,x_1_1,x_1_2,x_1_3,x_2_1,x_2_3
6	10	x_1_0,x_1_1,x_1_2,x_1_3,x_2_2,x_2_3
6	-30	x_1_0,x_1_1,x_1_2,x_1_3,x_2_2,x_2_4
6	-20	x_1_0,x_1_1,x_1_2,x_1_3,x_2_3,x_2_4
6	20	x_1_0,x_1_1,x_1_2,x_1_4,x_2_0,x_2_1
6	10	x_1_0,x_1_1,x_1_2,x_1_4,x_2_0,x_2_3
6	10	x_1_0,x_1_1,x_1_2,x_1_4,x_2_0,x_2_4
6	10	x_1_0,x_1_1,x_1_2,x_1_4,x_2_1,x_2_2
6	30	x_1_0,x_1_1,x_1_2,x_1_4,x_2_1,x_2_3
6	20	x_1_0,x_1_1,x_1_2,x_1_4,x_2_1,x_2_4
6	10	x_1_0,x_1_1,x_1_2,x_1_4,x_2_2,x_2_3
6	-20	x_1_0,x_1_1,x_1_2,x_1_4,x_2_2,x_2_4
6	-10	x_1_0,x_1_1,x_1_2,x_1_4,x_2_3,x_2_4
6	20	x_1_0,x_1_1,x_1_2,x_2_0,x_2_1,x_2_2
6	40	x_1_0,x_1_1,x_1_2,x_2_0,x_2_1,x_2_3
6	20	x_1_0,x_1_1,x_1_2,x_2_0,x_2_1,x_2_4
6	20	x_1_0,x_1_1,x_1_2,x_2_0,x_2_2,x_2_3
6	-10	x_1_0,x_1_1,x_1_2,x_2_0,x_2_2,x_2_4
6	40	x_1_0,x_1_1,x_1_2,x_2_1,x_2_2,x_2_3
6	10	x_1_0,x_1_1,x_1_2,x_2_1,x_2_2,x_2_4
6	30	x_1_0,x_1_1,x_1_2,x_2_1,x_2_3,x_2_4
6	20	x_1_0,x_1_1,x_1_3,x_1_4,x_2_0,x_2_1
6	10	x_1_0,x_1_1,x_1_3,x_1_4,x_2_0,x_2_2
6	10	x_1_0,x_1_1,x_1_3,x_1_4,x_2_0,x_2_3
6	10	x_1_0,x_1_1,x_1_3,x_1_4,x_2_0,x_2_4
6	10	x_1_0,x_1_1,x_1_3,x_1_4,x_2_1,x_2_2
6	20	x_1_0,x_1_1,x_1_3,x_1_4,x_2_1,x_2_3
6	20	x_1_0,x_1_1,x_1_3,x_1_4,x_2_1,x_2_4
6	-10	x_1_0,x_1_1,x_1_3,x_1_4,x_2_2,x_2_3
6	-20	x_1_0,x_1_1,x_1_3,x_1_4,x_2_2,x_2_4
6	-20	x_1_0,x_1_1,x_1_3,x_1_4,x_2_3,x_2_4
6	40	x_1_0,x_1_1,x_1_3,x_2_0,x_2_1,x_2_2
6	40	x_1_0,x_1_1,x_1_3,x_2_0,x_2_1,x_2_3
6	20	x_1_0,x_1_1,x_1_3,x_2_0,x_2_1,x_2_4
6	20	x_1_0,x_1_1,x_1_3,x_2_0,x_2_2,x_2_3
6	30	x_1_0,x_1_1,x_1_3,x_2_1,x_2_2,x_2_3
6	10	x_1_0,x_1_1,x_1_3,x_2_1,x_2_2,x_2_4
6	20	x_1_0,x_1_1,x_1_3,x_2_1,x_2_3,x_2_4
6	-20	x_1_0,x_1_1,x_1_3,x_2_2,x_2_3,x_2_4
6	20	x_1_0,x_1_1,x_1_4,x_2_0,x_2_1,x_2_2
6	20	x_1_0,x_1_1,x_1_4,x_2_0,x_2_1,x_2_3
6	40	x_1_0,x_1_1,x_1_4,x_2_0,x_2_1,x_2_4
6	10	x_1_0,x_1_1,x_1_4,x_2_1,x_2_2,x_2_3
6	20	x_1_0,x_1_1,x_1_4,x_2_1,x_2_2,x_2_4
6	20	x_1_0,x_1_1,x_1_4,x_2_1,x_2_3,x_2_4
6	-20	x_1_0,x_1_1,x_1_4,x_2_2,x_2_3,x_2_4
6	20	x_1_0,x_1_1,x_2_0,x_2_1,x_2_2,x_2_3
6	20	x_1_0,x_1_1,x_2_0,x_2_1,x_2_2,x_2_4
6	20	x_1_0,x_1_1,x_2_0,x_2_1,x_2_3,x_2_4
6	-10	x_1_0,x_1_1,x_2_0,x_2_2,x_2_3,x_2_4
6	10	x_1_0,x_1_1,x_2_1,x_2_2,x_2_3,x_2_4
6	-10	x_1_0,x_1_2,x_1_3,x_1_4,x_2_0,x_2_1
6	10	x_1_0,x_1_2,x_1_3,x_1_4,x_2_0,x_2_2
6	10	x_1_0,x_1_2,x_1_3,x_1_4,x_2_1,x_2_2
6	30	x_1_0,x_1_2,x_1_3,x_1_4,x_2_1,x_2_3
6	20	x_1_0,x_1_2,x_1_3,x_1_4,x_2_1,x_2_4
6	10	x_1_0,x_1_2,x_1_3,x_1_4,x_2_2,x_2_3
6	20	x_1_0,x_1_2,x_1_3,x_2_0,x_2_1,x_2_2
6	20	x_1_0,x_1_2,x_1_3,x_2_0,x_2_1,x_2_3
6	20	x_1_0,x_1_2,x_1_3,x_2_0,x_2_2,x_2_3
6	10	x_1_0,x_1_2,x_1_3,x_2_0,x_2_2,x_2_4
6	50	x_1_0,x_1_2,x_1_3,x_2_1,x_2_2,x_2_3
6	10	x_1_0,x_1_2,x_1_3,x_2_1,x_2_2,x_2_4
6	30	x_1_0,x_1_2,x_1_3,x_2_1,x_2_3,x_2_4
6	10	x_1_0,x_1_2,x_1_3,x_2_2,x_2_3,x_2_4
6	-10	x_1_0,x_1_2,x_1_4,x_2_0,x_2_1,x_2_2
6	10	x_1_0,x_1_2,x_1_4,x_2_0,x_2_2,x_2_3
6	30	x_1_0,x_1_2,x_1_4,x_2_1,x_2_2,x_2_3
6	20	x_1_0,x_1_2,x_1_4,x_2_1,x_2_2,x_2_4
6	30	x_1_0,x_1_2,x_1_4,x_2_1,x_2_3,x_2_4
6	10	x_1_0,x_1_2,x_1_4,x_2_2,x_2_3,x_2_4
6	20	x_1_0,x_1_2,x_2_0,x_2_1,x_2_2,x_2_3
6	10	x_1_0,x_1_2,x_2_0,x_2_1,x_2_3,x_2_4
6	10	x_1_0,x_1_2,x_2_0,x_2_2,x_2_3,x_2_4
6	30	x_1_0,x_1_2,x_2_1,x_2_2,x_2_3,x_2_4
6	20	x_1_0,x_1_3,x_1_4,x_2_1,x_2_2,x_2_3
6	20	x_1_0,x_1_3,x_1_4,x_2_1,x_2_2,x_2_4
6	30	x_1_0,x_1_3,x_1_4,x_2_1,x_2_3,x_2_4
6	20	x_1_0,x_1_3,x_2_0,x_2_1,x_2_2,x_2_3
6	10	x_1_0,x_1_3,x_2_0,x_2_1,x_2_2,x_2_4
6	10	x_1_0,x_1_3,x_2_0,x_2_1,x_2_3,x_2_4
6	20	x_1_0,x_1_3,x_2_1,x_2_2,x_2_3,x_2_4
6	-10	x_1_0,x_1_4,x_2_0,x_2_1,x_2_2,x_2_3
6	10	x_1_0,x_1_4,x_2_0,x_2_1,x_2_2,x_2_4
6	10	x_1_0,x_1_4,x_2_0,x_2_1,x_2_3,x_2_4
6	20	x_1_0,x_1_4,x_2_1,x_2_2,x_2_3,x_2_4
6	10	x_1_0,x_2_0,x_2_1,x_2_2,x_2_3,x_2_4
6	10	x_1_1,x_1_2,x_1_3,x_1_4,x_2_0,x_2_1
6	-10	x_1_1,x_1_2,x_1_3,x_1_4,x_2_0,x_2_2
6	-20	x_1_1,x_1_2,x_1_3,x_1_4,x_2_0,x_2_4
6	18	x_1_1,x_1_2,x_1_3,x_1_4,x_2_1,x_2_2
6	48	x_1_1,x_1_2,x_1_3,x_1_4,x_2_1,x_2_3
6	18	x_1_1,x_1_2,x_1_3,x_1_4,x_2_1,x_2_4
6	18	x_1_1,x_1_2,x_1_3,x_1_4,x_2_2,x_2_3
6	-24	x_1_1,x_1_2,x_1_3,x_1_4,x_2_2,x_2_4
6	-14	x_1_1,x_1_2,x_1_3,x_1_4,x_2_3,x_2_4
6	8	x_1_1,x_1_2,x_1_3,x_1_4,x_3_1,x_3_2
6	8	x_1_1,x_1_2,x_1_3,x_1_4,x_3_1,x_3_3
6	8	x_1_1,x_1_2,x_1_3,x_1_4,x_3_1,x_3_4
6	8	x_1_1,x_1_2,x_1_3,x_1_4,x_3_2,x_3_3
6	6	x_1_1,x_1_2,x_1_3,x_1_4,x_3_2,x_3_4
6	6	x_1_1,x_1_2,x_1_3,x_1_4,x_3_3,x_3_4
6	10	x_1_1,x_1_2,x_1_3,x_2_0,x_2_1,x_2_2
6	40	x_1_1,x_1_2,x_1_3,x_2_0,x_2_1,x_2_3
6	10	x_1_1,x_1_2,x_1_3,x_2_0,x_2_2,x_2_3
6	-30	x_1_1,x_1_2,x_1_3,x_2_0,x_2_2,x_2_4
6	-20	x_1_1,x_1_2,x_1_3,x_2_0,x_2_3,x_2_4
6	86	x_1_1,x_1_2,x_1_3,x_2_1,x_2_2,x_2_3
6	8	x_1_1,x_1_2,x_1_3,x_2_1,x_2_2,x_2_4
6	38	x_1_1,x_1_2,x_1_3,x_2_1,x_2_3,x_2_4
6	-2	x_1_1,x_1_2,x_1_3,x_2_2,x_2_3,x_2_4
6	16	x_1_1,x_1_2,x_1_3,x_3_1,x_3_2,x_3_3
6	8	x_1_1,x_1_2,x_1_3,x_3_1,x_3_2,x_3_4
6	8	x_1_1,x_1_2,x_1_3,x_3_1,x_3_3,x_3_4
6	8	x_1_1,x_1_2,x_1_3,x_3_2,x_3_3,x_3_4
6	10	x_1_1,x_1_2,x_1_4,x_2_0,x_2_1,x_2_2
6	30	x_1_1,x_1_2,x_1_4,x_2_0,x_2_1,x_2_3
6	20	x_1_1,x_1_2,x_1_4,x_2_0,x_2_1,x_2_4
6	10	x_1_1,x_1_2,x_1_4,x_2_0,x_2_2,x_2_3
6	-20	x_1_1,x_1_2,x_1_4,x_2_0,x_2_2,x_2_4
6	-10	x_1_1,x_1_2,x_1_4,x_2_0,x_2_3,x_2_4
6	48	x_1_1,x_1_2,x_1_4,x_2_1,x_2_2,x_2_3
6	32	x_1_1,x_1_2,x_1_4,x_2_1,x_2_2,x_2_4
6	48	x_1_1,x_1_2,x_1_4,x_2_1,x_2_3,x_2_4
6	6	x_1_1,x_1_2,x_1_4,x_2_2,x_2_3,x_2_4
6	8	x_1_1,x_1_2,x_1_4,x_3_1,x_3_2,x_3_3
6	12	x_1_1,x_1_2,x_1_4,x_3_1,x_3_2,x_3_4
6	8	x_1_1,x_1_2,x_1_4,x_3_1,x_3_3,x_3_4
6	6	x_1_1,x_1_2,x_1_4,x_3_2,x_3_3,x_3_4
6	40	x_1_1,x_1_2,x_2_0,x_2_1,x_2_2,x_2_3
6	10	x_1_1,x_1_2,x_2_0,x_2_1,x_2_2,x_2_4
6	30	x_1_1,x_1_2,x_2_0,x_2_1,x_2_3,x_2_4
6	48	x_1_1,x_1_2,x_2_1,x_2_2,x_2_3,x_2_4
6	8	x_1_1,x_1_2,x_3_1,x_3_2,x_3_3,x_3_4
6	10	x_1_1,x_1_3,x_1_4,x_2_0,x_2_1,x_2_2
6	20	x_1_1,x_1_3,x_1_4,x_2_0,x_2_1,x_2_3
6	20	x_1_1,x_1_3,x_1_4,x_2_0,x_2_1,x_2_4
6	-10	x_1_1,x_1_3,x_1_4,x_2_0,x_2_2,x_2_3
6	-20	x_1_1,x_1_3,x_1_4,x_2_0,x_2_2,x_2_4
6	-20	x_1_1,x_1_3,x_1_4,x_2_0,x_2_3,x_2_4
6	38	x_1_1,x_1_3,x_1_4,x_2_1,x_2_2,x_2_3
6	28	x_1_1,x_1_3,x_1_4,x_2_1,x_2_2,x_2_4
6	42	x_1_1,x_1_3,x_1_4,x_2_1,x_2_3,x_2_4
6	-14	x_1_1,x_1_3,x_1_4,x_2_2,x_2_3,x_2_4
6	8	x_1_1,x_1_3,x_1_4,x_3_1,x_3_2,x_3_3
6	8	x_1_1,x_1_3,x_1_4,x_3_1,x_3_2,x_3_4
6	12	x_1_1,x_1_3,x_1_4,x_3_1,x_3_3,x_3_4
6	6	x_1_1,x_1_3,x_1_4,x_3_2,x_3_3,x_3_4
6	30	x_1_1,x_1_3,x_2_0,x_2_1,x_2_2,x_2_3
6	10	x_1_1,x_1_3,x_2_0,x_2_1,x_2_2,x_2_4
6	20	x_1_1,x_1_3,x_2_0,x_2_1,x_2_3,x_2_4
6	-20	x_1_1,x_1_3,x_2_0,x_2_2,x_2_3,x_2_4
6	38	x_1_1,x_1_3,x_2_1,x_2_2,x_2_3,x_2_4
6	8	x_1_1,x_1_3,x_3_1,x_3_2,x_3_3,x_3_4
6	10	x_1_1,x_1_4,x_2_0,x_2_1,x_2_2,x_2_3
6	20	x_1_1,x_1_4,x_2_0,x_2_1,x_2_2,x_2_4
6	20	x_1_1,x_1_4,x_2_0,x_2_1,x_2_3,x_2_4
6	-20	x_1_1,x_1_4,x_2_0,x_2_2,x_2_3,x_2_4
6	28	x_1_1,x_1_4,x_2_1,x_2_2,x_2_3,x_2_4
6	8	x_1_1,x_1_4,x_3_1,x_3_2,x_3_3,x_3_4
6	10	x_1_1,x_2_0,x_2_1,x_2_2,x_2_3,x_2_4
6	10	x_1_2,x_1_3,x_1_4,x_2_0,x_2_1,x_2_2
6	30	x_1_2,x_1_3,x_1_4,x_2_0,x_2_1,x_2_3
6	20	x_1_2,x_1_3,x_1_4,x_2_0,x_2_1,x_2_4
6	10	x_1_2,x_1_3,x_1_4,x_2_0,x_2_2,x_2_3
6	58	x_1_2,x_1_3,x_1_4,x_2_1,x_2_2,x_2_3
6	26	x_1_2,x_1_3,x_1_4,x_2_1,x_2_2,x_2_4
6	46	x_1_2,x_1_3,x_1_4,x_2_1,x_2_3,x_2_4
6	20	x_1_2,x_1_3,x_1_4,x_2_2,x_2_3,x_2_4
6	8	x_1_2,x_1_3,x_1_4,x_3_1,x_3_2,x_3_3
6	6	x_1_2,x_1_3,x_1_4,x_3_1,x_3_2,x_3_4
6	6	x_1_2,x_1_3,x_1_4,x_3_1,x_3_3,x_3_4
6	10	x_1_2,x_1_3,x_1_4,x_3_2,x_3_3,x_3_4
6	50	x_1_2,x_1_3,x_2_0,x_2_1,x_2_2,x_2_3
6	10	x_1_2,x_1_3,x_2_0,x_2_1,x_2_2,x_2_4
6	30	x_1_2,x_1_3,x_2_0,x_2_1,x_2_3,x_2_4
6	10	x_1_2,x_1_3,x_2_0,x_2_2,x_2_3,x_2_4
6	58	x_1_2,x_1_3,x_2_1,x_2_2,x_2_3,x_2_4
6	8	x_1_2,x_1_3,x_3_1,x_3_2,x_3_3,x_3_4
6	30	x_1_2,x_1_4,x_2_0,x_2_1,x_2_2,x_2_3
6	20	x_1_2,x_1_4,x_2_0,x_2_1,x_2_2,x_2_4
6	30	x_1_2,x_1_4,x_2_0,x_2_1,x_2_3,x_2_4
6	10	x_1_2,x_1_4,x_2_0,x_2_2,x_2_3,x_2_4
6	46	x_1_2,x_1_4,x_2_1,x_2_2,x_2_3,x_2_4
6	6	x_1_2,x_1_4,x_3_1,x_3_2,x_3_3,x_3_4
6	30	x_1_2,x_2_0,x_2_1,x_2_2,x_2_3,x_2_4
6	20	x_1_3,x_1_4,x_2_0,x_2_1,x_2_2,x_2_3
6	20	x_1_3,x_1_4,x_2_0,x_2_1,x_2_2,x_2_4
6	30	x_1_3,x_1_4,x_2_0,x_2_1,x_2_3,x_2_4
6	36	x_1_3,x_1_4,x_2_1,x_2_2,x_2_3,x_2_4
6	6	x_1_3,x_1_4,x_3_1,x_3_2,x_3_3,x_3_4
6	20	x_1_3,x_2_0,x_2_1,x_2_2,x_2_3,x_2_4
6	20	x_1_4,x_2_0,x_2_1,x_2_2,x_2_3,x_2_4
6	10	x_2_0,x_2_1,x_2_2,x_2_3,x_2_4,x_3_0
6	10	x_2_0,x_2_1,x_2_2,x_2_3,x_2_4,x_3_1
6	-10	x_2_0,x_2_1,x_2_2,x_2_3,x_2_4,x_3_2
6	-20	x_2_0,x_2_1,x_2_2,x_2_3,x_2_4,x_3_4
6	20	x_2_0,x_2_1,x_2_2,x_2_3,x_3_0,x_3_1
6	20	x_2_0,x_2_1,x_2_2,x_2_3,x_3_0,x_3_2
6	20	x_2_0,x_2_1,x_2_2,x_2_3,x_3_0,x_3_3
6	-10	x_2_0,x_2_1,x_2_2,x_2_3,x_3_0,x_3_4
6	10	x_2_0,x_2_1,x_2_2,x_2_3,x_3_1,x_3_2
6	40	x_2_0,x_2_1,x_2_2,x_2_3,x_3_1,x_3_3
6	10	x_2_0,x_2_1,x_2_2,x_2_3,x_3_2,x_3_3
6	-30	x_2_0,x_2_1,x_2_2,x_2_3,x_3_2,x_3_4
6	-20	x_2_0,x_2_1,x_2_2,x_2_3,x_3_3,x_3_4
6	20	x_2_0,x_2_1,x_2_2,x_2_4,x_3_0,x_3_1
6	10	x_2_0,x_2_1,x_2_2,x_2_4,x_3_0,x_3_3
6	10	x_2_0,x_2_1,x_2_2,x_2_4,x_3_0,x_3_4
6	10	x_2_0,x_2_1,x_2_2,x_2_4,x_3_1,x_3_2
6	30	x_2_0,x_2_1,x_2_2,x_2_4,x_3_1,x_3_3
6	20	x_2_0,x_2_1,x_2_2,x_2_4,x_3_1,x_3_4
6	10	x_2_0,x_2_1,x_2_2,x_2_4,x_3_2,x_3_3
6	-20	x_2_0,x_2_1,x_2_2,x_2_4,x_3_2,x_3_4
6	-10	x_2_0,x_2_1,x_2_2,x_2_4,x_3_3,x_3_4
6	20	x_2_0,x_2_1,x_2_2,x_3_0,x_3_1,x_3_2
6	40	x_2_0,x_2_1,x_2_2,x_3_0,x_3_1,x_3_3
6	20	x_2_0,x_2_1,x_2_2,x_3_0,x_3_1,x_3_4
6	20	x_2_0,x_2_1,x_2_2,x_3_0,x_3_2,x_3_3
6	-10	x_2_0,x_2_1,x_2_2,x_3_0,x_3_2,x_3_4
6	40	x_2_0,x_2_1,x_2_2,x_3_1,x_3_2,x_3_3
6	10	x_2_0,x_2_1,x_2_2,x_3_1,x_3_2,x_3_4
6	30	x_2_0,x_2_1,x_2_2,x_3_1,x_3_3,x_3_4
6	20	x_2_0,x_2_1,x_2_3,x_2_4,x_3_0,x_3_1
6	10	x_2_0,x_2_1,x_2_3,x_2_4,x_3_0,x_3_2
6	10	x_2_0,x_2_1,x_2_3,x_2_4,x_3_0,x_3_3
6	10	x_2_0,x_2_1,x_2_3,x_2_4,x_3_0,x_3_4
6	10	x_2_0,x_2_1,x_2_3,x_2_4,x_3_1,x_3_2
6	20	x_2_0,x_2_1,x_2_3,x_2_4,x_3_1,x_3_3
6	20	x_2_0,x_2_1,x_2_3,x_2_4,x_3_1,x_3_4
6	-10	x_2_0,x_2_1,x_2_3,x_2_4,x_3_2,x_3_3
6	-20	x_2_0,x_2_1,x_2_3,x_2_4,x_3_2,x_3_4
6	-20	x_2_0,x_2_1,x_2_3,x_2_4,x_3_3,x_3_4
6	40	x_2_0,x_2_1,x_2_3,x_3_0,x_3_1,x_3_2
6	40	x_2_0,x_2_1,x_2_3,x_3_0,x_3_1,x_3_3
6	20	x_2_0,x_2_1,x_2_3,x_3_0,x_3_1,x_3_4
6	20	x_2_0,x_2_1,x_2_3,x_3_0,x_3_2,x_3_3
6	30	x_2_0,x_2_1,x_2_3,x_3_1,x_3_2,x_3_3
6	10	x_2_0,x_2_1,x_2_3,x_3_1,x_3_2,x_3_4
6	20	x_2_0,x_2_1,x_2_3,x_3_1,x_3_3,x_3_4
6	-20	x_2_0,x_2_1,x_2_3,x_3_2,x_3_3,x_3_4
6	20	x_2_0,x_2_1,x_2_4,x_3_0,x_3_1,x_3_2
6	20	x_2_0,x_2_1,x_2_4,x_3_0,x_3_1,x_3_3
6	40	x_2_0,x_2_1,x_2_4,x_3_0,x_3_1,x_3_4
6	10	x_2_0,x_2_1,x_2_4,x_3_1,x_3_2,x_3_3
6	20	x_2_0,x_2_1,x_2_4,x_3_1,x_3_2,x_3_4
6	20	x_2_0,x_2_1,x_2_4,x_3_1,x_3_3,x_3_4
6	-20	x_2_0,x_2_1,x_2_4,x_3_2,x_3_3,x_3_4
6	20	x_2_0,x_2_1,x_3_0,x_3_1,x_3_2,x_3_3
6	20	x_2_0,x_2_1,x_3_0,x_3_1,x_3_2,x_3_4
6	20	x_2_0,x_2_1,x_3_0,x_3_1,x_3_3,x_3_4
6	-10	x_2_0,x_2_1,x_3_0,x_3_2,x_3_3,x_3_4
6	10	x_2_0,x_2_1,x_3_1,x_3_2,x_3_3,x_3_4
6	-10	x_2_0,x_2_2,x_2_3,x_2_4,x_3_0,x_3_1
6	10	x_2_0,x_2_2,x_2_3,x_2_4,x_3_0,x_3_2
6	10	x_2_0,x_2_2,x_2_3,x_2_4,x_3_1,x_3_2
6	30	x_2_0,x_2_2,x_2_3,x_2_4,x_3_1,x_3_3
6	20	x_2_0,x_2_2,x_2_3,x_2_4,x_3_1,x_3_4
6	10	x_2_0,x_2_2,x_2_3,x_2_4,x_3_2,x_3_3
6	20	x_2_0,x_2_2,x_2_3,x_3_0,x_3_1,x_3_2
6	20	x_2_0,x_2_2,x_2_3,x_3_0,x_3_1,x_3_3
6	20	x_2_0,x_2_2,x_2_3,x_3_0,x_3_2,x_3_3
6	10	x_2_0,x_2_2,x_2_3,x_3_0,x_3_2,x_3_4
6	50	x_2_0,x_2_2,x_2_3,x_3_1,x_3_2,x_3_3
6	10	x_2_0,x_2_2,x_2_3,x_3_1,x_3_2,x_3_4
6	30	x_2_0,x_2_2,x_2_3,x_3_1,x_3_3,x_3_4
6	10	x_2_0,x_2_2,x_2_3,x_3_2,x_3_3,x_3_4
6	-10	x_2_0,x_2_2,x_2_4,x_3_0,x_3_1,x_3_2
6	10	x_2_0,x_2_2,x_2_4,x_3_0,x_3_2,x_3_3
6	30	x_2_0,x_2_2,x_2_4,x_3_1,x_3_2,x_3_3
6	20	x_2_0,x_2_2,x_2_4,x_3_1,x_3_2,x_3_4
6	30	x_2_0,x_2_2,x_2_4,x_3_1,x_3_3,x_3_4
6	10	x_2_0,x_2_2,x_2_4,x_3_2,x_3_3,x_3_4
6	20	x_2_0,x_2_2,x_3_0,x_3_1,x_3_2,x_3_3
6	10	x_2_0,x_2_2,x_3_0,x_3_1,x_3_3,x_3_4
6	10	x_2_0,x_2_2,x_3_0,x_3_2,x_3_3,x_3_4
6	30	x_2_0,x_2_2,x_3_1,x_3_2,x_3_3,x_3_4
6	20	x_2_0,x_2_3,x_2_4,x_3_1,x_3_2,x_3_3
6	20	x_2_0,x_2_3,x_2_4,x_3_1,x_3_2,x_3_4
6	30	x_2_0,x_2_3,x_2_4,x_3_1,x_3_3,x_3_4
6	20	x_2_0,x_2_3,x_3_0,x_3_1,x_3_2,x_3_3
6	10	x_2_0,x_2_3,x_3_0,x_3_1,x_3_2,x_3_4
6	10	x_2_0,x_2_3,x_3_0,x_3_1,x_3_3,x_3_4
6	20	x_2_0,x_2_3,x_3_1,x_3_2,x_3_3,x_3_4
6	-10	x_2_0,x_2_4,x_3_0,x_3_1,x_3_2,x_3_3
6	10	x_2_0,x_2_4,x_3_0,x_3_1,x_3_2,x_3_4
6	10	x_2_0,x_2_4,x_3_0,x_3_1,x_3_3,x_3_4
6	20	x_2_0,x_2_4,x_3_1,x_3_2,x_3_3,x_3_4
6	10	x_2_0,x_3_0,x_3_1,x_3_2,x_3_3,x_3_4
6	10	x_2_1,x_2_2,x_2_3,x_2_4,x_3_0,x_3_1
6	-10	x_2_1,x_2_2,x_2_3,x_2_4,x_3_0,x_3_2
6	-20	x_2_1,x_2_2,x_2_3,x_2_4,x_3_0,x_3_4
6	18	x_2_1,x_2_2,x_2_3,x_2_4,x_3_1,x_3_2
6	48	x_2_1,x_2_2,x_2_3,x_2_4,x_3_1,x_3_3
6	18	x_2_1,x_2_2,x_2_3,x_2_4,x_3_1,x_3_4
6	18	x_2_1,x_2_2,x_2_3,x_2_4,x_3_2,x_3_3
6	-24	x_2_1,x_2_2,x_2_3,x_2_4,x_3_2,x_3_4
6	-14	x_2_1,x_2_2,x_2_3,x_2_4,x_3_3,x_3_4
6	10	x_2_1,x_2_2,x_2_3,x_3_0,x_3_1,x_3_2
6	40	x_2_1,x_2_2,x_2_3,x_3_0,x_3_1,x_3_3
6	10	x_2_1,x_2_2,x_2_3,x_3_0,x_3_2,x_3_3
6	-30	x_2_1,x_2_2,x_2_3,x_3_0,x_3_2,x_3_4
6	-20	x_2_1,x_2_2,x_2_3,x_3_0,x_3_3,x_3_4
6	86	x_2_1,x_2_2,x_2_3,x_3_1,x_3_2,x_3_3
6	8	x_2_1,x_2_2,x_2_3,x_3_1,x_3_2,x_3_4
6	38	x_2_1,x_2_2,x_2_3,x_3_1,x_3_3,x_3_4
6	-2	x_2_1,x_2_2,x_2_3,x_3_2,x_3_3,x_3_4
6	10	x_2_1,x_2_2,x_2_4,x_3_0,x_3_1,x_3_2
6	30	x_2_1,x_2_2,x_2_4,x_3_0,x_3_1,x_3_3
6	20	x_2_1,x_2_2,x_2_4,x_3_0,x_3_1,x_3_4
6	10	x_2_1,x_2_2,x_2_4,x_3_0,x_3_2,x_3_3
6	-20	x_2_1,x_2_2,x_2_4,x_3_0,x_3_2,x_3_4
6	-10	x_2_1,x_2_2,x_2_4,x_3_0,x_3_3,x_3_4
6	48	x_2_1,x_2_2,x_2_4,x_3_1,x_3_2,x_3_3
6	32	x_2_1,x_2_2,x_2_4,x_3_1,x_3_2,x_3_4
6	48	x_2_1,x_2_2,x_2_4,x_3_1,x_3_3,x_3_4
6	6	x_2_1,x_2_2,x_2_4,x_3_2,x_3_3,x_3_4
6	40	x_2_1,x_2_2,x_3_0,x_3_1,x_3_2,x_3_3
6	10	x_2_1,x_2_2,x_3_0,x_3_1,x_3_2,x_3_4
6	30	x_2_1,x_2_2,x_3_0,x_3_1,x_3_3,x_3_4
6	48	x_2_1,x_2_2,x_3_1,x_3_2,x_3_3,x_3_4
6	10	x_2_1,x_2_3,x_2_4,x_3_0,x_3_1,x_3_2
6	20	x_2_1,x_2_3,x_2_4,x_3_0,x_3_1,x_3_3
6	20	x_2_1,x_2_3,x_2_4,x_3_0,x_3_1,x_3_4
6	-10	x_2_1,x_2_3,x_2_4,x_3_0,x_3_2,x_3_3
6	-20	x_2_1,x_2_3,x_2_4,x_3_0,x_3_2,x_3_4
6	-20	x_2_1,x_2_3,x_2_4,x_3_0,x_3_3,x_3_4
6	38	x_2_1,x_2_3,x_2_4,x_3_1,x_3_2,x_3_3
6	28	x_2_1,x_2_3,x_2_4,x_3_1,x_3_2,x_3_4
6	42	x_2_1,x_2_3,x_2_4,x_3_1,x_3_3,x_3_4
6	-14	x_2_1,x_2_3,x_2_4,x_3_2,x_3_3,x_3_4
6	30	x_2_1,x_2_3,x_3_0,x_3_1,x_3_2,x_3_3
6	10	x_2_1,x_2_3,x_3_0,x_3_1,x_3_2,x_3_4
6	20	x_2_1,x_2_3,x_3_0,x_3_1,x_3_3,x_3_4
6	-20	x_2_1,x_2_3,x_3_0,x_3_2,x_3_3,x_3_4
6	38	x_2_1,x_2_3,x_3_1,x_3_2,x_3_3,x_3_4
6	10	x_2_1,x_2_4,x_3_0,x_3_1,x_3_2,x_3_3
6	20	x_2_1,x_2_4,x_3_0,x_3_1,x_3_2,x_3_4
6	20	x_2_1,x_2_4,x_3_0,x_3_1,x_3_3,x_3_4
6	-20	x_2_1,x_2_4,x_3_0,x_3_2,x_3_3,x_3_4
6	28	x_2_1,x_2_4,x_3_1,x_3_2,x_3_3,x_3_4
6	10	x_2_1,x_3_0,x_3_1,x_3_2,x_3_3,x_3_4
6	10	x_2_2,x_2_3,x_2_4,x_3_0,x_3_1,x_3_2
6	30	x_2_2,x_2_3,x_2_4,x_3_0,x_3_1,x_3_3
6	20	x_2_2,x_2_3,x_2_4,x_3_0,x_3_1,x_3_4
6	10	x_2_2,x_2_3,x_2_4,x_3_0,x_3_2,x_3_3
6	58	x_2_2,x_2_3,x_2_4,x_3_1,x_3_2,x_3_3
6	26	x_2_2,x_2_3,x_2_4,x_3_1,x_3_2,x_3_4
6	46	x_2_2,x_2_3,x_2_4,x_3_1,x_3_3,x_3_4
6	20	x_2_2,x_2_3,x_2_4,x_3_2,x_3_3,x_3_4
6	50	x_2_2,x_2_3,x_3_0,x_3_1,x_3_2,x_3_3
6	10	x_2_2,x_2_3,x_3_0,x_3_1,x_3_2,x_3_4
6	30	x_2_2,x_2_3,x_3_0,x_3_1,x_3_3,x_3_4
6	10	x_2_2,x_2_3,x_3_0,x_3_2,x_3_3,x_3_4
6	58	x_2_2,x_2_3,x_3_1,x_3_2,x_3_3,x_3_4
6	30	x_2_2,x_2_4,x_3_0,x_3_1,x_3_2,x_3_3
6	20	x_2_2,x_2_4,x_3_0,x_3_1,x_3_2,x_3_4
6	30	x_2_2,x_2_4,x_3_0,x_3_1,x_3_3,x_3_4
6	10	x_2_2,x_2_4,x_3_0,x_3_2,x_3_3,x_3_4
6	46	x_2_2,x_2_4,x_3_1,x_3_2,x_3_3,x_3_4
6	30	x_2_2,x_3_0,x_3_1,x_3_2,x_3_3,x_3_4
6	20	x_2_3,x_2_4,x_3_0,x_3_1,x_3_2,x_3_3
6	20	x_2_3,x_2_4,x_3_0,x_3_1,x_3_2,x_3_4
6	30	x_2_3,x_2_4,x_3_0,x_3_1,x_3_3,x_3_4
6	36	x_2_3,x_2_4,x_3_1,x_3_2,x_3_3,x_3_4
6	20	x_2_3,x_3_0,x_3_1,x_3_2,x_3_3,x_3_4
6	20	x_2_4,x_3_0,x_3_1,x_3_2,x_3_3,x_3_4
7	-20	x_0_0,x_0_1,x_0_2,x_0_3,x_0_4,x_1_0,x_1_1
7	-20	x_0_0,x_0_1,x_0_2,x_0_3,x_0_4,x_1_0,x_1_2
7	-20	x_0_0,x_0_1,x_0_2,x_0_3,x_0_4,x_1_0,x_1_3
7	-10	x_0_0,x_0_1,x_0_2,x_0_3,x_0_4,x_1_1,x_1_2
7	-40	x_0_0,x_0_1,x_0_2,x_0_3,x_0_4,x_1_1,x_1_3
7	-10	x_0_0,x_0_1,x_0_2,x_0_3,x_0_4,x_1_1,x_1_4
7	-10	x_0_0,x_0_1,x_0_2,x_0_3,x_0_4,x_1_2,x_1_3
7	30	x_0_0,x_0_1,x_0_2,x_0_3,x_0_4,x_1_2,x_1_4
7	20	x_0_0,x_0_1,x_0_2,x_0_3,x_0_4,x_1_3,x_1_4
7	-50	x_0_0,x_0_1,x_0_2,x_0_3,x_1_0,x_1_1,x_1_2
7	-70	x_0_0,x_0_1,x_0_2,x_0_3,x_1_0,x_1_1,x_1_3
7	-10	x_0_0,x_0_1,x_0_2,x_0_3,x_1_0,x_1_1,x_1_4
7	-60	x_0_0,x_0_1,x_0_2,x_0_3,x_1_0,x_1_2,x_1_3
7	-70	x_0_0,x_0_1,x_0_2,x_0_3,x_1_1,x_1_2,x_1_3
7	-30	x_0_0,x_0_1,x_0_2,x_0_3,x_1_1,x_1_3,x_1_4
7	10	x_0_0,x_0_1,x_0_2,x_0_3,x_1_2,x_1_3,x_1_4
7	-20	x_0_0,x_0_1,x_0_2,x_0_4,x_1_0,x_1_1,x_1_2
7	-40	x_0_0,x_0_1,x_0_2,x_0_4,x_1_0,x_1_1,x_1_3
7	-40	x_0_0,x_0_1,x_0_2,x_0_4,x_1_0,x_1_1,x_1_4
7	-20	x_0_0,x_0_1,x_0_2,x_0_4,x_1_0,x_1_2,x_1_3
7	-10	x_0_0,x_0_1,x_0_2,x_0_4,x_1_0,x_1_3,x_1_4
7	-40	x_0_0,x_0_1,x_0_2,x_0_4,x_1_1,x_1_2,x_1_3
7	-20	x_0_0,x_0_1,x_0_2,x_0_4,x_1_1,x_1_2,x_1_4
7	-40	x_0_0,x_0_1,x_0_2,x_0_4,x_1_1,x_1_3,x_1_4
7	-50	x_0_0,x_0_1,x_0_2,x_1_0,x_1_1,x_1_2,x_1_3
7	-20	x_0_0,x_0_1,x_0_2,x_1_0,x_1_1,x_1_2,x_1_4
7	-40	x_0_0,x_0_1,x_0_2,x_1_0,x_1_1,x_1_3,x_1_4
7	-10	x_0_0,x_0_1,x_0_2,x_1_0,x_1_2,x_1_3,x_1_4
7	-40	x_0_0,x_0_1,x_0_2,x_1_1,x_1_2,x_1_3,x_1_4
7	-40	x_0_0,x_0_1,x_0_3,x_0_4,x_1_0,x_1_1,x_1_2
7	-40	x_0_0,x_0_1,x_0_3,x_0_4,x_1_0,x_1_1,x_1_3
7	-40	x_0_0,x_0_1,x_0_3,x_0_4,x_1_0,x_1_1,x_1_4
7	-20	x_0_0,x_0_1,x_0_3,x_0_4,x_1_0,x_1_2,x_1_3
7	-10	x_0_0,x_0_1,x_0_3,x_0_4,x_1_0,x_1_2,x_1_4
7	-10	x_0_0,x_0_1,x_0_3,x_0_4,x_1_0,x_1_3,x_1_4
7	-30	x_0_0,x_0_1,x_0_3,x_0_4,x_1_1,x_1_2,x_1_3
7	-20	x_0_0,x_0_1,x_0_3,x_0_4,x_1_1,x_1_2,x_1_4
7	-30	x_0_0,x_0_1,x_0_3,x_0_4,x_1_1,x_1_3,x_1_4
7	20	x_0_0,x_0_1,x_0_3,x_0_4,x_1_2,x_1_3,x_1_4
7	-70	x_0_0,x_0_1,x_0_3,x_1_0,x_1_1,x_1_2,x_1_3
7	-40	x_0_0,x_0_1,x_0_3,x_1_0,x_1_1,x_1_2,x_1_4
7	-40	x_0_0,x_0_1,x_0_3,x_1_0,x_1_1,x_1_3,x_1_4
7	-10	x_0_0,x_0_1,x_0_3,x_1_0,x_1_2,x_1_3,x_1_4
7	-30	x_0_0,x_0_1,x_0_3,x_1_1,x_1_2,x_1_3,x_1_4
7	-10	x_0_0,x_0_1,x_0_4,x_1_0,x_1_1,x_1_2,x_1_3
7	-40	x_0_0,x_0_1,x_0_4,x_1_0,x_1_1,x_1_2,x_1_4
7	-40	x_0_0,x_0_1,x_0_4,x_1_0,x_1_1,x_1_3,x_1_4
7	-20	x_0_0,x_0_1,x_0_4,x_1_1,x_1_2,x_1_3,x_1_4
7	-20	x_0_0,x_0_1,x_1_0,x_1_1,x_1_2,x_1_3,x_1_4
7	-10	x_0_0,x_0_2,x_0_3,x_0_4,x_1_0,x_1_1,x_1_2
7	-10	x_0_0,x_0_2,x_0_3,x_0_4,x_1_0,x_1_1,x_1_3
7	-20	x_0_0,x_0_2,x_0_3,x_0_4,x_1_0,x_1_2,x_1_3
7	-10	x_0_0,x_0_2,x_0_3,x_0_4,x_1_0,x_1_2,x_1_4
7	-50	x_0_0,x_0_2,x_0_3,x_0_4,x_1_1,x_1_2,x_1_3
7	-20	x_0_0,x_0_2,x_0_3,x_0_4,x_1_1,x_1_2,x_1_4
7	-40	x_0_0,x_0_2,x_0_3,x_0_4,x_1_1,x_1_3,x_1_4
7	-10	x_0_0,x_0_2,x_0_3,x_0_4,x_1_2,x_1_3,x_1_4
7	-60	x_0_0,x_0_2,x_0_3,x_1_0,x_1_1,x_1_2,x_1_3
7	-20	x_0_0,x_0_2,x_0_3,x_1_0,x_1_1,x_1_2,x_1_4
7	-20	x_0_0,x_0_2,x_0_3,x_1_0,x_1_1,x_1_3,x_1_4
7	-20	x_0_0,x_0_2,x_0_3,x_1_0,x_1_2,x_1_3,x_1_4
7	-50	x_0_0,x_0_2,x_0_3,x_1_1,x_1_2,x_1_3,x_1_4
7	-10	x_0_0,x_0_2,x_0_4,x_1_0,x_1_1,x_1_3,x_1_4
7	-10	x_0_0,x_0_2,x_0_4,x_1_0,x_1_2,x_1_3,x_1_4
7	-40	x_0_0,x_0_2,x_0_4,x_1_1,x_1_2,x_1_3,x_1_4
7	-20	x_0_0,x_0_2,x_1_0,x_1_1,x_1_2,x_1_3,x_1_4
7	-10	x_0_0,x_0_3,x_0_4,x_1_0,x_1_1,x_1_2,x_1_4
7	-10	x_0_0,x_0_3,x_0_4,x_1_0,x_1_1,x_1_3,x_1_4
7	-30	x_0_0,x_0_3,x_0_4,x_1_1,x_1_2,x_1_3,x_1_4
7	-20	x_0_0,x_0_3,x_1_0,x_1_1,x_1_2,x_1_3,x_1_4
7	-10	x_0_1,x_0_2,x_0_3,x_0_4,x_1_0,x_1_1,x_1_2
7	-40	x_0_1,x_0_2,x_0_3,x_0_4,x_1_0,x_1_1,x_1_3
7	-10	x_0_1,x_0_2,x_0_3,x_0_4,x_1_0,x_1_1,x_1_4
7	-10	x_0_1,x_0_2,x_0_3,x_0_4,x_1_0,x_1_2,x_1_3
7	30	x_0_1,x_0_2,x_0_3,x_0_4,x_1_0,x_1_2,x_1_4
7	20	x_0_1,x_0_2,x_0_3,x_0_4,x_1_0,x_1_3,x_1_4
7	-86	x_0_1,x_0_2,x_0_3,x_0_4,x_1_1,x_1_2,x_1_3
7	-22	x_0_1,x_0_2,x_0_3,x_0_4,x_1_1,x_1_2,x_1_4
7	-52	x_0_1,x_0_2,x_0_3,x_0_4,x_1_1,x_1_3,x_1_4
7	-16	x_0_1,x_0_2,x_0_3,x_0_4,x_2_1,x_2_2,x_2_3
7	-12	x_0_1,x_0_2,x_0_3,x_0_4,x_2_1,x_2_2,x_2_4
7	-12	x_0_1,x_0_2,x_0_3,x_0_4,x_2_1,x_2_3,x_2_4
7	-10	x_0_1,x_0_2,x_0_3,x_0_4,x_2_2,x_2_3,x_2_4
7	-16	x_0_1,x_0_2,x_0_3,x_0_4,x_3_1,x_3_2,x_3_3
7	-12	x_0_1,x_0_2,x_0_3,x_0_4,x_3_1,x_3_2,x_3_4
7	-12	x_0_1,x_0_2,x_0_3,x_0_4,x_3_1,x_3_3,x_3_4
7	-10	x_0_1,x_0_2,x_0_3,x_0_4,x_3_2,x_3_3,x_3_4
7	-70	x_0_1,x_0_2,x_0_3,x_1_0,x_1_1,x_1_2,x_1_3
7	-30	x_0_1,x_0_2,x_0_3,x_1_0,x_1_1,x_1_3,x_1_4
7	10	x_0_1,x_0_2,x_0_3,x_1_0,x_1_2,x_1_3,x_1_4
7	-76	x_0_1,x_0_2,x_0_3,x_1_1,x_1_2,x_1_3,x_1_4
7	-16	x_0_1,x_0_2,x_0_3,x_2_1,x_2_2,x_2_3,x_2_4
7	-16	x_0_1,x_0_2,x_0_3,x_3_1,x_3_2,x_3_3,x_3_4
7	-40	x_0_1,x_0_2,x_0_4,x_1_0,x_1_1,x_1_2,x_1_3
7	-20	x_0_1,x_0_2,x_0_4,x_1_0,x_1_1,x_1_2,x_1_4
7	-40	x_0_1,x_0_2,x_0_4,x_1_0,x_1_1,x_1_3,x_1_4
7	-62	x_0_1,x_0_2,x_0_4,x_1_1,x_1_2,x_1_3,x_1_4
7	-12	x_0_1,x_0_2,x_0_4,x_2_1,x_2_2,x_2_3,x_2_4
7	-12	x_0_1,x_0_2,x_0_4,x_3_1,x_3_2,x_3_3,x_3_4
7	-40	x_0_1,x_0_2,x_1_0,x_1_1,x_1_2,x_1_3,x_1_4
7	-30	x_0_1,x_0_3,x_0_4,x_1_0,x_1_1,x_1_2,x_1_3
7	-20	x_0_1,x_0_3,x_0_4,x_1_0,x_1_1,x_1_2,x_1_4
7	-30	x_0_1,x_0_3,x_0_4,x_1_0,x_1_1,x_1_3,x_1_4
7	20	x_0_1,x_0_3,x_0_4,x_1_0,x_1_2,x_1_3,x_1_4
7	-52	x_0_1,x_0_3,x_0_4,x_1_1,x_1_2,x_1_3,x_1_4
7	-12	x_0_1,x_0_3,x_0_4,x_2_1,x_2_2,x_2_3,x_2_4
7	-12	x_0_1,x_0_3,x_0_4,x_3_1,x_3_2,x_3_3,x_3_4
7	-30	x_0_1,x_0_3,x_1_0,x_1_1,x_1_2,x_1_3,x_1_4
7	-20	x_0_1,x_0_4,x_1_0,x_1_1,x_1_2,x_1_3,x_1_4
7	-50	x_0_2,x_0_3,x_0_4,x_1_0,x_1_1,x_1_2,x_1_3
7	-20	x_0_2,x_0_3,x_0_4,x_1_0,x_1_1,x_1_2,x_1_4
7	-40	x_0_2,x_0_3,x_0_4,x_1_0,x_1_1,x_1_3,x_1_4
7	-10	x_0_2,x_0_3,x_0_4,x_1_0,x_1_2,x_1_3,x_1_4
7	-70	x_0_2,x_0_3,x_0_4,x_1_1,x_1_2,x_1_3,x_1_4
7	-10	x_0_2,x_0_3,x_0_4,x_2_1,x_2_2,x_2_3,x_2_4
7	-10	x_0_2,x_0_3,x_0_4,x_3_1,x_3_2,x_3_3,x_3_4
7	-50	x_0_2,x_0_3,x_1_0,x_1_1,x_1_2,x_1_3,x_1_4
7	-40	x_0_2,x_0_4,x_1_0,x_1_1,x_1_2,x_1_3,x_1_4
7	-30	x_0_3,x_0_4,x_1_0,x_1_1,x_1_2,x_1_3,x_1_4
7	-20	x_1_0,x_1_1,x_1_2,x_1_3,x_1_4,x_2_0,x_2_1
7	-20	x_1_0,x_1_1,x_1_2,x_1_3,x_1_4,x_2_0,x_2_2
7	-20	x_1_0,x_1_1,x_1_2,x_1_3,x_1_4,x_2_0,x_2_3
7	-10	x_1_0,x_1_1,x_1_2,x_1_3,x_1_4,x_2_1,x_2_2
7	-40	x_1_0,x_1_1,x_1_2,x_1_3,x_1_4,x_2_1,x_2_3
7	-10	x_1_0,x_1_1,x_1_2,x_1_3,x_1_4,x_2_1,x_2_4
7	-10	x_1_0,x_1_1,x_1_2,x_1_3,x_1_4,x_2_2,x_2_3
7	30	x_1_0,x_1_1,x_1_2,x_1_3,x_1_4,x_2_2,x_2_4
7	20	x_1_0,x_1_1,x_1_2,x_1_3,x_1_4,x_2_3,x_2_4
7	-50	x_1_0,x_1_1,x_1_2,x_1_3,x_2_0,x_2_1,x_2_2
7	-70	x_1_0,x_1_1,x_1_2,x_1_3,x_2_0,x_2_1,x_2_3
7	-10	x_1_0,x_1_1,x_1_2,x_1_3,x_2_0,x_2_1,x_2_4
7	-60	x_1_0,x_1_1,x_1_2,x_1_3,x_2_0,x_2_2,x_2_3
7	-70	x_1_0,x_1_1,x_1_2,x_1_3,x_2_1,x_2_2,x_2_3
7	-30	x_1_0,x_1_1,x_1_2,x_1_3,x_2_1,x_2_3,x_2_4
7	10	x_1_0,x_1_1,x_1_2,x_1_3,x_2_2,x_2_3,x_2_4
7	-20	x_1_0,x_1_1,x_1_2,x_1_4,x_2_0,x_2_1,x_2_2
7	-40	x_1_0,x_1_1,x_1_2,x_1_4,x_2_0,x_2_1,x_2_3
7	-40	x_1_0,x_1_1,x_1_2,x_1_4,x_2_0,x_2_1,x_2_4
7	-20	x_1_0,x_1_1,x_1_2,x_1_4,x_2_0,x_2_2,x_2_3
7	-10	x_1_0,x_1_1,x_1_2,x_1_4,x_2_0,x_2_3,x_2_4
7	-40	x_1_0,x_1_1,x_1_2,x_1_4,x_2_1,x_2_2,x_2_3
7	-20	x_1_0,x_1_1,x_1_2,x_1_4,x_2_1,x_2_2,x_2_4
7	-40	x_1_0,x_1_1,x_1_2,x_1_4,x_2_1,x_2_3,x_2_4
7	-50	x_1_0,x_1_1,x_1_2,x_2_0,x_2_1,x_2_2,x_2_3
7	-20	x_1_0,x_1_1,x_1_2,x_2_0,x_2_1,x_2_2,x_2_4
7	-40	x_1_0,x_1_1,x_1_2,x_2_0,x_2_1,x_2_3,x_2_4
7	-10	x_1_0,x_1_1,x_1_2,x_2_0,x_2_2,x_2_3,x_2_4
7	-40	x_1_0,x_1_1,x_1_2,x_2_1,x_2_2,x_2_3,x_2_4
7	-40	x_1_0,x_1_1,x_1_3,x_1_4,x_2_0,x_2_1,x_2_2
7	-40	x_1_0,x_1_1,x_1_3,x_1_4,x_2_0,x_2_1,x_2_3
7	-40	x_1_0,x_1_1,x_1_3,x_1_4,x_2_0,x_2_1,x_2_4
7	-20	x_1_0,x_1_1,x_1_3,x_1_4,x_2_0,x_2_2,x_2_3
7	-10	x_1_0,x_1_1,x_1_3,x_1_4,x_2_0,x_2_2,x_2_4
7	-10	x_1_0,x_1_1,x_1_3,x_1_4,x_2_0,x_2_3,x_2_4
7	-30	x_1_0,x_1_1,x_1_3,x_1_4,x_2_1,x_2_2,x_2_3
7	-20	x_1_0,x_1_1,x_1_3,x_1_4,x_2_1,x_2_2,x_2_4
7	-30	x_1_0,x_1_1,x_1_3,x_1_4,x_2_1,x_2_3,x_2_4
7	20	x_1_0,x_1_1,x_1_3,x_1_4,x_2_2,x_2_3,x_2_4
7	-70	x_1_0,x_1_1,x_1_3,x_2_0,x_2_1,x_2_2,x_2_3
7	-40	x_1_0,x_1_1,x_1_3,x_2_0,x_2_1,x_2_2,x_2_4
7	-40	x_1_0,x_1_1,x_1_3,x_2_0,x_2_1,x_2_3,x_2_4
7	-10	x_1_0,x_1_1,x_1_3,x_2_0,x_2_2,x_2_3,x_2_4
7	-30	x_1_0,x_1_1,x_1_3,x_2_1,x_2_2,x_2_3,x_2_4
7	-10	x_1_0,x_1_1,x_1_4,x_2_0,x_2_1,x_2_2,x_2_3
7	-40	x_1_0,x_1_1,x_1_4,x_2_0,x_2_1,x_2_2,x_2_4
7	-40	x_1_0,x_1_1,x_1_4,x_2_0,x_2_1,x_2_3,x_2_4
7	-20	x_1_0,x_1_1,x_1_4,x_2_1,x_2_2,x_2_3,x_2_4
7	-20	x_1_0,x_1_1,x_2_0,x_2_1,x_2_2,x_2_3,x_2_4
7	-10	x_1_0,x_1_2,x_1_3,x_1_4,x_2_0,x_2_1,x_2_2
7	-10	x_1_0,x_1_2,x_1_3,x_1_4,x_2_0,x_2_1,x_2_3
7	-20	x_1_0,x_1_2,x_1_3,x_1_4,x_2_0,x_2_2,x_2_3
7	-10	x_1_0,x_1_2,x_1_3,x_1_4,x_2_0,x_2_2,x_2_4
7	-50	x_1_0,x_1_2,x_1_3,x_1_4,x_2_1,x_2_2,x_2_3
7	-20	x_1_0,x_1_2,x_1_3,x_1_4,x_2_1,x_2_2,x_2_4
7	-40	x_1_0,x_1_2,x_1_3,x_1_4,x_2_1,x_2_3,x_2_4
7	-10	x_1_0,x_1_2,x_1_3,x_1_4,x_2_2,x_2_3,x_2_4
7	-60	x_1_0,x_1_2,x_1_3,x_2_0,x_2_1,x_2_2,x_2_3
7	-20	x_1_0,x_1_2,x_1_3,x_2_0,x_2_1,x_2_2,x_2_4
7	-20	x_1_0,x_1_2,x_1_3,x_2_0,x_2_1,x_2_3,x_2_4
7	-20	x_1_0,x_1_2,x_1_3,x_2_0,x_2_2,x_2_3,x_2_4
7	-50	x_1_0,x_1_2,x_1_3,x_2_1,x_2_2,x_2_3,x_2_4
7	-10	x_1_0,x_1_2,x_1_4,x_2_0,x_2_1,x_2_3,x_2_4
7	-10	x_1_0,x_1_2,x_1_4,x_2_0,x_2_2,x_2_3,x_2_4
7	-40	x_1_0,x_1_2,x_1_4,x_2_1,x_2_2,x_2_3,x_2_4
7	-20	x_1_0,x_1_2,x_2_0,x_2_1,x_2_2,x_2_3,x_2_4
7	-10	x_1_0,x_1_3,x_1_4,x_2_0,x_2_1,x_2_2,x_2_4
7	-10	x_1_0,x_1_3,x_1_4,x_2_0,x_2_1,x_2_3,x_2_4
7	-30	x_1_0,x_1_3,x_1_4,x_2_1,x_2_2,x_2_3,x_2_4
7	-20	x_1_0,x_1_3,x_2_0,x_2_1,x_2_2,x_2_3,x_2_4
7	-10	x_1_1,x_1_2,x_1_3,x_1_4,x_2_0,x_2_1,x_2_2
7	-40	x_1_1,x_1_2,x_1_3,x_1_4,x_2_0,x_2_1,x_2_3
7	-10	x_1_1,x_1_2,x_1_3,x_1_4,x_2_0,x_2_1,x_2_4
7	-10	x_1_1,x_1_2,x_1_3,x_1_4,x_2_0,x_2_2,x_2_3
7	30	x_1_1,x_1_2,x_1_3,x_1_4,x_2_0,x_2_2,x_2_4
7	20	x_1_1,x_1_2,x_1_3,x_1_4,x_2_0,x_2_3,x_2_4
7	-86	x_1_1,x_1_2,x_1_3,x_1_4,x_2_1,x_2_2,x_2_3
7	-22	x_1_1,x_1_2,x_1_3,x_1_4,x_2_1,x_2_2,x_2_4
7	-52	x_1_1,x_1_2,x_1_3,x_1_4,x_2_1,x_2_3,x_2_4
7	-16	x_1_1,x_1_2,x_1_3,x_1_4,x_3_1,x_3_2,x_3_3
7	-12	x_1_1,x_1_2,x_1_3,x_1_4,x_3_1,x_3_2,x_3_4
7	-12	x_1_1,x_1_2,x_1_3,x_1_4,x_3_1,x_3_3,x_3_4
7	-10	x_1_1,x_1_2,x_1_3,x_1_4,x_3_2,x_3_3,x_3_4
7	-70	x_1_1,x_1_2,x_1_3,x_2_0,x_2_1,x_2_2,x_2_3
7	-30	x_1_1,x_1_2,x_1_3,x_2_0,x_2_1,x_2_3,x_2_4
7	10	x_1_1,x_1_2,x_1_3,x_2_0,x_2_2,x_2_3,x_2_4
7	-76	x_1_1,x_1_2,x_1_3,x_2_1,x_2_2,x_2_3,x_2_4
7	-16	x_1_1,x_1_2,x_1_3,x_3_1,x_3_2,x_3_3,x_3_4
7	-40	x_1_1,x_1_2,x_1_4,x_2_0,x_2_1,x_2_2,x_2_3
7	-20	x_1_1,x_1_2,x_1_4,x_2_0,x_2_1,x_2_2,x_2_4
7	-40	x_1_1,x_1_2,x_1_4,x_2_0,x_2_1,x_2_3,x_2_4
7	-62	x_1_1,x_1_2,x_1_4,x_2_1,x_2_2,x_2_3,x_2_4
7	-12	x_1_1,x_1_2,x_1_4,x_3_1,x_3_2,x_3_3,x_3_4
7	-40	x_1_1,x_1_2,x_2_0,x_2_1,x_2_2,x_2_3,x_2_4
7	-30	x_1_1,x_1_3,x_1_4,x_2_0,x_2_1,x_2_2,x_2_3
7	-20	x_1_1,x_1_3,x_1_4,x_2_0,x_2_1,x_2_2,x_2_4
7	-30	x_1_1,x_1_3,x_1_4,x_2_0,x_2_1,x_2_3,x_2_4
7	20	x_1_1,x_1_3,x_1_4,x_2_0,x_2_2,x_2_3,x_2_4
7	-52	x_1_1,x_1_3,x_1_4,x_2_1,x_2_2,x_2_3,x_2_4
7	-12	x_1_1,x_1_3,x_1_4,x_3_1,x_3_2,x_3_3,x_3_4
7	-30	x_1_1,x_1_3,x_2_0,x_2_1,x_2_2,x_2_3,x_2_4
7	-20	x_1_1,x_1_4,x_2_0,x_2_1,x_2_2,x_2_3,x_2_4
7	-50	x_1_2,x_1_3,x_1_4,x_2_0,x_2_1,x_2_2,x_2_3
7	-20	x_1_2,x_1_3,x_1_4,x_2_0,x_2_1,x_2_2,x_2_4
7	-40	x_1_2,x_1_3,x_1_4,x_2_0,x_2_1,x_2_3,x_2_4
7	-10	x_1_2,x_1_3,x_1_4,x_2_0,x_2_2,x_2_3,x_2_4
7	-70	x_1_2,x_1_3,x_1_4,x_2_1,x_2_2,x_2_3,x_2_4
7	-10	x_1_2,x_1_3,x_1_4,x_3_1,x_3_2,x_3_3,x_3_4
7	-50	x_1_2,x_1_3,x_2_0,x_2_1,x_2_2,x_2_3,x_2_4
7	-40	x_1_2,x_1_4,x_2_0,x_2_1,x_2_2,x_2_3,x_2_4
7	-30	x_1_3,x_1_4,x_2_0,x_2_1,x_2_2,x_2_3,x_2_4
7	-20	x_2_0,x_2_1,x_2_2,x_2_3,x_2_4,x_3_0,x_3_1
7	-20	x_2_0,x_2_1,x_2_2,x_2_3,x_2_4,x_3_0,x_3_2
7	-20	x_2_0,x_2_1,x_2_2,x_2_3,x_2_4,x_3_0,x_3_3
7	-10	x_2_0,x_2_1,x_2_2,x_2_3,x_2_4,x_3_1,x_3_2
7	-40	x_2_0,x_2_1,x_2_2,x_2_3,x_2_4,x_3_1,x_3_3
7	-10	x_2_0,x_2_1,x_2_2,x_2_3,x_2_4,x_3_1,x_3_4
7	-10	x_2_0,x_2_1,x_2_2,x_2_3,x_2_4,x_3_2,x_3_3
7	30	x_2_0,x_2_1,x_2_2,x_2_3,x_2_4,x_3_2,x_3_4
7	20	x_2_0,x_2_1,x_2_2,x_2_3,x_2_4,x_3_3,x_3_4
7	-50	x_2_0,x_2_1,x_2_2,x_2_3,x_3_0,x_3_1,x_3_2
7	-70	x_2_0,x_2_1,x_2_2,x_2_3,x_3_0,x_3_1,x_3_3
7	-10	x_2_0,x_2_1,x_2_2,x_2_3,x_3_0,x_3_1,x_3_4
7	-60	x_2_0,x_2_1,x_2_2,x_2_3,x_3_0,x_3_2,x_3_3
7	-70	x_2_0,x_2_1,x_2_2,x_2_3,x_3_1,x_3_2,x_3_3
7	-30	x_2_0,x_2_1,x_2_2,x_2_3,x_3_1,x_3_3,x_3_4
7	10	x_2_0,x_2_1,x_2_2,x_2_3,x_3_2,x_3_3,x_3_4
7	-20	x_2_0,x_2_1,x_2_2,x_2_4,x_3_0,x_3_1,x_3_2
7	-40	x_2_0,x_2_1,x_2_2,x_2_4,x_3_0,x_3_1,x_3_3
7	-40	x_2_0,x_2_1,x_2_2,x_2_4,x_3_0,x_3_1,x_3_4
7	-20	x_2_0,x_2_1,x_2_2,x_2_4,x_3_0,x_3_2,x_3_3
7	-10	x_2_0,x_2_1,x_2_2,x_2_4,x_3_0,x_3_3,x_3_4
7	-40	x_2_0,x_2_1,x_2_2,x_2_4,x_3_1,x_3_2,x_3_3
7	-20	x_2_0,x_2_1,x_2_2,x_2_4,x_3_1,x_3_2,x_3_4
7	-40	x_2_0,x_2_1,x_2_2,x_2_4,x_3_1,x_3_3,x_3_4
7	-50	x_2_0,x_2_1,x_2_2,x_3_0,x_3_1,x_3_2,x_3_3
7	-20	x_2_0,x_2_1,x_2_2,x_3_0,x_3_1,x_3_2,x_3_4
7	-40	x_2_0,x_2_1,x_2_2,x_3_0,x_3_1,x_3_3,x_3_4
7	-10	x_2_0,x_2_1,x_2_2,x_3_0,x_3_2,x_3_3,x_3_4
7	-40	x_2_0,x_2_1,x_2_2,x_3_1,x_3_2,x_3_3,x_3_4
7	-40	x_2_0,x_2_1,x_2_3,x_2_4,x_3_0,x_3_1,x_3_2
7	-40	x_2_0,x_2_1,x_2_3,x_2_4,x_3_0,x_3_1,x_3_3
7	-40	x_2_0,x_2_1,x_2_3,x_2_4,x_3_0,x_3_1,x_3_4
7	-20	x_2_0,x_2_1,x_2_3,x_2_4,x_3_0,x_3_2,x_3_3
7	-10	x_2_0,x_2_1,x_2_3,x_2_4,x_3_0,x_3_2,x_3_4
7	-10	x_2_0,x_2_1,x_2_3,x_2_4,x_3_0,x_3_3,x_3_4
7	-30	x_2_0,x_2_1,x_2_3,x_2_4,x_3_1,x_3_2,x_3_3
7	-20	x_2_0,x_2_1,x_2_3,x_2_4,x_3_1,x_3_2,x_3_4
7	-30	x_2_0,x_2_1,x_2_3,x_2_4,x_3_1,x_3_3,x_3_4
7	20	x_2_0,x_2_1,x_2_3,x_2_4,x_3_2,x_3_3,x_3_4
7	-70	x_2_0,x_2_1,x_2_3,x_3_0,x_3_1,x_3_2,x_3_3
7	-40	x_2_0,x_2_1,x_2_3,x_3_0,x_3_1,x_3_2,x_3_4
7	-40	x_2_0,x_2_1,x_2_3,x_3_0,x_3_1,x_3_3,x_3_4
7	-10	x_2_0,x_2_1,x_2_3,x_3_0,x_3_2,x_3_3,x_3_4
7	-30	x_2_0,x_2_1,x_2_3,x_3_1,x_3_2,x_3_3,x_3_4
7	-10	x_2_0,x_2_1,x_2_4,x_3_0,x_3_1,x_3_2,x_3_3
7	-40	x_2_0,x_2_1,x_2_4,x_3_0,x_3_1,x_3_2,x_3_4
7	-40	x_2_0,x_2_1,x_2_4,x_3_0,x_3_1,x_3_3,x_3_4
7	-20	x_2_0,x_2_1,x_2_4,x_3_1,x_3_2,x_3_3,x_3_4
7	-20	x_2_0,x_2_1,x_3_0,x_3_1,x_3_2,x_3_3,x_3_4
7	-10	x_2_0,x_2_2,x_2_3,x_2_4,x_3_0,x_3_1,x_3_2
7	-10	x_2_0,x_2_2,x_2_3,x_2_4,x_3_0,x_3_1,x_3_3
7	-20	x_2_0,x_2_2,x_2_3,x_2_4,x_3_0,x_3_2,x_3_3
7	-10	x_2_0,x_2_2,x_2_3,x_2_4,x_3_0,x_3_2,x_3_4
7	-50	x_2_0,x_2_2,x_2_3,x_2_4,x_3_1,x_3_2,x_3_3
7	-20	x_2_0,x_2_2,x_2_3,x_2_4,x_3_1,x_3_2,x_3_4
7	-40	x_2_0,x_2_2,x_2_3,x_2_4,x_3_1,x_3_3,x_3_4
7	-10	x_2_0,x_2_2,x_2_3,x_2_4,x_3_2,x_3_3,x_3_4
7	-60	x_2_0,x_2_2,x_2_3,x_3_0,x_3_1,x_3_2,x_3_3
7	-20	x_2_0,x_2_2,x_2_3,x_3_0,x_3_1,x_3_2,x_3_4
7	-20	x_2_0,x_2_2,x_2_3,x_3_0,x_3_1,x_3_3,x_3_4
7	-20	x_2_0,x_2_2,x_2_3,x_3_0,x_3_2,x_3_3,x_3_4
7	-50	x_2_0,x_2_2,x_2_3,x_3_1,x_3_2,x_3_3,x_3_4
7	-10	x_2_0,x_2_2,x_2_4,x_3_0,x_3_1,x_3_3,x_3_4
7	-10	x_2_0,x_2_2,x_2_4,x_3_0,x_3_2,x_3_3,x_3_4
7	-40	x_2_0,x_2_2,x_2_4,x_3_1,x_3_2,x_3_3,x_3_4
7	-20	x_2_0,x_2_2,x_3_0,x_3_1,x_3_2,x_3_3,x_3_4
7	-10	x_2_0,x_2_3,x_2_4,x_3_0,x_3_1,x_3_2,x_3_4
7	-10	x_2_0,x_2_3,x_2_4,x_3_0,x_3_1,x_3_3,x_3_4
7	-30	x_2_0,x_2_3,x_2_4,x_3_1,x_3_2,x_3_3,x_3_4
7	-20	x_2_0,x_2_3,x_3_0,x_3_1,x_3_2,x_3_3,x_3_4
7	-10	x_2_1,x_2_2,x_2_3,x_2_4,x_3_0,x_3_1,x_3_2
7	-40	x_2_1,x_2_2,x_2_3,x_2_4,x_3_0,x_3_1,x_3_3
7	-10	x_2_1,x_2_2,x_2_3,x_2_4,x_3_0,x_3_1,x_3_4
7	-10	x_2_1,x_2_2,x_2_3,x_2_4,x_3_0,x_3_2,x_3_3
7	30	x_2_1,x_2_2,x_2_3,x_2_4,x_3_0,x_3_2,x_3_4
7	20	x_2_1,x_2_2,x_2_3,x_2_4,x_3_0,x_3_3,x_3_4
7	-86	x_2_1,x_2_2,x_2_3,x_2_4,x_3_1,x_3_2,x_3_3
7	-22	x_2_1,x_2_2,x_2_3,x_2_4,x_3_1,x_3_2,x_3_4
7	-52	x_2_1,x_2_2,x_2_3,x_2_4,x_3_1,x_3_3,x_3_4
7	-70	x_2_1,x_2_2,x_2_3,x_3_0,x_3_1,x_3_2,x_3_3
7	-30	x_2_1,x_2_2,x_2_3,x_3_0,x_3_1,x_3_3,x_3_4
7	10	x_2_1,x_2_2,x_2_3,x_3_0,x_3_2,x_3_3,x_3_4
7	-76	x_2_1,x_2_2,x_2_3,x_3_1,x_3_2,x_3_3,x_3_4
7	-40	x_2_1,x_2_2,x_2_4,x_3_0,x_3_1,x_3_2,x_3_3
7	-20	x_2_1,x_2_2,x_2_4,x_3_0,x_3_1,x_3_2,x_3_4
7	-40	x_2_1,x_2_2,x_2_4,x_3_0,x_3_1,x_3_3,x_3_4
7	-62	x_2_1,x_2_2,x_2_4,x_3_1,x_3_2,x_3_3,x_3_4
7	-40	x_2_1,x_2_2,x_3_0,x_3_1,x_3_2,x_3_3,x_3_4
7	-30	x_2_1,x_2_3,x_2_4,x_3_0,x_3_1,x_3_2,x_3_3
7	-20	x_2_1,x_2_3,x_2_4,x_3_0,x_3_1,x_3_2,x_3_4
7	-30	x_2_1,x_2_3,x_2_4,x_3_0,x_3_1,x_3_3,x_3_4
7	20	x_2_1,x_2_3,x_2_4,x_3_0,x_3_2,x_3_3,x_3_4
7	-52	x_2_1,x_2_3,x_2_4,x_3_1,x_3_2,x_3_3,x_3_4
7	-30	x_2_1,x_2_3,x_3_0,x_3_1,x_3_2,x_3_3,x_3_4
7	-20	x_2_1,x_2_4,x_3_0,x_3_1,x_3_2,x_3_3,x_3_4
7	-50	x_2_2,x_2_3,x_2_4,x_3_0,x_3_1,x_3_2,x_3_3
7	-20	x_2_2,x_2_3,x_2_4,x_3_0,x_3_1,x_3_2,x_3_4
7	-40	x_2_2,x_2_3,x_2_4,x_3_0,x_3_1,x_3_3,x_3_4
7	-10	x_2_2,x_2_3,x_2_4,x_3_0,x_3_2,x_3_3,x_3_4
7	-70	x_2_2,x_2_3,x_2_4,x_3_1,x_3_2,x_3_3,x_3_4
7	-50	x_2_2,x_2_3,x_3_0,x_3_1,x_3_2,x_3_3,x_3_4
7	-40	x_2_2,x_2_4,x_3_0,x_3_1,x_3_2,x_3_3,x_3_4
7	-30	x_2_3,x_2_4,x_3_0,x_3_1,x_3_2,x_3_3,x_3_4
8	50	x_0_0,x_0_1,x_0_2,x_0_3,x_0_4,x_1_0,x_1_1,x_1_2
8	70	x_0_0,x_0_1,x_0_2,x_0_3,x_0_4,x_1_0,x_1_1,x_1_3
8	30	x_0_0,x_0_1,x_0_2,x_0_3,x_0_4,x_1_0,x_1_1,x_1_4
8	60	x_0_0,x_0_1,x_0_2,x_0_3,x_0_4,x_1_0,x_1_2,x_1_3
8	10	x_0_0,x_0_1,x_0_2,x_0_3,x_0_4,x_1_0,x_1_2,x_1_4
8	10	x_0_0,x_0_1,x_0_2,x_0_3,x_0_4,x_1_0,x_1_3,x_1_4
8	70	x_0_0,x_0_1,x_0_2,x_0_3,x_0_4,x_1_1,x_1_2,x_1_3
8	10	x_0_0,x_0_1,x_0_2,x_0_3,x_0_4,x_1_1,x_1_2,x_1_4
8	40	x_0_0,x_0_1,x_0_2,x_0_3,x_0_4,x_1_1,x_1_3,x_1_4
8	-10	x_0_0,x_0_1,x_0_2,x_0_3,x_0_4,x_1_2,x_1_3,x_1_4
8	140	x_0_0,x_0_1,x_0_2,x_0_3,x_1_0,x_1_1,x_1_2,x_1_3
8	40	x_0_0,x_0_1,x_0_2,x_0_3,x_1_0,x_1_1,x_1_2,x_1_4
8	60	x_0_0,x_0_1,x_0_2,x_0_3,x_1_0,x_1_1,x_1_3,x_1_4
8	40	x_0_0,x_0_1,x_0_2,x_0_3,x_1_0,x_1_2,x_1_3,x_1_4
8	60	x_0_0,x_0_1,x_0_2,x_0_3,x_1_1,x_1_2,x_1_3,x_1_4
8	40	x_0_0,x_0_1,x_0_2,x_0_4,x_1_0,x_1_1,x_1_2,x_1_3
8	40	x_0_0,x_0_1,x_0_2,x_0_4,x_1_0,x_1_1,x_1_2,x_1_4
8	60	x_0_0,x_0_1,x_0_2,x_0_4,x_1_0,x_1_1,x_1_3,x_1_4
8	20	x_0_0,x_0_1,x_0_2,x_0_4,x_1_0,x_1_2,x_1_3,x_1_4
8	50	x_0_0,x_0_1,x_0_2,x_0_4,x_1_1,x_1_2,x_1_3,x_1_4
8	50	x_0_0,x_0_1,x_0_2,x_1_0,x_1_1,x_1_2,x_1_3,x_1_4
8	60	x_0_0,x_0_1,x_0_3,x_0_4,x_1_0,x_1_1,x_1_2,x_1_3
8	60	x_0_0,x_0_1,x_0_3,x_0_4,x_1_0,x_1_1,x_1_2,x_1_4
8	60	x_0_0,x_0_1,x_0_3,x_0_4,x_1_0,x_1_1,x_1_3,x_1_4
8	20	x_0_0,x_0_1,x_0_3,x_0_4,x_1_0,x_1_2,x_1_3,x_1_4
8	40	x_0_0,x_0_1,x_0_3,x_0_4,x_1_1,x_1_2,x_1_3,x_1_4
8	70	x_0_0,x_0_1,x_0_3,x_1_0,x_1_1,x_1_2,x_1_3,x_1_4
8	30	x_0_0,x_0_1,x_0_4,x_1_0,x_1_1,x_1_2,x_1_3,x_1_4
8	40	x_0_0,x_0_2,x_0_3,x_0_4,x_1_0,x_1_1,x_1_2,x_1_3
8	20	x_0_0,x_0_2,x_0_3,x_0_4,x_1_0,x_1_1,x_1_2,x_1_4
8	20	x_0_0,x_0_2,x_0_3,x_0_4,x_1_0,x_1_1,x_1_3,x_1_4
8	20	x_0_0,x_0_2,x_0_3,x_0_4,x_1_0,x_1_2,x_1_3,x_1_4
8	60	x_0_0,x_0_2,x_0_3,x_0_4,x_1_1,x_1_2,x_1_3,x_1_4
8	60	x_0_0,x_0_2,x_0_3,x_1_0,x_1_1,x_1_2,x_1_3,x_1_4
8	10	x_0_0,x_0_2,x_0_4,x_1_0,x_1_1,x_1_2,x_1_3,x_1_4
8	10	x_0_0,x_0_3,x_0_4,x_1_0,x_1_1,x_1_2,x_1_3,x_1_4
8	70	x_0_1,x_0_2,x_0_3,x_0_4,x_1_0,x_1_1,x_1_2,x_1_3
8	10	x_0_1,x_0_2,x_0_3,x_0_4,x_1_0,x_1_1,x_1_2,x_1_4
8	40	x_0_1,x_0_2,x_0_3,x_0_4,x_1_0,x_1_1,x_1_3,x_1_4
8	-10	x_0_1,x_0_2,x_0_3,x_0_4,x_1_0,x_1_2,x_1_3,x_1_4
8	90	x_0_1,x_0_2,x_0_3,x_0_4,x_1_1,x_1_2,x_1_3,x_1_4
8	20	x_0_1,x_0_2,x_0_3,x_0_4,x_2_1,x_2_2,x_2_3,x_2_4
8	20	x_0_1,x_0_2,x_0_3,x_0_4,x_3_1,x_3_2,x_3_3,x_3_4
8	60	x_0_1,x_0_2,x_0_3,x_1_0,x_1_1,x_1_2,x_1_3,x_1_4
8	50	x_0_1,x_0_2,x_0_4,x_1_0,x_1_1,x_1_2,x_1_3,x_1_4
8	40	x_0_1,x_0_3,x_0_4,x_1_0,x_1_1,x_1_2,x_1_3,x_1_4
8	60	x_0_2,x_0_3,x_0_4,x_1_0,x_1_1,x_1_2,x_1_3,x_1_4
8	50	x_1_0,x_1_1,x_1_2,x_1_3,x_1_4,x_2_0,x_2_1,x_2_2
8	70	x_1_0,x_1_1,x_1_2,x_1_3,x_1_4,x_2_0,x_2_1,x_2_3
8	30	x_1_0,x_1_1,x_1_2,x_1_3,x_1_4,x_2_0,x_2_1,x_2_4
8	60	x_1_0,x_1_1,x_1_2,x_1_3,x_1_4,x_2_0,x_2_2,x_2_3
8	10	x_1_0,x_1_1,x_1_2,x_1_3,x_1_4,x_2_0,x_2_2,x_2_4
8	10	x_1_0,x_1_1,x_1_2,x_1_3,x_1_4,x_2_0,x_2_3,x_2_4
8	70	x_1_0,x_1_1,x_1_2,x_1_3,x_1_4,x_2_1,x_2_2,x_2_3
8	10	x_1_0,x_1_1,x_1_2,x_1_3,x_1_4,x_2_1,x_2_2,x_2_4
8	40	x_1_0,x_1_1,x_1_2,x_1_3,x_1_4,x_2_1,x_2_3,x_2_4
8	-10	x_1_0,x_1_1,x_1_2,x_1_3,x_1_4,x_2_2,x_2_3,x_2_4
8	140	x_1_0,x_1_1,x_1_2,x_1_3,x_2_0,x_2_1,x_2_2,x_2_3
8	40	x_1_0,x_1_1,x_1_2,x_1_3,x_2_0,x_2_1,x_2_2,x_2_4
8	60	x_1_0,x_1_1,x_1_2,x_1_3,x_2_0,x_2_1,x_2_3,x_2_4
8	40	x_1_0,x_1_1,x_1_2,x_1_3,x_2_0,x_2_2,x_2_3,x_2_4
8	60	x_1_0,x_1_1,x_1_2,x_1_3,x_2_1,x_2_2,x_2_3,x_2_4
8	40	x_1_0,x_1_1,x_1_2,x_1_4,x_2_0,x_2_1,x_2_2,x_2_3
8	40	x_1_0,x_1_1,x_1_2,x_1_4,x_2_0,x_2_1,x_2_2,x_2_4
8	60	x_1_0,x_1_1,x_1_2,x_1_4,x_2_0,x_2_1,x_2_3,x_2_4
8	20	x_1_0,x_1_1,x_1_2,x_1_4,x_2_0,x_2_2,x_2_3,x_2_4
8	50	x_1_0,x_1_1,x_1_2,x_1_4,x_2_1,x_2_2,x_2_3,x_2_4
8	50	x_1_0,x_1_1,x_1_2,x_2_0,x_2_1,x_2_2,x_2_3,x_2_4
8	60	x_1_0,x_1_1,x_1_3,x_1_4,x_2_0,x_2_1,x_2_2,x_2_3
8	60	x_1_0,x_1_1,x_1_3,x_1_4,x_2_0,x_2_1,x_2_2,x_2_4
8	60	x_1_0,x_1_1,x_1_3,x_1_4,x_2_0,x_2_1,x_2_3,x_2_4
8	20	x_1_0,x_1_1,x_1_3,x_1_4,x_2_0,x_2_2,x_2_3,x_2_4
8	40	x_1_0,x_1_1,x_1_3,x_1_4,x_2_1,x_2_2,x_2_3,x_2_4
8	70	x_1_0,x_1_1,x_1_3,x_2_0,x_2_1,x_2_2,x_2_3,x_2_4
8	30	x_1_0,x_1_1,x_1_4,x_2_0,x_2_1,x_2_2,x_2_3,x_2_4
8	40	x_1_0,x_1_2,x_1_3,x_1_4,x_2_0,x_2_1,x_2_2,x_2_3
8	20	x_1_0,x_1_2,x_1_3,x_1_4,x_2_0,x_2_1,x_2_2,x_2_4
8	20	x_1_0,x_1_2,x_1_3,x_1_4,x_2_0,x_2_1,x_2_3,x_2_4
8	20	x_1_0,x_1_2,x_1_3,x_1_4,x_2_0,x_2_2,x_2_3,x_2_4
8	60	x_1_0,x_1_2,x_1_3,x_1_4,x_2_1,x_2_2,x_2_3,x_2_4
8	60	x_1_0,x_1_2,x_1_3,x_2_0,x_2_1,x_2_2,x_2_3,x_2_4
8	10	x_1_0,x_1_2,x_1_4,x_2_0,x_2_1,x_2_2,x_2_3,x_2_4
8	10	x_1_0,x_1_3,x_1_4,x_2_0,x_2_1,x_2_2,x_2_3,x_2_4
8	70	x_1_1,x_1_2,x_1_3,x_1_4,x_2_0,x_2_1,x_2_2,x_2_3
8	10	x_1_1,x_1_2,x_1_3,x_1_4,x_2_0,x_2_1,x_2_2,x_2_4
8	40	x_1_1,x_1_2,x_1_3,x_1_4,x_2_0,x_2_1,x_2_3,x_2_4
8	-10	x_1_1,x_1_2,x_1_3,x_1_4,x_2_0,x_2_2,x_2_3,x_2_4
8	90	x_1_1,x_1_2,x_1_3,x_1_4,x_2_1,x_2_2,x_2_3,x_2_4
8	20	x_1_1,x_1_2,x_1_3,x_1_4,x_3_1,x_3_2,x_3_3,x_3_4
8	60	x_1_1,x_1_2,x_1_3,x_2_0,x_2_1,x_2_2,x_2_3,x_2_4
8	50	x_1_1,x_1_2,x_1_4,x_2_0,x_2_1,x_2_2,x_2_3,x_2_4
8	40	x_1_1,x_1_3,x_1_4,x_2_0,x_2_1,x_2_2,x_2_3,x_2_4
8	60	x_1_2,x_1_3,x_1_4,x_2_0,x_2_1,x_2_2,x_2_3,x_2_4
8	50	x_2_0,x_2_1,x_2_2,x_2_3,x_2_4,x_3_0,x_3_1,x_3_2
8	70	x_2_0,x_2_1,x_2_2,x_2_3,x_2_4,x_3_0,x_3_1,x_3_3
8	30	x_2_0,x_2_1,x_2_2,x_2_3,x_2_4,x_3_0,x_3_1,x_3_4
8	60	x_2_0,x_2_1,x_2_2,x_2_3,x_2_4,x_3_0,x_3_2,x_3_3
8	10	x_2_0,x_2_1,x_2_2,x_2_3,x_2_4,x_3_0,x_3_2,x_3_4
8	10	x_2_0,x_2_1,x_2_2,x_2_3,x_2_4,x_3_0,x_3_3,x_3_4
8	70	x_2_0,x_2_1,x_2_2,x_2_3,x_2_4,x_3_1,x_3_2,x_3_3
8	10	x_2_0,x_2_1,x_2_2,x_2_3,x_2_4,x_3_1,x_3_2,x_3_4
8	40	x_2_0,x_2_1,x_2_2,x_2_3,x_2_4,x_3_1,x_3_3,x_3_4
8	-10	x_2_0,x_2_1,x_2_2,x_2_3,x_2_4,x_3_2,x_3_3,x_3_4
8	140	x_2_0,x_2_1,x_2_2,x_2_3,x_3_0,x_3_1,x_3_2,x_3_3
8	40	x_2_0,x_2_1,x_2_2,x_2_3,x_3_0,x_3_1,x_3_2,x_3_4
8	60	x_2_0,x_2_1,x_2_2,x_2_3,x_3_0,x_3_1,x_3_3,x_3_4
8	40	x_2_0,x_2_1,x_2_2,x_2_3,x_3_0,x_3_2,x_3_3,x_3_4
8	60	x_2_0,x_2_1,x_2_2,x_2_3,x_3_1,x_3_2,x_3_3,x_3_4
8	40	x_2_0,x_2_1,x_2_2,x_2_4,x_3_0,x_3_1,x_3_2,x_3_3
8	40	x_2_0,x_2_1,x_2_2,x_2_4,x_3_0,x_3_1,x_3_2,x_3_4
8	60	x_2_0,x_2_1,x_2_2,x_2_4,x_3_0,x_3_1,x_3_3,x_3_4
8	20	x_2_0,x_2_1,x_2_2,x_2_4,x_3_0,x_3_2,x_3_3,x_3_4
8	50	x_2_0,x_2_1,x_2_2,x_2_4,x_3_1,x_3_2,x_3_3,x_3_4
8	50	x_2_0,x_2_1,x_2_2,x_3_0,x_3_1,x_3_2,x_3_3,x_3_4
8	60	x_2_0,x_2_1,x_2_3,x_2_4,x_3_0,x_3_1,x_3_2,x_3_3
8	60	x_2_0,x_2_1,x_2_3,x_2_4,x_3_0,x_3_1,x_3_2,x_3_4
8	60	x_2_0,x_2_1,x_2_3,x_2_4,x_3_0,x_3_1,x_3_3,x_3_4
8	20	x_2_0,x_2_1,x_2_3,x_2_4,x_3_0,x_3_2,x_3_3,x_3_4
8	40	x_2_0,x_2_1,x_2_3,x_2_4,x_3_1,x_3_2,x_3_3,x_3_4
8	70	x_2_0,x_2_1,x_2_3,x_3_0,x_3_1,x_3_2,x_3_3,x_3_4
8	30	x_2_0,x_2_1,x_2_4,x_3_0,x_3_1,x_3_2,x_3_3,x_3_4
8	40	x_2_0,x_2_2,x_2_3,x_2_4,x_3_0,x_3_1,x_3_2,x_3_3
8	20	x_2_0,x_2_2,x_2_3,x_2_4,x_3_0,x_3_1,x_3_2,x_3_4
8	20	x_2_0,x_2_2,x_2_3,x_2_4,x_3_0,x_3_1,x_3_3,x_3_4
8	20	x_2_0,x_2_2,x_2_3,x_2_4,x_3_0,x_3_2,x_3_3,x_3_4
8	60	x_2_0,x_2_2,x_2_3,x_2_4,x_3_1,x_3_2,x_3_3,x_3_4
8	60	x_2_0,x_2_2,x_2_3,x_3_0,x_3_1,x_3_2,x_3_3,x_3_4
8	10	x_2_0,x_2_2,x_2_4,x_3_0,x_3_1,x_3_2,x_3_3,x_3_4
8	10	x_2_0,x_2_3,x_2_4,x_3_0,x_3_1,x_3_2,x_3_3,x_3_4
8	70	x_2_1,x_2_2,x_2_3,x_2_4,x_3_0,x_3_1,x_3_2,x_3_3
8	10	x_2_1,x_2_2,x_2_3,x_2_4,x_3_0,x_3_1,x_3_2,x_3_4
8	40	x_2_1,x_2_2,x_2_3,x_2_4,x_3_0,x_3_1,x_3_3,x_3_4
8	-10	x_2_1,x_2_2,x_2_3,x_2_4,x_3_0,x_3_2,x_3_3,x_3_4
8	90	x_2_1,x_2_2,x_2_3,x_2_4,x_3_1,x_3_2,x_3_3,x_3_4
8	60	x_2_1,x_2_2,x_2_3,x_3_0,x_3_1,x_3_2,x_3_3,x_3_4
8	50	x_2_1,x_2_2,x_2_4,x_3_0,x_3_1,x_3_2,x_3_3,x_3_4
8	40	x_2_1,x_2_3,x_2_4,x_3_0,x_3_1,x_3_2,x_3_3,x_3_4
8	60	x_2_2,x_2_3,x_2_4,x_3_0,x_3_1,x_3_2,x_3_3,x_3_4
9	-130	x_0_0,x_0_1,x_0_2,x_0_3,x_0_4,x_1_0,x_1_1,x_1_2,x_1_3
9	-60	x_0_0,x_0_1,x_0_2,x_0_3,x_0_4,x_1_0,x_1_1,x_1_2,x_1_4
9	-80	x_0_0,x_0_1,x_0_2,x_0_3,x_0_4,x_1_0,x_1_1,x_1_3,x_1_4
9	-50	x_0_0,x_0_1,x_0_2,x_0_3,x_0_4,x_1_0,x_1_2,x_1_3,x_1_4
9	-70	x_0_0,x_0_1,x_0_2,x_0_3,x_0_4,x_1_1,x_1_2,x_1_3,x_1_4
9	-130	x_0_0,x_0_1,x_0_2,x_0_3,x_1_0,x_1_1,x_1_2,x_1_3,x_1_4
9	-60	x_0_0,x_0_1,x_0_2,x_0_4,x_1_0,x_1_1,x_1_2,x_1_3,x_1_4
9	-80	x_0_0,x_0_1,x_0_3,x_0_4,x_1_0,x_1_1,x_1_2,x_1_3,x_1_4
9	-50	x_0_0,x_0_2,x_0_3,x_0_4,x_1_0,x_1_1,x_1_2,x_1_3,x_1_4
9	-70	x_0_1,x_0_2,x_0_3,x_0_4,x_1_0,x_1_1,x_1_2,x_1_3,x_1_4
9	-130	x_1_0,x_1_1,x_1_2,x_1_3,x_1_4,x_2_0,x_2_1,x_2_2,x_2_3
9	-60	x_1_0,x_1_1,x_1_2,x_1_3,x_1_4,x_2_0,x_2_1,x_2_2,x_2_4
9	-80	x_1_0,x_1_1,x_1_2,x_1_3,x_1_4,x_2_0,x_2_1,x_2_3,x_2_4
9	-50	x_1_0,x_1_1,x_1_2,x_1_3,x_1_4,x_2_0,x_2_2,x_2_3,x_2_4
9	-70	x_1_0,x_1_1,x_1_2,x_1_3,x_1_4,x_2_1,x_2_2,x_2_3,x_2_4
9	-130	x_1_0,x_1_1,x_1_2,x_1_3,x_2_0,x_2_1,x_2_2,x_2_3,x_2_4
9	-60	x_1_0,x_1_1,x_1_2,x_1_4,x_2_0,x_2_1,x_2_2,x_2_3,x_2_4
9	-80	x_1_0,x_1_1,x_1_3,x_1_4,x_2_0,x_2_1,x_2_2,x_2_3,x_2_4
9	-50	x_1_0,x_1_2,x_1_3,x_1_4,x_2_0,x_2_1,x_2_2,x_2_3,x_2_4
9	-70	x_1_1,x_1_2,x_1_3,x_1_4,x_2_0,x_2_1,x_2_2,x_2_3,x_2_4
9	-130	x_2_0,x_2_1,x_2_2,x_2_3,x_2_4,x_3_0,x_3_1,x_3_2,x_3_3
9	-60	x_2_0,x_2_1,x_2_2,x_2_3,x_2_4,x_3_0,x_3_1,x_3_2,x_3_4
9	-80	x_2_0,x_2_1,x_2_2,x_2_3,x_2_4,x_3_0,x_3_1,x_3_3,x_3_4
9	-50	x_2_0,x_2_1,x_2_2,x_2_3,x_2_4,x_3_0,x_3_2,x_3_3,x_3_4
9	-70	x_2_0,x_2_1,x_2_2,x_2_3,x_2_4,x_3_1,x_3_2,x_3_3,x_3_4
9	-130	x_2_0,x_2_1,x_2_2,x_2_3,x_3_0,x_3_1,x_3_2,x_3_3,x_3_4
9	-60	x_2_0,x_2_1,x_2_2,x_2_4,x_3_0,x_3_1,x_3_2,x_3_3,x_3_4
9	-80	x_2_0,x_2_1,x_2_3,x_2_4,x_3_0,x_3_1,x_3_2,x_3_3,x_3_4
9	-50	x_2_0,x_2_2,x_2_3,x_2_4,x_3_0,x_3_1,x_3_2,x_3_3,x_3_4
9	-70	x_2_1,x_2_2,x_2_3,x_2_4,x_3_0,x_3_1,x_3_2,x_3_3,x_3_4
10	140	x_0_0,x_0_1,x_0_2,x_0_3,x_0_4,x_1_0,x_1_1,x_1_2,x_1_3,x_1_4
10	140	x_1_0,x_1_1,x_1_2,x_1_3,x_1_4,x_2_0,x_2_1,x_2_2,x_2_3,x_2_4
10	140	x_2_0,x_2_1,x_2_2,x_2_3,x_2_4,x_3_0,x_3_1,x_3_2,x_3_3,x_3_4
