degree	coefficient	variables
0	70.745000000000005	
1	-7.5999999999999996	x_0_1
1	-7.5999999999999996	x_0_2
1	-7.5999999999999996	x_0_3
1	-7.5999999999999996	x_0_4
1	-17.599999999999998	x_1_1
1	-7.5999999999999996	x_1_2
1	-7.5999999999999996	x_1_3
1	-7.5999999999999996	x_1_4
1	-17.599999999999998	x_2_1
1	-7.5999999999999996	x_2_2
1	-7.5999999999999996	x_2_3
1	-7.5999999999999996	x_2_4
1	-17.599999999999998	x_3_1
1	-7.5999999999999996	x_3_2
1	-7.5999999999999996	x_3_3
1	-7.5999999999999996	x_3_4
1	-17.599999999999998	x_4_1
1	-7.5999999999999996	x_4_2
1	-7.5999999999999996	x_4_3
1	-7.5999999999999996	x_4_4
1	-17.599999999999998	x_5_1
1	-7.5999999999999996	x_5_2
1	-7.5999999999999996	x_5_3
1	-7.5999999999999996	x_5_4
2	10	x_0_0,x_1_1
2	7.5999999999999996	x_0_1,x_0_2
2	7.5999999999999996	x_0_1,x_0_3
2	7.5999999999999996	x_0_1,x_0_4
2	14	x_0_1,x_1_1
2	-8	x_0_1,x_1_2
2	-8	x_0_1,x_1_3
2	-8	x_0_1,x_1_4
2	4	x_0_1,x_2_1
2	2	x_0_1,x_2_2
2	2	x_0_1,x_2_3
2	2	x_0_1,x_2_4
2	4	x_0_1,x_3_1
2	2	x_0_1,x_3_2
2	2	x_0_1,x_3_3
2	2	x_0_1,x_3_4
2	4	x_0_1,x_4_1
2	2	x_0_1,x_4_2
2	2	x_0_1,x_4_3
2	2	x_0_1,x_4_4
2	4	x_0_1,x_5_1
2	2	x_0_1,x_5_2
2	2	x_0_1,x_5_3
2	2	x_0_1,x_5_4
2	7.5999999999999996	x_0_2,x_0_3
2	107.5	x_0_2,x_0_4
2	12	x_0_2,x_1_1
2	4	x_0_2,x_1_2
2	2	x_0_2,x_1_3
2	2	x_0_2,x_1_4
2	2	x_0_2,x_2_1
2	4	x_0_2,x_2_2
2	2	x_0_2,x_2_3
2	2	x_0_2,x_2_4
2	2	x_0_2,x_3_1
2	4	x_0_2,x_3_2
2	2	x_0_2,x_3_3
2	2	x_0_2,x_3_4
2	2	x_0_2,x_4_1
2	4	x_0_2,x_4_2
2	2	x_0_2,x_4_3
2	2	x_0_2,x_4_4
2	2	x_0_2,x_5_1
2	4	x_0_2,x_5_2
2	2	x_0_2,x_5_3
2	2	x_0_2,x_5_4
2	107.5	x_0_3,x_0_4
2	12	x_0_3,x_1_1
2	2	x_0_3,x_1_2
2	4	x_0_3,x_1_3
2	2	x_0_3,x_1_4
2	2	x_0_3,x_2_1
2	2	x_0_3,x_2_2
2	4	x_0_3,x_2_3
2	2	x_0_3,x_2_4
2	2	x_0_3,x_3_1
2	2	x_0_3,x_3_2
2	4	x_0_3,x_3_3
2	2	x_0_3,x_3_4
2	2	x_0_3,x_4_1
2	2	x_0_3,x_4_2
2	4	x_0_3,x_4_3
2	2	x_0_3,x_4_4
2	2	x_0_3,x_5_1
2	2	x_0_3,x_5_2
2	4	x_0_3,x_5_3
2	2	x_0_3,x_5_4
2	12	x_0_4,x_1_1
2	2	x_0_4,x_1_2
2	2	x_0_4,x_1_3
2	4	x_0_4,x_1_4
2	2	x_0_4,x_2_1
2	2	x_0_4,x_2_2
2	2	x_0_4,x_2_3
2	4	x_0_4,x_2_4
2	2	x_0_4,x_3_1
2	2	x_0_4,x_3_2
2	2	x_0_4,x_3_3
2	4	x_0_4,x_3_4
2	2	x_0_4,x_4_1
2	2	x_0_4,x_4_2
2	2	x_0_4,x_4_3
2	4	x_0_4,x_4_4
2	2	x_0_4,x_5_1
2	2	x_0_4,x_5_2
2	2	x_0_4,x_5_3
2	4	x_0_4,x_5_4
2	10	x_1_0,x_1_1
2	10	x_1_0,x_2_1
2	17.599999999999998	x_1_1,x_1_2
2	17.599999999999998	x_1_1,x_1_3
2	17.599999999999998	x_1_1,x_1_4
2	14	x_1_1,x_2_1
2	-8	x_1_1,x_2_2
2	-8	x_1_1,x_2_3
2	-8	x_1_1,x_2_4
2	4	x_1_1,x_3_1
2	2	x_1_1,x_3_2
2	2	x_1_1,x_3_3
2	2	x_1_1,x_3_4
2	4	x_1_1,x_4_1
2	2	x_1_1,x_4_2
2	2	x_1_1,x_4_3
2	2	x_1_1,x_4_4
2	4	x_1_1,x_5_1
2	2	x_1_1,x_5_2
2	2	x_1_1,x_5_3
2	2	x_1_1,x_5_4
2	7.5999999999999996	x_1_2,x_1_3
2	107.5	x_1_2,x_1_4
2	12	x_1_2,x_2_1
2	4	x_1_2,x_2_2
2	2	x_1_2,x_2_3
2	2	x_1_2,x_2_4
2	2	x_1_2,x_3_1
2	4	x_1_2,x_3_2
2	2	x_1_2,x_3_3
2	2	x_1_2,x_3_4
2	2	x_1_2,x_4_1
2	4	x_1_2,x_4_2
2	2	x_1_2,x_4_3
2	2	x_1_2,x_4_4
2	2	x_1_2,x_5_1
2	4	x_1_2,x_5_2
2	2	x_1_2,x_5_3
2	2	x_1_2,x_5_4
2	107.5	x_1_3,x_1_4
2	12	x_1_3,x_2_1
2	2	x_1_3,x_2_2
2	4	x_1_3,x_2_3
2	2	x_1_3,x_2_4
2	2	x_1_3,x_3_1
2	2	x_1_3,x_3_2
2	4	x_1_3,x_3_3
2	2	x_1_3,x_3_4
2	2	x_1_3,x_4_1
2	2	x_1_3,x_4_2
2	4	x_1_3,x_4_3
2	2	x_1_3,x_4_4
2	2	x_1_3,x_5_1
2	2	x_1_3,x_5_2
2	4	x_1_3,x_5_3
2	2	x_1_3,x_5_4
2	12	x_1_4,x_2_1
2	2	x_1_4,x_2_2
2	2	x_1_4,x_2_3
2	4	x_1_4,x_2_4
2	2	x_1_4,x_3_1
2	2	x_1_4,x_3_2
2	2	x_1_4,x_3_3
2	4	x_1_4,x_3_4
2	2	x_1_4,x_4_1
2	2	x_1_4,x_4_2
2	2	x_1_4,x_4_3
2	4	x_1_4,x_4_4
2	2	x_1_4,x_5_1
2	2	x_1_4,x_5_2
2	2	x_1_4,x_5_3
2	4	x_1_4,x_5_4
2	10	x_2_0,x_2_1
2	10	x_2_0,x_3_1
2	17.599999999999998	x_2_1,x_2_2
2	17.599999999999998	x_2_1,x_2_3
2	17.599999999999998	x_2_1,x_2_4
2	14	x_2_1,x_3_1
2	-8	x_2_1,x_3_2
2	-8	x_2_1,x_3_3
2	-8	x_2_1,x_3_4
2	4	x_2_1,x_4_1
2	2	x_2_1,x_4_2
2	2	x_2_1,x_4_3
2	2	x_2_1,x_4_4
2	4	x_2_1,x_5_1
2	2	x_2_1,x_5_2
2	2	x_2_1,x_5_3
2	2	x_2_1,x_5_4
2	7.5999999999999996	x_2_2,x_2_3
2	107.5	x_2_2,x_2_4
2	12	x_2_2,x_3_1
2	4	x_2_2,x_3_2
2	2	x_2_2,x_3_3
2	2	x_2_2,x_3_4
2	2	x_2_2,x_4_1
2	4	x_2_2,x_4_2
2	2	x_2_2,x_4_3
2	2	x_2_2,x_4_4
2	2	x_2_2,x_5_1
2	4	x_2_2,x_5_2
2	2	x_2_2,x_5_3
2	2	x_2_2,x_5_4
2	107.5	x_2_3,x_2_4
2	12	x_2_3,x_3_1
2	2	x_2_3,x_3_2
2	4	x_2_3,x_3_3
2	2	x_2_3,x_3_4
2	2	x_2_3,x_4_1
2	2	x_2_3,x_4_2
2	4	x_2_3,x_4_3
2	2	x_2_3,x_4_4
2	2	x_2_3,x_5_1
2	2	x_2_3,x_5_2
2	4	x_2_3,x_5_3
2	2	x_2_3,x_5_4
2	12	x_2_4,x_3_1
2	2	x_2_4,x_3_2
2	2	x_2_4,x_3_3
2	4	x_2_4,x_3_4
2	2	x_2_4,x_4_1
2	2	x_2_4,x_4_2
2	2	x_2_4,x_4_3
2	4	x_2_4,x_4_4
2	2	x_2_4,x_5_1
2	2	x_2_4,x_5_2
2	2	x_2_4,x_5_3
2	4	x_2_4,x_5_4
2	10	x_3_0,x_3_1
2	10	x_3_0,x_4_1
2	17.599999999999998	x_3_1,x_3_2
2	17.599999999999998	x_3_1,x_3_3
2	17.599999999999998	x_3_1,x_3_4
2	14	x_3_1,x_4_1
2	-8	x_3_1,x_4_2
2	-8	x_3_1,x_4_3
2	-8	x_3_1,x_4_4
2	4	x_3_1,x_5_1
2	2	x_3_1,x_5_2
2	2	x_3_1,x_5_3
2	2	x_3_1,x_5_4
2	7.5999999999999996	x_3_2,x_3_3
2	107.5	x_3_2,x_3_4
2	12	x_3_2,x_4_1
2	4	x_3_2,x_4_2
2	2	x_3_2,x_4_3
2	2	x_3_2,x_4_4
2	2	x_3_2,x_5_1
2	4	x_3_2,x_5_2
2	2	x_3_2,x_5_3
2	2	x_3_2,x_5_4
2	107.5	x_3_3,x_3_4
2	12	x_3_3,x_4_1
2	2	x_3_3,x_4_2
2	4	x_3_3,x_4_3
2	2	x_3_3,x_4_4
2	2	x_3_3,x_5_1
2	2	x_3_3,x_5_2
2	4	x_3_3,x_5_3
2	2	x_3_3,x_5_4
2	12	x_3_4,x_4_1
2	2	x_3_4,x_4_2
2	2	x_3_4,x_4_3
2	4	x_3_4,x_4_4
2	2	x_3_4,x_5_1
2	2	x_3_4,x_5_2
2	2	x_3_4,x_5_3
2	4	x_3_4,x_5_4
2	10	x_4_0,x_4_1
2	10	x_4_0,x_5_1
2	17.599999999999998	x_4_1,x_4_2
2	17.599999999999998	x_4_1,x_4_3
2	17.599999999999998	x_4_1,x_4_4
2	14	x_4_1,x_5_1
2	-8	x_4_1,x_5_2
2	-8	x_4_1,x_5_3
2	-8	x_4_1,x_5_4
2	7.5999999999999996	x_4_2,x_4_3
2	107.5	x_4_2,x_4_4
2	12	x_4_2,x_5_1
2	4	x_4_2,x_5_2
2	2	x_4_2,x_5_3
2	2	x_4_2,x_5_4
2	107.5	x_4_3,x_4_4
2	12	x_4_3,x_5_1
2	2	x_4_3,x_5_2
2	4	x_4_3,x_5_3
2	2	x_4_3,x_5_4
2	12	x_4_4,x_5_1
2	2	x_4_4,x_5_2
2	2	x_4_4,x_5_3
2	4	x_4_4,x_5_4
2	10	x_5_0,x_5_1
2	17.599999999999998	x_5_1,x_5_2
2	17.599999999999998	x_5_1,x_5_3
2	17.599999999999998	x_5_1,x_5_4
2	7.5999999999999996	x_5_2,x_5_3
2	107.5	x_5_2,x_5_4
2	107.5	x_5_3,x_5_4
3	-10	x_0_0,x_0_1,x_1_0
3	-10	x_0_0,x_0_1,x_1_1
3	10	x_0_0,x_0_1,x_1_2
3	10	x_0_0,x_0_1,x_1_3
3	10	x_0_0,x_0_1,x_1_4
3	-10	x_0_0,x_0_2,x_1_1
3	-10	x_0_0,x_0_3,x_1_1
3	-10	x_0_0,x_0_4,x_1_1
3	-10	x_0_0,x_1_0,x_1_1
3	-10	x_0_0,x_1_1,x_1_2
3	-10	x_0_0,x_1_1,x_1_3
3	-10	x_0_0,x_1_1,x_1_4
3	-7.5999999999999996	x_0_1,x_0_2,x_0_3
3	-7.5999999999999943	x_0_1,x_0_2,x_0_4
3	-14	x_0_1,x_0_2,x_1_1
3	6	x_0_1,x_0_2,x_1_2
3	-2	x_0_1,x_0_2,x_1_3
3	8	x_0_1,x_0_2,x_1_4
3	-4	x_0_1,x_0_2,x_2_1
3	-4	x_0_1,x_0_2,x_2_2
3	-2	x_0_1,x_0_2,x_2_3
3	-2	x_0_1,x_0_2,x_2_4
3	-4	x_0_1,x_0_2,x_3_1
3	-4	x_0_1,x_0_2,x_3_2
3	-2	x_0_1,x_0_2,x_3_3
3	-2	x_0_1,x_0_2,x_3_4
3	-4	x_0_1,x_0_2,x_4_1
3	-4	x_0_1,x_0_2,x_4_2
3	-2	x_0_1,x_0_2,x_4_3
3	-2	x_0_1,x_0_2,x_4_4
3	-4	x_0_1,x_0_2,x_5_1
3	-4	x_0_1,x_0_2,x_5_2
3	-2	x_0_1,x_0_2,x_5_3
3	-2	x_0_1,x_0_2,x_5_4
3	-7.5999999999999943	x_0_1,x_0_3,x_0_4
3	-14	x_0_1,x_0_3,x_1_1
3	8	x_0_1,x_0_3,x_1_2
3	6	x_0_1,x_0_3,x_1_3
3	8	x_0_1,x_0_3,x_1_4
3	-4	x_0_1,x_0_3,x_2_1
3	-2	x_0_1,x_0_3,x_2_2
3	-4	x_0_1,x_0_3,x_2_3
3	-2	x_0_1,x_0_3,x_2_4
3	-4	x_0_1,x_0_3,x_3_1
3	-2	x_0_1,x_0_3,x_3_2
3	-4	x_0_1,x_0_3,x_3_3
3	-2	x_0_1,x_0_3,x_3_4
3	-4	x_0_1,x_0_3,x_4_1
3	-2	x_0_1,x_0_3,x_4_2
3	-4	x_0_1,x_0_3,x_4_3
3	-2	x_0_1,x_0_3,x_4_4
3	-4	x_0_1,x_0_3,x_5_1
3	-2	x_0_1,x_0_3,x_5_2
3	-4	x_0_1,x_0_3,x_5_3
3	-2	x_0_1,x_0_3,x_5_4
3	-14	x_0_1,x_0_4,x_1_1
3	8	x_0_1,x_0_4,x_1_2
3	8	x_0_1,x_0_4,x_1_3
3	6	x_0_1,x_0_4,x_1_4
3	-4	x_0_1,x_0_4,x_2_1
3	-2	x_0_1,x_0_4,x_2_2
3	-2	x_0_1,x_0_4,x_2_3
3	-4	x_0_1,x_0_4,x_2_4
3	-4	x_0_1,x_0_4,x_3_1
3	-2	x_0_1,x_0_4,x_3_2
3	-2	x_0_1,x_0_4,x_3_3
3	-4	x_0_1,x_0_4,x_3_4
3	-4	x_0_1,x_0_4,x_4_1
3	-2	x_0_1,x_0_4,x_4_2
3	-2	x_0_1,x_0_4,x_4_3
3	-4	x_0_1,x_0_4,x_4_4
3	-4	x_0_1,x_0_4,x_5_1
3	-2	x_0_1,x_0_4,x_5_2
3	-2	x_0_1,x_0_4,x_5_3
3	-4	x_0_1,x_0_4,x_5_4
3	-10	x_0_1,x_1_0,x_1_1
3	10	x_0_1,x_1_0,x_1_2
3	10	x_0_1,x_1_0,x_1_3
3	10	x_0_1,x_1_0,x_1_4
3	-14	x_0_1,x_1_1,x_1_2
3	-14	x_0_1,x_1_1,x_1_3
3	-14	x_0_1,x_1_1,x_1_4
3	8	x_0_1,x_1_2,x_1_3
3	18	x_0_1,x_1_2,x_1_4
3	18	x_0_1,x_1_3,x_1_4
3	-4	x_0_1,x_2_1,x_2_2
3	-4	x_0_1,x_2_1,x_2_3
3	-4	x_0_1,x_2_1,x_2_4
3	-2	x_0_1,x_2_2,x_2_3
3	-2	x_0_1,x_2_2,x_2_4
3	-2	x_0_1,x_2_3,x_2_4
3	-4	x_0_1,x_3_1,x_3_2
3	-4	x_0_1,x_3_1,x_3_3
3	-4	x_0_1,x_3_1,x_3_4
3	-2	x_0_1,x_3_2,x_3_3
3	-2	x_0_1,x_3_2,x_3_4
3	-2	x_0_1,x_3_3,x_3_4
3	-4	x_0_1,x_4_1,x_4_2
3	-4	x_0_1,x_4_1,x_4_3
3	-4	x_0_1,x_4_1,x_4_4
3	-2	x_0_1,x_4_2,x_4_3
3	-2	x_0_1,x_4_2,x_4_4
3	-2	x_0_1,x_4_3,x_4_4
3	-4	x_0_1,x_5_1,x_5_2
3	-4	x_0_1,x_5_1,x_5_3
3	-4	x_0_1,x_5_1,x_5_4
3	-2	x_0_1,x_5_2,x_5_3
3	-2	x_0_1,x_5_2,x_5_4
3	-2	x_0_1,x_5_3,x_5_4
3	-107.5	x_0_2,x_0_3,x_0_4
3	-12	x_0_2,x_0_3,x_1_1
3	-4	x_0_2,x_0_3,x_1_2
3	-4	x_0_2,x_0_3,x_1_3
3	-2	x_0_2,x_0_3,x_1_4
3	-2	x_0_2,x_0_3,x_2_1
3	-4	x_0_2,x_0_3,x_2_2
3	-4	x_0_2,x_0_3,x_2_3
3	-2	x_0_2,x_0_3,x_2_4
3	-2	x_0_2,x_0_3,x_3_1
3	-4	x_0_2,x_0_3,x_3_2
3	-4	x_0_2,x_0_3,x_3_3
3	-2	x_0_2,x_0_3,x_3_4
3	-2	x_0_2,x_0_3,x_4_1
3	-4	x_0_2,x_0_3,x_4_2
3	-4	x_0_2,x_0_3,x_4_3
3	-2	x_0_2,x_0_3,x_4_4
3	-2	x_0_2,x_0_3,x_5_1
3	-4	x_0_2,x_0_3,x_5_2
3	-4	x_0_2,x_0_3,x_5_3
3	-2	x_0_2,x_0_3,x_5_4
3	-12	x_0_2,x_0_4,x_1_1
3	-4	x_0_2,x_0_4,x_1_2
3	-2	x_0_2,x_0_4,x_1_3
3	-4	x_0_2,x_0_4,x_1_4
3	-2	x_0_2,x_0_4,x_2_1
3	-4	x_0_2,x_0_4,x_2_2
3	-2	x_0_2,x_0_4,x_2_3
3	-4	x_0_2,x_0_4,x_2_4
3	-2	x_0_2,x_0_4,x_3_1
3	-4	x_0_2,x_0_4,x_3_2
3	-2	x_0_2,x_0_4,x_3_3
3	-4	x_0_2,x_0_4,x_3_4
3	-2	x_0_2,x_0_4,x_4_1
3	-4	x_0_2,x_0_4,x_4_2
3	-2	x_0_2,x_0_4,x_4_3
3	-4	x_0_2,x_0_4,x_4_4
3	-2	x_0_2,x_0_4,x_5_1
3	-4	x_0_2,x_0_4,x_5_2
3	-2	x_0_2,x_0_4,x_5_3
3	-4	x_0_2,x_0_4,x_5_4
3	-10	x_0_2,x_1_0,x_1_1
3	-24	x_0_2,x_1_1,x_1_2
3	-12	x_0_2,x_1_1,x_1_3
3	-12	x_0_2,x_1_1,x_1_4
3	-4	x_0_2,x_1_2,x_1_3
3	-4	x_0_2,x_1_2,x_1_4
3	-2	x_0_2,x_1_3,x_1_4
3	-4	x_0_2,x_2_1,x_2_2
3	-2	x_0_2,x_2_1,x_2_3
3	-2	x_0_2,x_2_1,x_2_4
3	-4	x_0_2,x_2_2,x_2_3
3	-4	x_0_2,x_2_2,x_2_4
3	-2	x_0_2,x_2_3,x_2_4
3	-4	x_0_2,x_3_1,x_3_2
3	-2	x_0_2,x_3_1,x_3_3
3	-2	x_0_2,x_3_1,x_3_4
3	-4	x_0_2,x_3_2,x_3_3
3	-4	x_0_2,x_3_2,x_3_4
3	-2	x_0_2,x_3_3,x_3_4
3	-4	x_0_2,x_4_1,x_4_2
3	-2	x_0_2,x_4_1,x_4_3
3	-2	x_0_2,x_4_1,x_4_4
3	-4	x_0_2,x_4_2,x_4_3
3	-4	x_0_2,x_4_2,x_4_4
3	-2	x_0_2,x_4_3,x_4_4
3	-4	x_0_2,x_5_1,x_5_2
3	-2	x_0_2,x_5_1,x_5_3
3	-2	x_0_2,x_5_1,x_5_4
3	-4	x_0_2,x_5_2,x_5_3
3	-4	x_0_2,x_5_2,x_5_4
3	-2	x_0_2,x_5_3,x_5_4
3	-12	x_0_3,x_0_4,x_1_1
3	-2	x_0_3,x_0_4,x_1_2
3	-4	x_0_3,x_0_4,x_1_3
3	-4	x_0_3,x_0_4,x_1_4
3	-2	x_0_3,x_0_4,x_2_1
3	-2	x_0_3,x_0_4,x_2_2
3	-4	x_0_3,x_0_4,x_2_3
3	-4	x_0_3,x_0_4,x_2_4
3	-2	x_0_3,x_0_4,x_3_1
3	-2	x_0_3,x_0_4,x_3_2
3	-4	x_0_3,x_0_4,x_3_3
3	-4	x_0_3,x_0_4,x_3_4
3	-2	x_0_3,x_0_4,x_4_1
3	-2	x_0_3,x_0_4,x_4_2
3	-4	x_0_3,x_0_4,x_4_3
3	-4	x_0_3,x_0_4,x_4_4
3	-2	x_0_3,x_0_4,x_5_1
3	-2	x_0_3,x_0_4,x_5_2
3	-4	x_0_3,x_0_4,x_5_3
3	-4	x_0_3,x_0_4,x_5_4
3	-10	x_0_3,x_1_0,x_1_1
3	-12	x_0_3,x_1_1,x_1_2
3	-24	x_0_3,x_1_1,x_1_3
3	-12	x_0_3,x_1_1,x_1_4
3	-4	x_0_3,x_1_2,x_1_3
3	-2	x_0_3,x_1_2,x_1_4
3	-4	x_0_3,x_1_3,x_1_4
3	-2	x_0_3,x_2_1,x_2_2
3	-4	x_0_3,x_2_1,x_2_3
3	-2	x_0_3,x_2_1,x_2_4
3	-4	x_0_3,x_2_2,x_2_3
3	-2	x_0_3,x_2_2,x_2_4
3	-4	x_0_3,x_2_3,x_2_4
3	-2	x_0_3,x_3_1,x_3_2
3	-4	x_0_3,x_3_1,x_3_3
3	-2	x_0_3,x_3_1,x_3_4
3	-4	x_0_3,x_3_2,x_3_3
3	-2	x_0_3,x_3_2,x_3_4
3	-4	x_0_3,x_3_3,x_3_4
3	-2	x_0_3,x_4_1,x_4_2
3	-4	x_0_3,x_4_1,x_4_3
3	-2	x_0_3,x_4_1,x_4_4
3	-4	x_0_3,x_4_2,x_4_3
3	-2	x_0_3,x_4_2,x_4_4
3	-4	x_0_3,x_4_3,x_4_4
3	-2	x_0_3,x_5_1,x_5_2
3	-4	x_0_3,x_5_1,x_5_3
3	-2	x_0_3,x_5_1,x_5_4
3	-4	x_0_3,x_5_2,x_5_3
3	-2	x_0_3,x_5_2,x_5_4
3	-4	x_0_3,x_5_3,x_5_4
3	-10	x_0_4,x_1_0,x_1_1
3	-12	x_0_4,x_1_1,x_1_2
3	-12	x_0_4,x_1_1,x_1_3
3	-24	x_0_4,x_1_1,x_1_4
3	-2	x_0_4,x_1_2,x_1_3
3	-4	x_0_4,x_1_2,x_1_4
3	-4	x_0_4,x_1_3,x_1_4
3	-2	x_0_4,x_2_1,x_2_2
3	-2	x_0_4,x_2_1,x_2_3
3	-4	x_0_4,x_2_1,x_2_4
3	-2	x_0_4,x_2_2,x_2_3
3	-4	x_0_4,x_2_2,x_2_4
3	-4	x_0_4,x_2_3,x_2_4
3	-2	x_0_4,x_3_1,x_3_2
3	-2	x_0_4,x_3_1,x_3_3
3	-4	x_0_4,x_3_1,x_3_4
3	-2	x_0_4,x_3_2,x_3_3
3	-4	x_0_4,x_3_2,x_3_4
3	-4	x_0_4,x_3_3,x_3_4
3	-2	x_0_4,x_4_1,x_4_2
3	-2	x_0_4,x_4_1,x_4_3
3	-4	x_0_4,x_4_1,x_4_4
3	-2	x_0_4,x_4_2,x_4_3
3	-4	x_0_4,x_4_2,x_4_4
3	-4	x_0_4,x_4_3,x_4_4
3	-2	x_0_4,x_5_1,x_5_2
3	-2	x_0_4,x_5_1,x_5_3
3	-4	x_0_4,x_5_1,x_5_4
3	-2	x_0_4,x_5_2,x_5_3
3	-4	x_0_4,x_5_2,x_5_4
3	-4	x_0_4,x_5_3,x_5_4
3	-10	x_1_0,x_1_1,x_1_2
3	-10	x_1_0,x_1_1,x_1_3
3	-10	x_1_0,x_1_1,x_1_4
3	-10	x_1_0,x_1_1,x_2_0
3	-10	x_1_0,x_1_1,x_2_1
3	10	x_1_0,x_1_1,x_2_2
3	10	x_1_0,x_1_1,x_2_3
3	10	x_1_0,x_1_1,x_2_4
3	-10	x_1_0,x_1_2,x_2_1
3	-10	x_1_0,x_1_3,x_2_1
3	-10	x_1_0,x_1_4,x_2_1
3	-10	x_1_0,x_2_0,x_2_1
3	-10	x_1_0,x_2_1,x_2_2
3	-10	x_1_0,x_2_1,x_2_3
3	-10	x_1_0,x_2_1,x_2_4
3	-17.599999999999998	x_1_1,x_1_2,x_1_3
3	-17.599999999999994	x_1_1,x_1_2,x_1_4
3	-14	x_1_1,x_1_2,x_2_1
3	6	x_1_1,x_1_2,x_2_2
3	-2	x_1_1,x_1_2,x_2_3
3	8	x_1_1,x_1_2,x_2_4
3	-4	x_1_1,x_1_2,x_3_1
3	-4	x_1_1,x_1_2,x_3_2
3	-2	x_1_1,x_1_2,x_3_3
3	-2	x_1_1,x_1_2,x_3_4
3	-4	x_1_1,x_1_2,x_4_1
3	-4	x_1_1,x_1_2,x_4_2
3	-2	x_1_1,x_1_2,x_4_3
3	-2	x_1_1,x_1_2,x_4_4
3	-4	x_1_1,x_1_2,x_5_1
3	-4	x_1_1,x_1_2,x_5_2
3	-2	x_1_1,x_1_2,x_5_3
3	-2	x_1_1,x_1_2,x_5_4
3	-17.599999999999994	x_1_1,x_1_3,x_1_4
3	-14	x_1_1,x_1_3,x_2_1
3	8	x_1_1,x_1_3,x_2_2
3	6	x_1_1,x_1_3,x_2_3
3	8	x_1_1,x_1_3,x_2_4
3	-4	x_1_1,x_1_3,x_3_1
3	-2	x_1_1,x_1_3,x_3_2
3	-4	x_1_1,x_1_3,x_3_3
3	-2	x_1_1,x_1_3,x_3_4
3	-4	x_1_1,x_1_3,x_4_1
3	-2	x_1_1,x_1_3,x_4_2
3	-4	x_1_1,x_1_3,x_4_3
3	-2	x_1_1,x_1_3,x_4_4
3	-4	x_1_1,x_1_3,x_5_1
3	-2	x_1_1,x_1_3,x_5_2
3	-4	x_1_1,x_1_3,x_5_3
3	-2	x_1_1,x_1_3,x_5_4
3	-14	x_1_1,x_1_4,x_2_1
3	8	x_1_1,x_1_4,x_2_2
3	8	x_1_1,x_1_4,x_2_3
3	6	x_1_1,x_1_4,x_2_4
3	-4	x_1_1,x_1_4,x_3_1
3	-2	x_1_1,x_1_4,x_3_2
3	-2	x_1_1,x_1_4,x_3_3
3	-4	x_1_1,x_1_4,x_3_4
3	-4	x_1_1,x_1_4,x_4_1
3	-2	x_1_1,x_1_4,x_4_2
3	-2	x_1_1,x_1_4,x_4_3
3	-4	x_1_1,x_1_4,x_4_4
3	-4	x_1_1,x_1_4,x_5_1
3	-2	x_1_1,x_1_4,x_5_2
3	-2	x_1_1,x_1_4,x_5_3
3	-4	x_1_1,x_1_4,x_5_4
3	-10	x_1_1,x_2_0,x_2_1
3	10	x_1_1,x_2_0,x_2_2
3	10	x_1_1,x_2_0,x_2_3
3	10	x_1_1,x_2_0,x_2_4
3	-14	x_1_1,x_2_1,x_2_2
3	-14	x_1_1,x_2_1,x_2_3
3	-14	x_1_1,x_2_1,x_2_4
3	8	x_1_1,x_2_2,x_2_3
3	18	x_1_1,x_2_2,x_2_4
3	18	x_1_1,x_2_3,x_2_4
3	-4	x_1_1,x_3_1,x_3_2
3	-4	x_1_1,x_3_1,x_3_3
3	-4	x_1_1,x_3_1,x_3_4
3	-2	x_1_1,x_3_2,x_3_3
3	-2	x_1_1,x_3_2,x_3_4
3	-2	x_1_1,x_3_3,x_3_4
3	-4	x_1_1,x_4_1,x_4_2
3	-4	x_1_1,x_4_1,x_4_3
3	-4	x_1_1,x_4_1,x_4_4
3	-2	x_1_1,x_4_2,x_4_3
3	-2	x_1_1,x_4_2,x_4_4
3	-2	x_1_1,x_4_3,x_4_4
3	-4	x_1_1,x_5_1,x_5_2
3	-4	x_1_1,x_5_1,x_5_3
3	-4	x_1_1,x_5_1,x_5_4
3	-2	x_1_1,x_5_2,x_5_3
3	-2	x_1_1,x_5_2,x_5_4
3	-2	x_1_1,x_5_3,x_5_4
3	-107.5	x_1_2,x_1_3,x_1_4
3	-12	x_1_2,x_1_3,x_2_1
3	-4	x_1_2,x_1_3,x_2_2
3	-4	x_1_2,x_1_3,x_2_3
3	-2	x_1_2,x_1_3,x_2_4
3	-2	x_1_2,x_1_3,x_3_1
3	-4	x_1_2,x_1_3,x_3_2
3	-4	x_1_2,x_1_3,x_3_3
3	-2	x_1_2,x_1_3,x_3_4
3	-2	x_1_2,x_1_3,x_4_1
3	-4	x_1_2,x_1_3,x_4_2
3	-4	x_1_2,x_1_3,x_4_3
3	-2	x_1_2,x_1_3,x_4_4
3	-2	x_1_2,x_1_3,x_5_1
3	-4	x_1_2,x_1_3,x_5_2
3	-4	x_1_2,x_1_3,x_5_3
3	-2	x_1_2,x_1_3,x_5_4
3	-12	x_1_2,x_1_4,x_2_1
3	-4	x_1_2,x_1_4,x_2_2
3	-2	x_1_2,x_1_4,x_2_3
3	-4	x_1_2,x_1_4,x_2_4
3	-2	x_1_2,x_1_4,x_3_1
3	-4	x_1_2,x_1_4,x_3_2
3	-2	x_1_2,x_1_4,x_3_3
3	-4	x_1_2,x_1_4,x_3_4
3	-2	x_1_2,x_1_4,x_4_1
3	-4	x_1_2,x_1_4,x_4_2
3	-2	x_1_2,x_1_4,x_4_3
3	-4	x_1_2,x_1_4,x_4_4
3	-2	x_1_2,x_1_4,x_5_1
3	-4	x_1_2,x_1_4,x_5_2
3	-2	x_1_2,x_1_4,x_5_3
3	-4	x_1_2,x_1_4,x_5_4
3	-10	x_1_2,x_2_0,x_2_1
3	-24	x_1_2,x_2_1,x_2_2
3	-12	x_1_2,x_2_1,x_2_3
3	-12	x_1_2,x_2_1,x_2_4
3	-4	x_1_2,x_2_2,x_2_3
3	-4	x_1_2,x_2_2,x_2_4
3	-2	x_1_2,x_2_3,x_2_4
3	-4	x_1_2,x_3_1,x_3_2
3	-2	x_1_2,x_3_1,x_3_3
3	-2	x_1_2,x_3_1,x_3_4
3	-4	x_1_2,x_3_2,x_3_3
3	-4	x_1_2,x_3_2,x_3_4
3	-2	x_1_2,x_3_3,x_3_4
3	-4	x_1_2,x_4_1,x_4_2
3	-2	x_1_2,x_4_1,x_4_3
3	-2	x_1_2,x_4_1,x_4_4
3	-4	x_1_2,x_4_2,x_4_3
3	-4	x_1_2,x_4_2,x_4_4
3	-2	x_1_2,x_4_3,x_4_4
3	-4	x_1_2,x_5_1,x_5_2
3	-2	x_1_2,x_5_1,x_5_3
3	-2	x_1_2,x_5_1,x_5_4
3	-4	x_1_2,x_5_2,x_5_3
3	-4	x_1_2,x_5_2,x_5_4
3	-2	x_1_2,x_5_3,x_5_4
3	-12	x_1_3,x_1_4,x_2_1
3	-2	x_1_3,x_1_4,x_2_2
3	-4	x_1_3,x_1_4,x_2_3
3	-4	x_1_3,x_1_4,x_2_4
3	-2	x_1_3,x_1_4,x_3_1
3	-2	x_1_3,x_1_4,x_3_2
3	-4	x_1_3,x_1_4,x_3_3
3	-4	x_1_3,x_1_4,x_3_4
3	-2	x_1_3,x_1_4,x_4_1
3	-2	x_1_3,x_1_4,x_4_2
3	-4	x_1_3,x_1_4,x_4_3
3	-4	x_1_3,x_1_4,x_4_4
3	-2	x_1_3,x_1_4,x_5_1
3	-2	x_1_3,x_1_4,x_5_2
3	-4	x_1_3,x_1_4,x_5_3
3	-4	x_1_3,x_1_4,x_5_4
3	-10	x_1_3,x_2_0,x_2_1
3	-12	x_1_3,x_2_1,x_2_2
3	-24	x_1_3,x_2_1,x_2_3
3	-12	x_1_3,x_2_1,x_2_4
3	-4	x_1_3,x_2_2,x_2_3
3	-2	x_1_3,x_2_2,x_2_4
3	-4	x_1_3,x_2_3,x_2_4
3	-2	x_1_3,x_3_1,x_3_2
3	-4	x_1_3,x_3_1,x_3_3
3	-2	x_1_3,x_3_1,x_3_4
3	-4	x_1_3,x_3_2,x_3_3
3	-2	x_1_3,x_3_2,x_3_4
3	-4	x_1_3,x_3_3,x_3_4
3	-2	x_1_3,x_4_1,x_4_2
3	-4	x_1_3,x_4_1,x_4_3
3	-2	x_1_3,x_4_1,x_4_4
3	-4	x_1_3,x_4_2,x_4_3
3	-2	x_1_3,x_4_2,x_4_4
3	-4	x_1_3,x_4_3,x_4_4
3	-2	x_1_3,x_5_1,x_5_2
3	-4	x_1_3,x_5_1,x_5_3
3	-2	x_1_3,x_5_1,x_5_4
3	-4	x_1_3,x_5_2,x_5_3
3	-2	x_1_3,x_5_2,x_5_4
3	-4	x_1_3,x_5_3,x_5_4
3	-10	x_1_4,x_2_0,x_2_1
3	-12	x_1_4,x_2_1,x_2_2
3	-12	x_1_4,x_2_1,x_2_3
3	-24	x_1_4,x_2_1,x_2_4
3	-2	x_1_4,x_2_2,x_2_3
3	-4	x_1_4,x_2_2,x_2_4
3	-4	x_1_4,x_2_3,x_2_4
3	-2	x_1_4,x_3_1,x_3_2
3	-2	x_1_4,x_3_1,x_3_3
3	-4	x_1_4,x_3_1,x_3_4
3	-2	x_1_4,x_3_2,x_3_3
3	-4	x_1_4,x_3_2,x_3_4
3	-4	x_1_4,x_3_3,x_3_4
3	-2	x_1_4,x_4_1,x_4_2
3	-2	x_1_4,x_4_1,x_4_3
3	-4	x_1_4,x_4_1,x_4_4
3	-2	x_1_4,x_4_2,x_4_3
3	-4	x_1_4,x_4_2,x_4_4
3	-4	x_1_4,x_4_3,x_4_4
3	-2	x_1_4,x_5_1,x_5_2
3	-2	x_1_4,x_5_1,x_5_3
3	-4	x_1_4,x_5_1,x_5_4
3	-2	x_1_4,x_5_2,x_5_3
3	-4	x_1_4,x_5_2,x_5_4
3	-4	x_1_4,x_5_3,x_5_4
3	-10	x_2_0,x_2_1,x_2_2
3	-10	x_2_0,x_2_1,x_2_3
3	-10	x_2_0,x_2_1,x_2_4
3	-10	x_2_0,x_2_1,x_3_0
3	-10	x_2_0,x_2_1,x_3_1
3	10	x_2_0,x_2_1,x_3_2
3	10	x_2_0,x_2_1,x_3_3
3	10	x_2_0,x_2_1,x_3_4
3	-10	x_2_0,x_2_2,x_3_1
3	-10	x_2_0,x_2_3,x_3_1
3	-10	x_2_0,x_2_4,x_3_1
3	-10	x_2_0,x_3_0,x_3_1
3	-10	x_2_0,x_3_1,x_3_2
3	-10	x_2_0,x_3_1,x_3_3
3	-10	x_2_0,x_3_1,x_3_4
3	-17.599999999999998	x_2_1,x_2_2,x_2_3
3	-17.599999999999994	x_2_1,x_2_2,x_2_4
3	-14	x_2_1,x_2_2,x_3_1
3	6	x_2_1,x_2_2,x_3_2
3	-2	x_2_1,x_2_2,x_3_3
3	8	x_2_1,x_2_2,x_3_4
3	-4	x_2_1,x_2_2,x_4_1
3	-4	x_2_1,x_2_2,x_4_2
3	-2	x_2_1,x_2_2,x_4_3
3	-2	x_2_1,x_2_2,x_4_4
3	-4	x_2_1,x_2_2,x_5_1
3	-4	x_2_1,x_2_2,x_5_2
3	-2	x_2_1,x_2_2,x_5_3
3	-2	x_2_1,x_2_2,x_5_4
3	-17.599999999999994	x_2_1,x_2_3,x_2_4
3	-14	x_2_1,x_2_3,x_3_1
3	8	x_2_1,x_2_3,x_3_2
3	6	x_2_1,x_2_3,x_3_3
3	8	x_2_1,x_2_3,x_3_4
3	-4	x_2_1,x_2_3,x_4_1
3	-2	x_2_1,x_2_3,x_4_2
3	-4	x_2_1,x_2_3,x_4_3
3	-2	x_2_1,x_2_3,x_4_4
3	-4	x_2_1,x_2_3,x_5_1
3	-2	x_2_1,x_2_3,x_5_2
3	-4	x_2_1,x_2_3,x_5_3
3	-2	x_2_1,x_2_3,x_5_4
3	-14	x_2_1,x_2_4,x_3_1
3	8	x_2_1,x_2_4,x_3_2
3	8	x_2_1,x_2_4,x_3_3
3	6	x_2_1,x_2_4,x_3_4
3	-4	x_2_1,x_2_4,x_4_1
3	-2	x_2_1,x_2_4,x_4_2
3	-2	x_2_1,x_2_4,x_4_3
3	-4	x_2_1,x_2_4,x_4_4
3	-4	x_2_1,x_2_4,x_5_1
3	-2	x_2_1,x_2_4,x_5_2
3	-2	x_2_1,x_2_4,x_5_3
3	-4	x_2_1,x_2_4,x_5_4
3	-10	x_2_1,x_3_0,x_3_1
3	10	x_2_1,x_3_0,x_3_2
3	10	x_2_1,x_3_0,x_3_3
3	10	x_2_1,x_3_0,x_3_4
3	-14	x_2_1,x_3_1,x_3_2
3	-14	x_2_1,x_3_1,x_3_3
3	-14	x_2_1,x_3_1,x_3_4
3	8	x_2_1,x_3_2,x_3_3
3	18	x_2_1,x_3_2,x_3_4
3	18	x_2_1,x_3_3,x_3_4
3	-4	x_2_1,x_4_1,x_4_2
3	-4	x_2_1,x_4_1,x_4_3
3	-4	x_2_1,x_4_1,x_4_4
3	-2	x_2_1,x_4_2,x_4_3
3	-2	x_2_1,x_4_2,x_4_4
3	-2	x_2_1,x_4_3,x_4_4
3	-4	x_2_1,x_5_1,x_5_2
3	-4	x_2_1,x_5_1,x_5_3
3	-4	x_2_1,x_5_1,x_5_4
3	-2	x_2_1,x_5_2,x_5_3
3	-2	x_2_1,x_5_2,x_5_4
3	-2	x_2_1,x_5_3,x_5_4
3	-107.5	x_2_2,x_2_3,x_2_4
3	-12	x_2_2,x_2_3,x_3_1
3	-4	x_2_2,x_2_3,x_3_2
3	-4	x_2_2,x_2_3,x_3_3
3	-2	x_2_2,x_2_3,x_3_4
3	-2	x_2_2,x_2_3,x_4_1
3	-4	x_2_2,x_2_3,x_4_2
3	-4	x_2_2,x_2_3,x_4_3
3	-2	x_2_2,x_2_3,x_4_4
3	-2	x_2_2,x_2_3,x_5_1
3	-4	x_2_2,x_2_3,x_5_2
3	-4	x_2_2,x_2_3,x_5_3
3	-2	x_2_2,x_2_3,x_5_4
3	-12	x_2_2,x_2_4,x_3_1
3	-4	x_2_2,x_2_4,x_3_2
3	-2	x_2_2,x_2_4,x_3_3
3	-4	x_2_2,x_2_4,x_3_4
3	-2	x_2_2,x_2_4,x_4_1
3	-4	x_2_2,x_2_4,x_4_2
3	-2	x_2_2,x_2_4,x_4_3
3	-4	x_2_2,x_2_4,x_4_4
3	-2	x_2_2,x_2_4,x_5_1
3	-4	x_2_2,x_2_4,x_5_2
3	-2	x_2_2,x_2_4,x_5_3
3	-4	x_2_2,x_2_4,x_5_4
3	-10	x_2_2,x_3_0,x_3_1
3	-24	x_2_2,x_3_1,x_3_2
3	-12	x_2_2,x_3_1,x_3_3
3	-12	x_2_2,x_3_1,x_3_4
3	-4	x_2_2,x_3_2,x_3_3
3	-4	x_2_2,x_3_2,x_3_4
3	-2	x_2_2,x_3_3,x_3_4
3	-4	x_2_2,x_4_1,x_4_2
3	-2	x_2_2,x_4_1,x_4_3
3	-2	x_2_2,x_4_1,x_4_4
3	-4	x_2_2,x_4_2,x_4_3
3	-4	x_2_2,x_4_2,x_4_4
3	-2	x_2_2,x_4_3,x_4_4
3	-4	x_2_2,x_5_1,x_5_2
3	-2	x_2_2,x_5_1,x_5_3
3	-2	x_2_2,x_5_1,x_5_4
3	-4	x_2_2,x_5_2,x_5_3
3	-4	x_2_2,x_5_2,x_5_4
3	-2	x_2_2,x_5_3,x_5_4
3	-12	x_2_3,x_2_4,x_3_1
3	-2	x_2_3,x_2_4,x_3_2
3	-4	x_2_3,x_2_4,x_3_3
3	-4	x_2_3,x_2_4,x_3_4
3	-2	x_2_3,x_2_4,x_4_1
3	-2	x_2_3,x_2_4,x_4_2
3	-4	x_2_3,x_2_4,x_4_3
3	-4	x_2_3,x_2_4,x_4_4
3	-2	x_2_3,x_2_4,x_5_1
3	-2	x_2_3,x_2_4,x_5_2
3	-4	x_2_3,x_2_4,x_5_3
3	-4	x_2_3,x_2_4,x_5_4
3	-10	x_2_3,x_3_0,x_3_1
3	-12	x_2_3,x_3_1,x_3_2
3	-24	x_2_3,x_3_1,x_3_3
3	-12	x_2_3,x_3_1,x_3_4
3	-4	x_2_3,x_3_2,x_3_3
3	-2	x_2_3,x_3_2,x_3_4
3	-4	x_2_3,x_3_3,x_3_4
3	-2	x_2_3,x_4_1,x_4_2
3	-4	x_2_3,x_4_1,x_4_3
3	-2	x_2_3,x_4_1,x_4_4
3	-4	x_2_3,x_4_2,x_4_3
3	-2	x_2_3,x_4_2,x_4_4
3	-4	x_2_3,x_4_3,x_4_4
3	-2	x_2_3,x_5_1,x_5_2
3	-4	x_2_3,x_5_1,x_5_3
3	-2	x_2_3,x_5_1,x_5_4
3	-4	x_2_3,x_5_2,x_5_3
3	-2	x_2_3,x_5_2,x_5_4
3	-4	x_2_3,x_5_3,x_5_4
3	-10	x_2_4,x_3_0,x_3_1
3	-12	x_2_4,x_3_1,x_3_2
3	-12	x_2_4,x_3_1,x_3_3
3	-24	x_2_4,x_3_1,x_3_4
3	-2	x_2_4,x_3_2,x_3_3
3	-4	x_2_4,x_3_2,x_3_4
3	-4	x_2_4,x_3_3,x_3_4
3	-2	x_2_4,x_4_1,x_4_2
3	-2	x_2_4,x_4_1,x_4_3
3	-4	x_2_4,x_4_1,x_4_4
3	-2	x_2_4,x_4_2,x_4_3
3	-4	x_2_4,x_4_2,x_4_4
3	-4	x_2_4,x_4_3,x_4_4
3	-2	x_2_4,x_5_1,x_5_2
3	-2	x_2_4,x_5_1,x_5_3
3	-4	x_2_4,x_5_1,x_5_4
3	-2	x_2_4,x_5_2,x_5_3
3	-4	x_2_4,x_5_2,x_5_4
3	-4	x_2_4,x_5_3,x_5_4
3	-10	x_3_0,x_3_1,x_3_2
3	-10	x_3_0,x_3_1,x_3_3
3	-10	x_3_0,x_3_1,x_3_4
3	-10	x_3_0,x_3_1,x_4_0
3	-10	x_3_0,x_3_1,x_4_1
3	10	x_3_0,x_3_1,x_4_2
3	10	x_3_0,x_3_1,x_4_3
3	10	x_3_0,x_3_1,x_4_4
3	-10	x_3_0,x_3_2,x_4_1
3	-10	x_3_0,x_3_3,x_4_1
3	-10	x_3_0,x_3_4,x_4_1
3	-10	x_3_0,x_4_0,x_4_1
3	-10	x_3_0,x_4_1,x_4_2
3	-10	x_3_0,x_4_1,x_4_3
3	-10	x_3_0,x_4_1,x_4_4
3	-17.599999999999998	x_3_1,x_3_2,x_3_3
3	-17.599999999999994	x_3_1,x_3_2,x_3_4
3	-14	x_3_1,x_3_2,x_4_1
3	6	x_3_1,x_3_2,x_4_2
3	-2	x_3_1,x_3_2,x_4_3
3	8	x_3_1,x_3_2,x_4_4
3	-4	x_3_1,x_3_2,x_5_1
3	-4	x_3_1,x_3_2,x_5_2
3	-2	x_3_1,x_3_2,x_5_3
3	-2	x_3_1,x_3_2,x_5_4
3	-17.599999999999994	x_3_1,x_3_3,x_3_4
3	-14	x_3_1,x_3_3,x_4_1
3	8	x_3_1,x_3_3,x_4_2
3	6	x_3_1,x_3_3,x_4_3
3	8	x_3_1,x_3_3,x_4_4
3	-4	x_3_1,x_3_3,x_5_1
3	-2	x_3_1,x_3_3,x_5_2
3	-4	x_3_1,x_3_3,x_5_3
3	-2	x_3_1,x_3_3,x_5_4
3	-14	x_3_1,x_3_4,x_4_1
3	8	x_3_1,x_3_4,x_4_2
3	8	x_3_1,x_3_4,x_4_3
3	6	x_3_1,x_3_4,x_4_4
3	-4	x_3_1,x_3_4,x_5_1
3	-2	x_3_1,x_3_4,x_5_2
3	-2	x_3_1,x_3_4,x_5_3
3	-4	x_3_1,x_3_4,x_5_4
3	-10	x_3_1,x_4_0,x_4_1
3	10	x_3_1,x_4_0,x_4_2
3	10	x_3_1,x_4_0,x_4_3
3	10	x_3_1,x_4_0,x_4_4
3	-14	x_3_1,x_4_1,x_4_2
3	-14	x_3_1,x_4_1,x_4_3
3	-14	x_3_1,x_4_1,x_4_4
3	8	x_3_1,x_4_2,x_4_3
3	18	x_3_1,x_4_2,x_4_4
3	18	x_3_1,x_4_3,x_4_4
3	-4	x_3_1,x_5_1,x_5_2
3	-4	x_3_1,x_5_1,x_5_3
3	-4	x_3_1,x_5_1,x_5_4
3	-2	x_3_1,x_5_2,x_5_3
3	-2	x_3_1,x_5_2,x_5_4
3	-2	x_3_1,x_5_3,x_5_4
3	-107.5	x_3_2,x_3_3,x_3_4
3	-12	x_3_2,x_3_3,x_4_1
3	-4	x_3_2,x_3_3,x_4_2
3	-4	x_3_2,x_3_3,x_4_3
3	-2	x_3_2,x_3_3,x_4_4
3	-2	x_3_2,x_3_3,x_5_1
3	-4	x_3_2,x_3_3,x_5_2
3	-4	x_3_2,x_3_3,x_5_3
3	-2	x_3_2,x_3_3,x_5_4
3	-12	x_3_2,x_3_4,x_4_1
3	-4	x_3_2,x_3_4,x_4_2
3	-2	x_3_2,x_3_4,x_4_3
3	-4	x_3_2,x_3_4,x_4_4
3	-2	x_3_2,x_3_4,x_5_1
3	-4	x_3_2,x_3_4,x_5_2
3	-2	x_3_2,x_3_4,x_5_3
3	-4	x_3_2,x_3_4,x_5_4
3	-10	x_3_2,x_4_0,x_4_1
3	-24	x_3_2,x_4_1,x_4_2
3	-12	x_3_2,x_4_1,x_4_3
3	-12	x_3_2,x_4_1,x_4_4
3	-4	x_3_2,x_4_2,x_4_3
3	-4	x_3_2,x_4_2,x_4_4
3	-2	x_3_2,x_4_3,x_4_4
3	-4	x_3_2,x_5_1,x_5_2
3	-2	x_3_2,x_5_1,x_5_3
3	-2	x_3_2,x_5_1,x_5_4
3	-4	x_3_2,x_5_2,x_5_3
3	-4	x_3_2,x_5_2,x_5_4
3	-2	x_3_2,x_5_3,x_5_4
3	-12	x_3_3,x_3_4,x_4_1
3	-2	x_3_3,x_3_4,x_4_2
3	-4	x_3_3,x_3_4,x_4_3
3	-4	x_3_3,x_3_4,x_4_4
3	-2	x_3_3,x_3_4,x_5_1
3	-2	x_3_3,x_3_4,x_5_2
3	-4	x_3_3,x_3_4,x_5_3
3	-4	x_3_3,x_3_4,x_5_4
3	-10	x_3_3,x_4_0,x_4_1
3	-12	x_3_3,x_4_1,x_4_2
3	-24	x_3_3,x_4_1,x_4_3
3	-12	x_3_3,x_4_1,x_4_4
3	-4	x_3_3,x_4_2,x_4_3
3	-2	x_3_3,x_4_2,x_4_4
3	-4	x_3_3,x_4_3,x_4_4
3	-2	x_3_3,x_5_1,x_5_2
3	-4	x_3_3,x_5_1,x_5_3
3	-2	x_3_3,x_5_1,x_5_4
3	-4	x_3_3,x_5_2,x_5_3
3	-2	x_3_3,x_5_2,x_5_4
3	-4	x_3_3,x_5_3,x_5_4
3	-10	x_3_4,x_4_0,x_4_1
3	-12	x_3_4,x_4_1,x_4_2
3	-12	x_3_4,x_4_1,x_4_3
3	-24	x_3_4,x_4_1,x_4_4
3	-2	x_3_4,x_4_2,x_4_3
3	-4	x_3_4,x_4_2,x_4_4
3	-4	x_3_4,x_4_3,x_4_4
3	-2	x_3_4,x_5_1,x_5_2
3	-2	x_3_4,x_5_1,x_5_3
3	-4	x_3_4,x_5_1,x_5_4
3	-2	x_3_4,x_5_2,x_5_3
3	-4	x_3_4,x_5_2,x_5_4
3	-4	x_3_4,x_5_3,x_5_4
3	-10	x_4_0,x_4_1,x_4_2
3	-10	x_4_0,x_4_1,x_4_3
3	-10	x_4_0,x_4_1,x_4_4
3	-10	x_4_0,x_4_1,x_5_0
3	-10	x_4_0,x_4_1,x_5_1
3	10	x_4_0,x_4_1,x_5_2
3	10	x_4_0,x_4_1,x_5_3
3	10	x_4_0,x_4_1,x_5_4
3	-10	x_4_0,x_4_2,x_5_1
3	-10	x_4_0,x_4_3,x_5_1
3	-10	x_4_0,x_4_4,x_5_1
3	-10	x_4_0,x_5_0,x_5_1
3	-10	x_4_0,x_5_1,x_5_2
3	-10	x_4_0,x_5_1,x_5_3
3	-10	x_4_0,x_5_1,x_5_4
3	-17.599999999999998	x_4_1,x_4_2,x_4_3
3	-17.599999999999994	x_4_1,x_4_2,x_4_4
3	-14	x_4_1,x_4_2,x_5_1
3	6	x_4_1,x_4_2,x_5_2
3	-2	x_4_1,x_4_2,x_5_3
3	8	x_4_1,x_4_2,x_5_4
3	-17.599999999999994	x_4_1,x_4_3,x_4_4
3	-14	x_4_1,x_4_3,x_5_1
3	8	x_4_1,x_4_3,x_5_2
3	6	x_4_1,x_4_3,x_5_3
3	8	x_4_1,x_4_3,x_5_4
3	-14	x_4_1,x_4_4,x_5_1
3	8	x_4_1,x_4_4,x_5_2
3	8	x_4_1,x_4_4,x_5_3
3	6	x_4_1,x_4_4,x_5_4
3	-10	x_4_1,x_5_0,x_5_1
3	10	x_4_1,x_5_0,x_5_2
3	10	x_4_1,x_5_0,x_5_3
3	10	x_4_1,x_5_0,x_5_4
3	-14	x_4_1,x_5_1,x_5_2
3	-14	x_4_1,x_5_1,x_5_3
3	-14	x_4_1,x_5_1,x_5_4
3	8	x_4_1,x_5_2,x_5_3
3	18	x_4_1,x_5_2,x_5_4
3	18	x_4_1,x_5_3,x_5_4
3	-107.5	x_4_2,x_4_3,x_4_4
3	-12	x_4_2,x_4_3,x_5_1
3	-4	x_4_2,x_4_3,x_5_2
3	-4	x_4_2,x_4_3,x_5_3
3	-2	x_4_2,x_4_3,x_5_4
3	-12	x_4_2,x_4_4,x_5_1
3	-4	x_4_2,x_4_4,x_5_2
3	-2	x_4_2,x_4_4,x_5_3
3	-4	x_4_2,x_4_4,x_5_4
3	-10	x_4_2,x_5_0,x_5_1
3	-24	x_4_2,x_5_1,x_5_2
3	-12	x_4_2,x_5_1,x_5_3
3	-12	x_4_2,x_5_1,x_5_4
3	-4	x_4_2,x_5_2,x_5_3
3	-4	x_4_2,x_5_2,x_5_4
3	-2	x_4_2,x_5_3,x_5_4
3	-12	x_4_3,x_4_4,x_5_1
3	-2	x_4_3,x_4_4,x_5_2
3	-4	x_4_3,x_4_4,x_5_3
3	-4	x_4_3,x_4_4,x_5_4
3	-10	x_4_3,x_5_0,x_5_1
3	-12	x_4_3,x_5_1,x_5_2
3	-24	x_4_3,x_5_1,x_5_3
3	-12	x_4_3,x_5_1,x_5_4
3	-4	x_4_3,x_5_2,x_5_3
3	-2	x_4_3,x_5_2,x_5_4
3	-4	x_4_3,x_5_3,x_5_4
3	-10	x_4_4,x_5_0,x_5_1
3	-12	x_4_4,x_5_1,x_5_2
3	-12	x_4_4,x_5_1,x_5_3
3	-24	x_4_4,x_5_1,x_5_4
3	-2	x_4_4,x_5_2,x_5_3
3	-4	x_4_4,x_5_2,x_5_4
3	-4	x_4_4,x_5_3,x_5_4
3	-10	x_5_0,x_5_1,x_5_2
3	-10	x_5_0,x_5_1,x_5_3
3	-10	x_5_0,x_5_1,x_5_4
3	-17.599999999999998	x_5_1,x_5_2,x_5_3
3	-17.599999999999994	x_5_1,x_5_2,x_5_4
3	-17.599999999999994	x_5_1,x_5_3,x_5_4
3	-107.5	x_5_2,x_5_3,x_5_4
4	10	x_0_0,x_0_1,x_0_2,x_1_0
4	10	x_0_0,x_0_1,x_0_2,x_1_1
4	-10	x_0_0,x_0_1,x_0_2,x_1_2
4	-10	x_0_0,x_0_1,x_0_2,x_1_4
4	10	x_0_0,x_0_1,x_0_3,x_1_0
4	10	x_0_0,x_0_1,x_0_3,x_1_1
4	-10	x_0_0,x_0_1,x_0_3,x_1_2
4	-10	x_0_0,x_0_1,x_0_3,x_1_3
4	-10	x_0_0,x_0_1,x_0_3,x_1_4
4	10	x_0_0,x_0_1,x_0_4,x_1_0
4	10	x_0_0,x_0_1,x_0_4,x_1_1
4	-10	x_0_0,x_0_1,x_0_4,x_1_2
4	-10	x_0_0,x_0_1,x_0_4,x_1_3
4	-10	x_0_0,x_0_1,x_0_4,x_1_4
4	20	x_0_0,x_0_1,x_1_0,x_1_1
4	10	x_0_0,x_0_1,x_1_1,x_1_2
4	10	x_0_0,x_0_1,x_1_1,x_1_3
4	10	x_0_0,x_0_1,x_1_1,x_1_4
4	-10	x_0_0,x_0_1,x_1_2,x_1_3
4	-20	x_0_0,x_0_1,x_1_2,x_1_4
4	-20	x_0_0,x_0_1,x_1_3,x_1_4
4	10	x_0_0,x_0_2,x_0_3,x_1_1
4	10	x_0_0,x_0_2,x_0_4,x_1_1
4	20	x_0_0,x_0_2,x_1_1,x_1_2
4	10	x_0_0,x_0_2,x_1_1,x_1_3
4	10	x_0_0,x_0_2,x_1_1,x_1_4
4	10	x_0_0,x_0_3,x_0_4,x_1_1
4	10	x_0_0,x_0_3,x_1_1,x_1_2
4	20	x_0_0,x_0_3,x_1_1,x_1_3
4	10	x_0_0,x_0_3,x_1_1,x_1_4
4	10	x_0_0,x_0_4,x_1_1,x_1_2
4	10	x_0_0,x_0_4,x_1_1,x_1_3
4	20	x_0_0,x_0_4,x_1_1,x_1_4
4	10	x_0_0,x_1_0,x_1_1,x_1_2
4	10	x_0_0,x_1_0,x_1_1,x_1_3
4	10	x_0_0,x_1_0,x_1_1,x_1_4
4	10	x_0_0,x_1_1,x_1_2,x_1_3
4	10	x_0_0,x_1_1,x_1_2,x_1_4
4	10	x_0_0,x_1_1,x_1_3,x_1_4
4	7.5999999999999943	x_0_1,x_0_2,x_0_3,x_0_4
4	14	x_0_1,x_0_2,x_0_3,x_1_1
4	-6	x_0_1,x_0_2,x_0_3,x_1_2
4	4	x_0_1,x_0_2,x_0_3,x_1_3
4	-18	x_0_1,x_0_2,x_0_3,x_1_4
4	4	x_0_1,x_0_2,x_0_3,x_2_1
4	4	x_0_1,x_0_2,x_0_3,x_2_2
4	4	x_0_1,x_0_2,x_0_3,x_2_3
4	2	x_0_1,x_0_2,x_0_3,x_2_4
4	4	x_0_1,x_0_2,x_0_3,x_3_1
4	4	x_0_1,x_0_2,x_0_3,x_3_2
4	4	x_0_1,x_0_2,x_0_3,x_3_3
4	2	x_0_1,x_0_2,x_0_3,x_3_4
4	4	x_0_1,x_0_2,x_0_3,x_4_1
4	4	x_0_1,x_0_2,x_0_3,x_4_2
4	4	x_0_1,x_0_2,x_0_3,x_4_3
4	2	x_0_1,x_0_2,x_0_3,x_4_4
4	4	x_0_1,x_0_2,x_0_3,x_5_1
4	4	x_0_1,x_0_2,x_0_3,x_5_2
4	4	x_0_1,x_0_2,x_0_3,x_5_3
4	2	x_0_1,x_0_2,x_0_3,x_5_4
4	14	x_0_1,x_0_2,x_0_4,x_1_1
4	-6	x_0_1,x_0_2,x_0_4,x_1_2
4	2	x_0_1,x_0_2,x_0_4,x_1_3
4	-6	x_0_1,x_0_2,x_0_4,x_1_4
4	4	x_0_1,x_0_2,x_0_4,x_2_1
4	4	x_0_1,x_0_2,x_0_4,x_2_2
4	2	x_0_1,x_0_2,x_0_4,x_2_3
4	4	x_0_1,x_0_2,x_0_4,x_2_4
4	4	x_0_1,x_0_2,x_0_4,x_3_1
4	4	x_0_1,x_0_2,x_0_4,x_3_2
4	2	x_0_1,x_0_2,x_0_4,x_3_3
4	4	x_0_1,x_0_2,x_0_4,x_3_4
4	4	x_0_1,x_0_2,x_0_4,x_4_1
4	4	x_0_1,x_0_2,x_0_4,x_4_2
4	2	x_0_1,x_0_2,x_0_4,x_4_3
4	4	x_0_1,x_0_2,x_0_4,x_4_4
4	4	x_0_1,x_0_2,x_0_4,x_5_1
4	4	x_0_1,x_0_2,x_0_4,x_5_2
4	2	x_0_1,x_0_2,x_0_4,x_5_3
4	4	x_0_1,x_0_2,x_0_4,x_5_4
4	10	x_0_1,x_0_2,x_1_0,x_1_1
4	-10	x_0_1,x_0_2,x_1_0,x_1_2
4	-10	x_0_1,x_0_2,x_1_0,x_1_4
4	28	x_0_1,x_0_2,x_1_1,x_1_2
4	24	x_0_1,x_0_2,x_1_1,x_1_3
4	14	x_0_1,x_0_2,x_1_1,x_1_4
4	4	x_0_1,x_0_2,x_1_2,x_1_3
4	-16	x_0_1,x_0_2,x_1_2,x_1_4
4	-8	x_0_1,x_0_2,x_1_3,x_1_4
4	8	x_0_1,x_0_2,x_2_1,x_2_2
4	4	x_0_1,x_0_2,x_2_1,x_2_3
4	4	x_0_1,x_0_2,x_2_1,x_2_4
4	4	x_0_1,x_0_2,x_2_2,x_2_3
4	4	x_0_1,x_0_2,x_2_2,x_2_4
4	2	x_0_1,x_0_2,x_2_3,x_2_4
4	8	x_0_1,x_0_2,x_3_1,x_3_2
4	4	x_0_1,x_0_2,x_3_1,x_3_3
4	4	x_0_1,x_0_2,x_3_1,x_3_4
4	4	x_0_1,x_0_2,x_3_2,x_3_3
4	4	x_0_1,x_0_2,x_3_2,x_3_4
4	2	x_0_1,x_0_2,x_3_3,x_3_4
4	8	x_0_1,x_0_2,x_4_1,x_4_2
4	4	x_0_1,x_0_2,x_4_1,x_4_3
4	4	x_0_1,x_0_2,x_4_1,x_4_4
4	4	x_0_1,x_0_2,x_4_2,x_4_3
4	4	x_0_1,x_0_2,x_4_2,x_4_4
4	2	x_0_1,x_0_2,x_4_3,x_4_4
4	8	x_0_1,x_0_2,x_5_1,x_5_2
4	4	x_0_1,x_0_2,x_5_1,x_5_3
4	4	x_0_1,x_0_2,x_5_1,x_5_4
4	4	x_0_1,x_0_2,x_5_2,x_5_3
4	4	x_0_1,x_0_2,x_5_2,x_5_4
4	2	x_0_1,x_0_2,x_5_3,x_5_4
4	14	x_0_1,x_0_3,x_0_4,x_1_1
4	-8	x_0_1,x_0_3,x_0_4,x_1_2
4	-6	x_0_1,x_0_3,x_0_4,x_1_3
4	-6	x_0_1,x_0_3,x_0_4,x_1_4
4	4	x_0_1,x_0_3,x_0_4,x_2_1
4	2	x_0_1,x_0_3,x_0_4,x_2_2
4	4	x_0_1,x_0_3,x_0_4,x_2_3
4	4	x_0_1,x_0_3,x_0_4,x_2_4
4	4	x_0_1,x_0_3,x_0_4,x_3_1
4	2	x_0_1,x_0_3,x_0_4,x_3_2
4	4	x_0_1,x_0_3,x_0_4,x_3_3
4	4	x_0_1,x_0_3,x_0_4,x_3_4
4	4	x_0_1,x_0_3,x_0_4,x_4_1
4	2	x_0_1,x_0_3,x_0_4,x_4_2
4	4	x_0_1,x_0_3,x_0_4,x_4_3
4	4	x_0_1,x_0_3,x_0_4,x_4_4
4	4	x_0_1,x_0_3,x_0_4,x_5_1
4	2	x_0_1,x_0_3,x_0_4,x_5_2
4	4	x_0_1,x_0_3,x_0_4,x_5_3
4	4	x_0_1,x_0_3,x_0_4,x_5_4
4	10	x_0_1,x_0_3,x_1_0,x_1_1
4	-10	x_0_1,x_0_3,x_1_0,x_1_2
4	-10	x_0_1,x_0_3,x_1_0,x_1_3
4	-10	x_0_1,x_0_3,x_1_0,x_1_4
4	14	x_0_1,x_0_3,x_1_1,x_1_2
4	28	x_0_1,x_0_3,x_1_1,x_1_3
4	14	x_0_1,x_0_3,x_1_1,x_1_4
4	-16	x_0_1,x_0_3,x_1_2,x_1_3
4	-18	x_0_1,x_0_3,x_1_2,x_1_4
4	-16	x_0_1,x_0_3,x_1_3,x_1_4
4	4	x_0_1,x_0_3,x_2_1,x_2_2
4	8	x_0_1,x_0_3,x_2_1,x_2_3
4	4	x_0_1,x_0_3,x_2_1,x_2_4
4	4	x_0_1,x_0_3,x_2_2,x_2_3
4	2	x_0_1,x_0_3,x_2_2,x_2_4
4	4	x_0_1,x_0_3,x_2_3,x_2_4
4	4	x_0_1,x_0_3,x_3_1,x_3_2
4	8	x_0_1,x_0_3,x_3_1,x_3_3
4	4	x_0_1,x_0_3,x_3_1,x_3_4
4	4	x_0_1,x_0_3,x_3_2,x_3_3
4	2	x_0_1,x_0_3,x_3_2,x_3_4
4	4	x_0_1,x_0_3,x_3_3,x_3_4
4	4	x_0_1,x_0_3,x_4_1,x_4_2
4	8	x_0_1,x_0_3,x_4_1,x_4_3
4	4	x_0_1,x_0_3,x_4_1,x_4_4
4	4	x_0_1,x_0_3,x_4_2,x_4_3
4	2	x_0_1,x_0_3,x_4_2,x_4_4
4	4	x_0_1,x_0_3,x_4_3,x_4_4
4	4	x_0_1,x_0_3,x_5_1,x_5_2
4	8	x_0_1,x_0_3,x_5_1,x_5_3
4	4	x_0_1,x_0_3,x_5_1,x_5_4
4	4	x_0_1,x_0_3,x_5_2,x_5_3
4	2	x_0_1,x_0_3,x_5_2,x_5_4
4	4	x_0_1,x_0_3,x_5_3,x_5_4
4	10	x_0_1,x_0_4,x_1_0,x_1_1
4	-10	x_0_1,x_0_4,x_1_0,x_1_2
4	-10	x_0_1,x_0_4,x_1_0,x_1_3
4	-10	x_0_1,x_0_4,x_1_0,x_1_4
4	14	x_0_1,x_0_4,x_1_1,x_1_2
4	14	x_0_1,x_0_4,x_1_1,x_1_3
4	28	x_0_1,x_0_4,x_1_1,x_1_4
4	-8	x_0_1,x_0_4,x_1_2,x_1_3
4	-16	x_0_1,x_0_4,x_1_2,x_1_4
4	-16	x_0_1,x_0_4,x_1_3,x_1_4
4	4	x_0_1,x_0_4,x_2_1,x_2_2
4	4	x_0_1,x_0_4,x_2_1,x_2_3
4	8	x_0_1,x_0_4,x_2_1,x_2_4
4	2	x_0_1,x_0_4,x_2_2,x_2_3
4	4	x_0_1,x_0_4,x_2_2,x_2_4
4	4	x_0_1,x_0_4,x_2_3,x_2_4
4	4	x_0_1,x_0_4,x_3_1,x_3_2
4	4	x_0_1,x_0_4,x_3_1,x_3_3
4	8	x_0_1,x_0_4,x_3_1,x_3_4
4	2	x_0_1,x_0_4,x_3_2,x_3_3
4	4	x_0_1,x_0_4,x_3_2,x_3_4
4	4	x_0_1,x_0_4,x_3_3,x_3_4
4	4	x_0_1,x_0_4,x_4_1,x_4_2
4	4	x_0_1,x_0_4,x_4_1,x_4_3
4	8	x_0_1,x_0_4,x_4_1,x_4_4
4	2	x_0_1,x_0_4,x_4_2,x_4_3
4	4	x_0_1,x_0_4,x_4_2,x_4_4
4	4	x_0_1,x_0_4,x_4_3,x_4_4
4	4	x_0_1,x_0_4,x_5_1,x_5_2
4	4	x_0_1,x_0_4,x_5_1,x_5_3
4	8	x_0_1,x_0_4,x_5_1,x_5_4
4	2	x_0_1,x_0_4,x_5_2,x_5_3
4	4	x_0_1,x_0_4,x_5_2,x_5_4
4	4	x_0_1,x_0_4,x_5_3,x_5_4
4	10	x_0_1,x_1_0,x_1_1,x_1_2
4	10	x_0_1,x_1_0,x_1_1,x_1_3
4	10	x_0_1,x_1_0,x_1_1,x_1_4
4	-10	x_0_1,x_1_0,x_1_2,x_1_3
4	-20	x_0_1,x_1_0,x_1_2,x_1_4
4	-20	x_0_1,x_1_0,x_1_3,x_1_4
4	14	x_0_1,x_1_1,x_1_2,x_1_3
4	14	x_0_1,x_1_1,x_1_2,x_1_4
4	14	x_0_1,x_1_1,x_1_3,x_1_4
4	-18	x_0_1,x_1_2,x_1_3,x_1_4
4	4	x_0_1,x_2_1,x_2_2,x_2_3
4	4	x_0_1,x_2_1,x_2_2,x_2_4
4	4	x_0_1,x_2_1,x_2_3,x_2_4
4	2	x_0_1,x_2_2,x_2_3,x_2_4
4	4	x_0_1,x_3_1,x_3_2,x_3_3
4	4	x_0_1,x_3_1,x_3_2,x_3_4
4	4	x_0_1,x_3_1,x_3_3,x_3_4
4	2	x_0_1,x_3_2,x_3_3,x_3_4
4	4	x_0_1,x_4_1,x_4_2,x_4_3
4	4	x_0_1,x_4_1,x_4_2,x_4_4
4	4	x_0_1,x_4_1,x_4_3,x_4_4
4	2	x_0_1,x_4_2,x_4_3,x_4_4
4	4	x_0_1,x_5_1,x_5_2,x_5_3
4	4	x_0_1,x_5_1,x_5_2,x_5_4
4	4	x_0_1,x_5_1,x_5_3,x_5_4
4	2	x_0_1,x_5_2,x_5_3,x_5_4
4	12	x_0_2,x_0_3,x_0_4,x_1_1
4	4	x_0_2,x_0_3,x_0_4,x_1_2
4	4	x_0_2,x_0_3,x_0_4,x_1_3
4	4	x_0_2,x_0_3,x_0_4,x_1_4
4	2	x_0_2,x_0_3,x_0_4,x_2_1
4	4	x_0_2,x_0_3,x_0_4,x_2_2
4	4	x_0_2,x_0_3,x_0_4,x_2_3
4	4	x_0_2,x_0_3,x_0_4,x_2_4
4	2	x_0_2,x_0_3,x_0_4,x_3_1
4	4	x_0_2,x_0_3,x_0_4,x_3_2
4	4	x_0_2,x_0_3,x_0_4,x_3_3
4	4	x_0_2,x_0_3,x_0_4,x_3_4
4	2	x_0_2,x_0_3,x_0_4,x_4_1
4	4	x_0_2,x_0_3,x_0_4,x_4_2
4	4	x_0_2,x_0_3,x_0_4,x_4_3
4	4	x_0_2,x_0_3,x_0_4,x_4_4
4	2	x_0_2,x_0_3,x_0_4,x_5_1
4	4	x_0_2,x_0_3,x_0_4,x_5_2
4	4	x_0_2,x_0_3,x_0_4,x_5_3
4	4	x_0_2,x_0_3,x_0_4,x_5_4
4	10	x_0_2,x_0_3,x_1_0,x_1_1
4	24	x_0_2,x_0_3,x_1_1,x_1_2
4	24	x_0_2,x_0_3,x_1_1,x_1_3
4	12	x_0_2,x_0_3,x_1_1,x_1_4
4	8	x_0_2,x_0_3,x_1_2,x_1_3
4	4	x_0_2,x_0_3,x_1_2,x_1_4
4	4	x_0_2,x_0_3,x_1_3,x_1_4
4	4	x_0_2,x_0_3,x_2_1,x_2_2
4	4	x_0_2,x_0_3,x_2_1,x_2_3
4	2	x_0_2,x_0_3,x_2_1,x_2_4
4	8	x_0_2,x_0_3,x_2_2,x_2_3
4	4	x_0_2,x_0_3,x_2_2,x_2_4
4	4	x_0_2,x_0_3,x_2_3,x_2_4
4	4	x_0_2,x_0_3,x_3_1,x_3_2
4	4	x_0_2,x_0_3,x_3_1,x_3_3
4	2	x_0_2,x_0_3,x_3_1,x_3_4
4	8	x_0_2,x_0_3,x_3_2,x_3_3
4	4	x_0_2,x_0_3,x_3_2,x_3_4
4	4	x_0_2,x_0_3,x_3_3,x_3_4
4	4	x_0_2,x_0_3,x_4_1,x_4_2
4	4	x_0_2,x_0_3,x_4_1,x_4_3
4	2	x_0_2,x_0_3,x_4_1,x_4_4
4	8	x_0_2,x_0_3,x_4_2,x_4_3
4	4	x_0_2,x_0_3,x_4_2,x_4_4
4	4	x_0_2,x_0_3,x_4_3,x_4_4
4	4	x_0_2,x_0_3,x_5_1,x_5_2
4	4	x_0_2,x_0_3,x_5_1,x_5_3
4	2	x_0_2,x_0_3,x_5_1,x_5_4
4	8	x_0_2,x_0_3,x_5_2,x_5_3
4	4	x_0_2,x_0_3,x_5_2,x_5_4
4	4	x_0_2,x_0_3,x_5_3,x_5_4
4	10	x_0_2,x_0_4,x_1_0,x_1_1
4	24	x_0_2,x_0_4,x_1_1,x_1_2
4	12	x_0_2,x_0_4,x_1_1,x_1_3
4	24	x_0_2,x_0_4,x_1_1,x_1_4
4	4	x_0_2,x_0_4,x_1_2,x_1_3
4	6	x_0_2,x_0_4,x_1_2,x_1_4
4	4	x_0_2,x_0_4,x_1_3,x_1_4
4	4	x_0_2,x_0_4,x_2_1,x_2_2
4	2	x_0_2,x_0_4,x_2_1,x_2_3
4	4	x_0_2,x_0_4,x_2_1,x_2_4
4	4	x_0_2,x_0_4,x_2_2,x_2_3
4	6	x_0_2,x_0_4,x_2_2,x_2_4
4	4	x_0_2,x_0_4,x_2_3,x_2_4
4	4	x_0_2,x_0_4,x_3_1,x_3_2
4	2	x_0_2,x_0_4,x_3_1,x_3_3
4	4	x_0_2,x_0_4,x_3_1,x_3_4
4	4	x_0_2,x_0_4,x_3_2,x_3_3
4	6	x_0_2,x_0_4,x_3_2,x_3_4
4	4	x_0_2,x_0_4,x_3_3,x_3_4
4	4	x_0_2,x_0_4,x_4_1,x_4_2
4	2	x_0_2,x_0_4,x_4_1,x_4_3
4	4	x_0_2,x_0_4,x_4_1,x_4_4
4	4	x_0_2,x_0_4,x_4_2,x_4_3
4	6	x_0_2,x_0_4,x_4_2,x_4_4
4	4	x_0_2,x_0_4,x_4_3,x_4_4
4	4	x_0_2,x_0_4,x_5_1,x_5_2
4	2	x_0_2,x_0_4,x_5_1,x_5_3
4	4	x_0_2,x_0_4,x_5_1,x_5_4
4	4	x_0_2,x_0_4,x_5_2,x_5_3
4	6	x_0_2,x_0_4,x_5_2,x_5_4
4	4	x_0_2,x_0_4,x_5_3,x_5_4
4	20	x_0_2,x_1_0,x_1_1,x_1_2
4	10	x_0_2,x_1_0,x_1_1,x_1_3
4	10	x_0_2,x_1_0,x_1_1,x_1_4
4	24	x_0_2,x_1_1,x_1_2,x_1_3
4	24	x_0_2,x_1_1,x_1_2,x_1_4
4	12	x_0_2,x_1_1,x_1_3,x_1_4
4	4	x_0_2,x_1_2,x_1_3,x_1_4
4	4	x_0_2,x_2_1,x_2_2,x_2_3
4	4	x_0_2,x_2_1,x_2_2,x_2_4
4	2	x_0_2,x_2_1,x_2_3,x_2_4
4	4	x_0_2,x_2_2,x_2_3,x_2_4
4	4	x_0_2,x_3_1,x_3_2,x_3_3
4	4	x_0_2,x_3_1,x_3_2,x_3_4
4	2	x_0_2,x_3_1,x_3_3,x_3_4
4	4	x_0_2,x_3_2,x_3_3,x_3_4
4	4	x_0_2,x_4_1,x_4_2,x_4_3
4	4	x_0_2,x_4_1,x_4_2,x_4_4
4	2	x_0_2,x_4_1,x_4_3,x_4_4
4	4	x_0_2,x_4_2,x_4_3,x_4_4
4	4	x_0_2,x_5_1,x_5_2,x_5_3
4	4	x_0_2,x_5_1,x_5_2,x_5_4
4	2	x_0_2,x_5_1,x_5_3,x_5_4
4	4	x_0_2,x_5_2,x_5_3,x_5_4
4	10	x_0_3,x_0_4,x_1_0,x_1_1
4	12	x_0_3,x_0_4,x_1_1,x_1_2
4	24	x_0_3,x_0_4,x_1_1,x_1_3
4	24	x_0_3,x_0_4,x_1_1,x_1_4
4	4	x_0_3,x_0_4,x_1_2,x_1_3
4	4	x_0_3,x_0_4,x_1_2,x_1_4
4	6	x_0_3,x_0_4,x_1_3,x_1_4
4	2	x_0_3,x_0_4,x_2_1,x_2_2
4	4	x_0_3,x_0_4,x_2_1,x_2_3
4	4	x_0_3,x_0_4,x_2_1,x_2_4
4	4	x_0_3,x_0_4,x_2_2,x_2_3
4	4	x_0_3,x_0_4,x_2_2,x_2_4
4	6	x_0_3,x_0_4,x_2_3,x_2_4
4	2	x_0_3,x_0_4,x_3_1,x_3_2
4	4	x_0_3,x_0_4,x_3_1,x_3_3
4	4	x_0_3,x_0_4,x_3_1,x_3_4
4	4	x_0_3,x_0_4,x_3_2,x_3_3
4	4	x_0_3,x_0_4,x_3_2,x_3_4
4	6	x_0_3,x_0_4,x_3_3,x_3_4
4	2	x_0_3,x_0_4,x_4_1,x_4_2
4	4	x_0_3,x_0_4,x_4_1,x_4_3
4	4	x_0_3,x_0_4,x_4_1,x_4_4
4	4	x_0_3,x_0_4,x_4_2,x_4_3
4	4	x_0_3,x_0_4,x_4_2,x_4_4
4	6	x_0_3,x_0_4,x_4_3,x_4_4
4	2	x_0_3,x_0_4,x_5_1,x_5_2
4	4	x_0_3,x_0_4,x_5_1,x_5_3
4	4	x_0_3,x_0_4,x_5_1,x_5_4
4	4	x_0_3,x_0_4,x_5_2,x_5_3
4	4	x_0_3,x_0_4,x_5_2,x_5_4
4	6	x_0_3,x_0_4,x_5_3,x_5_4
4	10	x_0_3,x_1_0,x_1_1,x_1_2
4	20	x_0_3,x_1_0,x_1_1,x_1_3
4	10	x_0_3,x_1_0,x_1_1,x_1_4
4	24	x_0_3,x_1_1,x_1_2,x_1_3
4	12	x_0_3,x_1_1,x_1_2,x_1_4
4	24	x_0_3,x_1_1,x_1_3,x_1_4
4	4	x_0_3,x_1_2,x_1_3,x_1_4
4	4	x_0_3,x_2_1,x_2_2,x_2_3
4	2	x_0_3,x_2_1,x_2_2,x_2_4
4	4	x_0_3,x_2_1,x_2_3,x_2_4
4	4	x_0_3,x_2_2,x_2_3,x_2_4
4	4	x_0_3,x_3_1,x_3_2,x_3_3
4	2	x_0_3,x_3_1,x_3_2,x_3_4
4	4	x_0_3,x_3_1,x_3_3,x_3_4
4	4	x_0_3,x_3_2,x_3_3,x_3_4
4	4	x_0_3,x_4_1,x_4_2,x_4_3
4	2	x_0_3,x_4_1,x_4_2,x_4_4
4	4	x_0_3,x_4_1,x_4_3,x_4_4
4	4	x_0_3,x_4_2,x_4_3,x_4_4
4	4	x_0_3,x_5_1,x_5_2,x_5_3
4	2	x_0_3,x_5_1,x_5_2,x_5_4
4	4	x_0_3,x_5_1,x_5_3,x_5_4
4	4	x_0_3,x_5_2,x_5_3,x_5_4
4	10	x_0_4,x_1_0,x_1_1,x_1_2
4	10	x_0_4,x_1_0,x_1_1,x_1_3
4	20	x_0_4,x_1_0,x_1_1,x_1_4
4	12	x_0_4,x_1_1,x_1_2,x_1_3
4	24	x_0_4,x_1_1,x_1_2,x_1_4
4	24	x_0_4,x_1_1,x_1_3,x_1_4
4	4	x_0_4,x_1_2,x_1_3,x_1_4
4	2	x_0_4,x_2_1,x_2_2,x_2_3
4	4	x_0_4,x_2_1,x_2_2,x_2_4
4	4	x_0_4,x_2_1,x_2_3,x_2_4
4	4	x_0_4,x_2_2,x_2_3,x_2_4
4	2	x_0_4,x_3_1,x_3_2,x_3_3
4	4	x_0_4,x_3_1,x_3_2,x_3_4
4	4	x_0_4,x_3_1,x_3_3,x_3_4
4	4	x_0_4,x_3_2,x_3_3,x_3_4
4	2	x_0_4,x_4_1,x_4_2,x_4_3
4	4	x_0_4,x_4_1,x_4_2,x_4_4
4	4	x_0_4,x_4_1,x_4_3,x_4_4
4	4	x_0_4,x_4_2,x_4_3,x_4_4
4	2	x_0_4,x_5_1,x_5_2,x_5_3
4	4	x_0_4,x_5_1,x_5_2,x_5_4
4	4	x_0_4,x_5_1,x_5_3,x_5_4
4	4	x_0_4,x_5_2,x_5_3,x_5_4
4	10	x_1_0,x_1_1,x_1_2,x_1_3
4	10	x_1_0,x_1_1,x_1_2,x_1_4
4	10	x_1_0,x_1_1,x_1_2,x_2_0
4	10	x_1_0,x_1_1,x_1_2,x_2_1
4	-10	x_1_0,x_1_1,x_1_2,x_2_2
4	-10	x_1_0,x_1_1,x_1_2,x_2_4
4	10	x_1_0,x_1_1,x_1_3,x_1_4
4	10	x_1_0,x_1_1,x_1_3,x_2_0
4	10	x_1_0,x_1_1,x_1_3,x_2_1
4	-10	x_1_0,x_1_1,x_1_3,x_2_2
4	-10	x_1_0,x_1_1,x_1_3,x_2_3
4	-10	x_1_0,x_1_1,x_1_3,x_2_4
4	10	x_1_0,x_1_1,x_1_4,x_2_0
4	10	x_1_0,x_1_1,x_1_4,x_2_1
4	-10	x_1_0,x_1_1,x_1_4,x_2_2
4	-10	x_1_0,x_1_1,x_1_4,x_2_3
4	-10	x_1_0,x_1_1,x_1_4,x_2_4
4	20	x_1_0,x_1_1,x_2_0,x_2_1
4	10	x_1_0,x_1_1,x_2_1,x_2_2
4	10	x_1_0,x_1_1,x_2_1,x_2_3
4	10	x_1_0,x_1_1,x_2_1,x_2_4
4	-10	x_1_0,x_1_1,x_2_2,x_2_3
4	-20	x_1_0,x_1_1,x_2_2,x_2_4
4	-20	x_1_0,x_1_1,x_2_3,x_2_4
4	10	x_1_0,x_1_2,x_1_3,x_2_1
4	10	x_1_0,x_1_2,x_1_4,x_2_1
4	20	x_1_0,x_1_2,x_2_1,x_2_2
4	10	x_1_0,x_1_2,x_2_1,x_2_3
4	10	x_1_0,x_1_2,x_2_1,x_2_4
4	10	x_1_0,x_1_3,x_1_4,x_2_1
4	10	x_1_0,x_1_3,x_2_1,x_2_2
4	20	x_1_0,x_1_3,x_2_1,x_2_3
4	10	x_1_0,x_1_3,x_2_1,x_2_4
4	10	x_1_0,x_1_4,x_2_1,x_2_2
4	10	x_1_0,x_1_4,x_2_1,x_2_3
4	20	x_1_0,x_1_4,x_2_1,x_2_4
4	10	x_1_0,x_2_0,x_2_1,x_2_2
4	10	x_1_0,x_2_0,x_2_1,x_2_3
4	10	x_1_0,x_2_0,x_2_1,x_2_4
4	10	x_1_0,x_2_1,x_2_2,x_2_3
4	10	x_1_0,x_2_1,x_2_2,x_2_4
4	10	x_1_0,x_2_1,x_2_3,x_2_4
4	17.599999999999994	x_1_1,x_1_2,x_1_3,x_1_4
4	14	x_1_1,x_1_2,x_1_3,x_2_1
4	-6	x_1_1,x_1_2,x_1_3,x_2_2
4	4	x_1_1,x_1_2,x_1_3,x_2_3
4	-18	x_1_1,x_1_2,x_1_3,x_2_4
4	4	x_1_1,x_1_2,x_1_3,x_3_1
4	4	x_1_1,x_1_2,x_1_3,x_3_2
4	4	x_1_1,x_1_2,x_1_3,x_3_3
4	2	x_1_1,x_1_2,x_1_3,x_3_4
4	4	x_1_1,x_1_2,x_1_3,x_4_1
4	4	x_1_1,x_1_2,x_1_3,x_4_2
4	4	x_1_1,x_1_2,x_1_3,x_4_3
4	2	x_1_1,x_1_2,x_1_3,x_4_4
4	4	x_1_1,x_1_2,x_1_3,x_5_1
4	4	x_1_1,x_1_2,x_1_3,x_5_2
4	4	x_1_1,x_1_2,x_1_3,x_5_3
4	2	x_1_1,x_1_2,x_1_3,x_5_4
4	14	x_1_1,x_1_2,x_1_4,x_2_1
4	-6	x_1_1,x_1_2,x_1_4,x_2_2
4	2	x_1_1,x_1_2,x_1_4,x_2_3
4	-6	x_1_1,x_1_2,x_1_4,x_2_4
4	4	x_1_1,x_1_2,x_1_4,x_3_1
4	4	x_1_1,x_1_2,x_1_4,x_3_2
4	2	x_1_1,x_1_2,x_1_4,x_3_3
4	4	x_1_1,x_1_2,x_1_4,x_3_4
4	4	x_1_1,x_1_2,x_1_4,x_4_1
4	4	x_1_1,x_1_2,x_1_4,x_4_2
4	2	x_1_1,x_1_2,x_1_4,x_4_3
4	4	x_1_1,x_1_2,x_1_4,x_4_4
4	4	x_1_1,x_1_2,x_1_4,x_5_1
4	4	x_1_1,x_1_2,x_1_4,x_5_2
4	2	x_1_1,x_1_2,x_1_4,x_5_3
4	4	x_1_1,x_1_2,x_1_4,x_5_4
4	10	x_1_1,x_1_2,x_2_0,x_2_1
4	-10	x_1_1,x_1_2,x_2_0,x_2_2
4	-10	x_1_1,x_1_2,x_2_0,x_2_4
4	28	x_1_1,x_1_2,x_2_1,x_2_2
4	24	x_1_1,x_1_2,x_2_1,x_2_3
4	14	x_1_1,x_1_2,x_2_1,x_2_4
4	4	x_1_1,x_1_2,x_2_2,x_2_3
4	-16	x_1_1,x_1_2,x_2_2,x_2_4
4	-8	x_1_1,x_1_2,x_2_3,x_2_4
4	8	x_1_1,x_1_2,x_3_1,x_3_2
4	4	x_1_1,x_1_2,x_3_1,x_3_3
4	4	x_1_1,x_1_2,x_3_1,x_3_4
4	4	x_1_1,x_1_2,x_3_2,x_3_3
4	4	x_1_1,x_1_2,x_3_2,x_3_4
4	2	x_1_1,x_1_2,x_3_3,x_3_4
4	8	x_1_1,x_1_2,x_4_1,x_4_2
4	4	x_1_1,x_1_2,x_4_1,x_4_3
4	4	x_1_1,x_1_2,x_4_1,x_4_4
4	4	x_1_1,x_1_2,x_4_2,x_4_3
4	4	x_1_1,x_1_2,x_4_2,x_4_4
4	2	x_1_1,x_1_2,x_4_3,x_4_4
4	8	x_1_1,x_1_2,x_5_1,x_5_2
4	4	x_1_1,x_1_2,x_5_1,x_5_3
4	4	x_1_1,x_1_2,x_5_1,x_5_4
4	4	x_1_1,x_1_2,x_5_2,x_5_3
4	4	x_1_1,x_1_2,x_5_2,x_5_4
4	2	x_1_1,x_1_2,x_5_3,x_5_4
4	14	x_1_1,x_1_3,x_1_4,x_2_1
4	-8	x_1_1,x_1_3,x_1_4,x_2_2
4	-6	x_1_1,x_1_3,x_1_4,x_2_3
4	-6	x_1_1,x_1_3,x_1_4,x_2_4
4	4	x_1_1,x_1_3,x_1_4,x_3_1
4	2	x_1_1,x_1_3,x_1_4,x_3_2
4	4	x_1_1,x_1_3,x_1_4,x_3_3
4	4	x_1_1,x_1_3,x_1_4,x_3_4
4	4	x_1_1,x_1_3,x_1_4,x_4_1
4	2	x_1_1,x_1_3,x_1_4,x_4_2
4	4	x_1_1,x_1_3,x_1_4,x_4_3
4	4	x_1_1,x_1_3,x_1_4,x_4_4
4	4	x_1_1,x_1_3,x_1_4,x_5_1
4	2	x_1_1,x_1_3,x_1_4,x_5_2
4	4	x_1_1,x_1_3,x_1_4,x_5_3
4	4	x_1_1,x_1_3,x_1_4,x_5_4
4	10	x_1_1,x_1_3,x_2_0,x_2_1
4	-10	x_1_1,x_1_3,x_2_0,x_2_2
4	-10	x_1_1,x_1_3,x_2_0,x_2_3
4	-10	x_1_1,x_1_3,x_2_0,x_2_4
4	14	x_1_1,x_1_3,x_2_1,x_2_2
4	28	x_1_1,x_1_3,x_2_1,x_2_3
4	14	x_1_1,x_1_3,x_2_1,x_2_4
4	-16	x_1_1,x_1_3,x_2_2,x_2_3
4	-18	x_1_1,x_1_3,x_2_2,x_2_4
4	-16	x_1_1,x_1_3,x_2_3,x_2_4
4	4	x_1_1,x_1_3,x_3_1,x_3_2
4	8	x_1_1,x_1_3,x_3_1,x_3_3
4	4	x_1_1,x_1_3,x_3_1,x_3_4
4	4	x_1_1,x_1_3,x_3_2,x_3_3
4	2	x_1_1,x_1_3,x_3_2,x_3_4
4	4	x_1_1,x_1_3,x_3_3,x_3_4
4	4	x_1_1,x_1_3,x_4_1,x_4_2
4	8	x_1_1,x_1_3,x_4_1,x_4_3
4	4	x_1_1,x_1_3,x_4_1,x_4_4
4	4	x_1_1,x_1_3,x_4_2,x_4_3
4	2	x_1_1,x_1_3,x_4_2,x_4_4
4	4	x_1_1,x_1_3,x_4_3,x_4_4
4	4	x_1_1,x_1_3,x_5_1,x_5_2
4	8	x_1_1,x_1_3,x_5_1,x_5_3
4	4	x_1_1,x_1_3,x_5_1,x_5_4
4	4	x_1_1,x_1_3,x_5_2,x_5_3
4	2	x_1_1,x_1_3,x_5_2,x_5_4
4	4	x_1_1,x_1_3,x_5_3,x_5_4
4	10	x_1_1,x_1_4,x_2_0,x_2_1
4	-10	x_1_1,x_1_4,x_2_0,x_2_2
4	-10	x_1_1,x_1_4,x_2_0,x_2_3
4	-10	x_1_1,x_1_4,x_2_0,x_2_4
4	14	x_1_1,x_1_4,x_2_1,x_2_2
4	14	x_1_1,x_1_4,x_2_1,x_2_3
4	28	x_1_1,x_1_4,x_2_1,x_2_4
4	-8	x_1_1,x_1_4,x_2_2,x_2_3
4	-16	x_1_1,x_1_4,x_2_2,x_2_4
4	-16	x_1_1,x_1_4,x_2_3,x_2_4
4	4	x_1_1,x_1_4,x_3_1,x_3_2
4	4	x_1_1,x_1_4,x_3_1,x_3_3
4	8	x_1_1,x_1_4,x_3_1,x_3_4
4	2	x_1_1,x_1_4,x_3_2,x_3_3
4	4	x_1_1,x_1_4,x_3_2,x_3_4
4	4	x_1_1,x_1_4,x_3_3,x_3_4
4	4	x_1_1,x_1_4,x_4_1,x_4_2
4	4	x_1_1,x_1_4,x_4_1,x_4_3
4	8	x_1_1,x_1_4,x_4_1,x_4_4
4	2	x_1_1,x_1_4,x_4_2,x_4_3
4	4	x_1_1,x_1_4,x_4_2,x_4_4
4	4	x_1_1,x_1_4,x_4_3,x_4_4
4	4	x_1_1,x_1_4,x_5_1,x_5_2
4	4	x_1_1,x_1_4,x_5_1,x_5_3
4	8	x_1_1,x_1_4,x_5_1,x_5_4
4	2	x_1_1,x_1_4,x_5_2,x_5_3
4	4	x_1_1,x_1_4,x_5_2,x_5_4
4	4	x_1_1,x_1_4,x_5_3,x_5_4
4	10	x_1_1,x_2_0,x_2_1,x_2_2
4	10	x_1_1,x_2_0,x_2_1,x_2_3
4	10	x_1_1,x_2_0,x_2_1,x_2_4
4	-10	x_1_1,x_2_0,x_2_2,x_2_3
4	-20	x_1_1,x_2_0,x_2_2,x_2_4
4	-20	x_1_1,x_2_0,x_2_3,x_2_4
4	14	x_1_1,x_2_1,x_2_2,x_2_3
4	14	x_1_1,x_2_1,x_2_2,x_2_4
4	14	x_1_1,x_2_1,x_2_3,x_2_4
4	-18	x_1_1,x_2_2,x_2_3,x_2_4
4	4	x_1_1,x_3_1,x_3_2,x_3_3
4	4	x_1_1,x_3_1,x_3_2,x_3_4
4	4	x_1_1,x_3_1,x_3_3,x_3_4
4	2	x_1_1,x_3_2,x_3_3,x_3_4
4	4	x_1_1,x_4_1,x_4_2,x_4_3
4	4	x_1_1,x_4_1,x_4_2,x_4_4
4	4	x_1_1,x_4_1,x_4_3,x_4_4
4	2	x_1_1,x_4_2,x_4_3,x_4_4
4	4	x_1_1,x_5_1,x_5_2,x_5_3
4	4	x_1_1,x_5_1,x_5_2,x_5_4
4	4	x_1_1,x_5_1,x_5_3,x_5_4
4	2	x_1_1,x_5_2,x_5_3,x_5_4
4	12	x_1_2,x_1_3,x_1_4,x_2_1
4	4	x_1_2,x_1_3,x_1_4,x_2_2
4	4	x_1_2,x_1_3,x_1_4,x_2_3
4	4	x_1_2,x_1_3,x_1_4,x_2_4
4	2	x_1_2,x_1_3,x_1_4,x_3_1
4	4	x_1_2,x_1_3,x_1_4,x_3_2
4	4	x_1_2,x_1_3,x_1_4,x_3_3
4	4	x_1_2,x_1_3,x_1_4,x_3_4
4	2	x_1_2,x_1_3,x_1_4,x_4_1
4	4	x_1_2,x_1_3,x_1_4,x_4_2
4	4	x_1_2,x_1_3,x_1_4,x_4_3
4	4	x_1_2,x_1_3,x_1_4,x_4_4
4	2	x_1_2,x_1_3,x_1_4,x_5_1
4	4	x_1_2,x_1_3,x_1_4,x_5_2
4	4	x_1_2,x_1_3,x_1_4,x_5_3
4	4	x_1_2,x_1_3,x_1_4,x_5_4
4	10	x_1_2,x_1_3,x_2_0,x_2_1
4	24	x_1_2,x_1_3,x_2_1,x_2_2
4	24	x_1_2,x_1_3,x_2_1,x_2_3
4	12	x_1_2,x_1_3,x_2_1,x_2_4
4	8	x_1_2,x_1_3,x_2_2,x_2_3
4	4	x_1_2,x_1_3,x_2_2,x_2_4
4	4	x_1_2,x_1_3,x_2_3,x_2_4
4	4	x_1_2,x_1_3,x_3_1,x_3_2
4	4	x_1_2,x_1_3,x_3_1,x_3_3
4	2	x_1_2,x_1_3,x_3_1,x_3_4
4	8	x_1_2,x_1_3,x_3_2,x_3_3
4	4	x_1_2,x_1_3,x_3_2,x_3_4
4	4	x_1_2,x_1_3,x_3_3,x_3_4
4	4	x_1_2,x_1_3,x_4_1,x_4_2
4	4	x_1_2,x_1_3,x_4_1,x_4_3
4	2	x_1_2,x_1_3,x_4_1,x_4_4
4	8	x_1_2,x_1_3,x_4_2,x_4_3
4	4	x_1_2,x_1_3,x_4_2,x_4_4
4	4	x_1_2,x_1_3,x_4_3,x_4_4
4	4	x_1_2,x_1_3,x_5_1,x_5_2
4	4	x_1_2,x_1_3,x_5_1,x_5_3
4	2	x_1_2,x_1_3,x_5_1,x_5_4
4	8	x_1_2,x_1_3,x_5_2,x_5_3
4	4	x_1_2,x_1_3,x_5_2,x_5_4
4	4	x_1_2,x_1_3,x_5_3,x_5_4
4	10	x_1_2,x_1_4,x_2_0,x_2_1
4	24	x_1_2,x_1_4,x_2_1,x_2_2
4	12	x_1_2,x_1_4,x_2_1,x_2_3
4	24	x_1_2,x_1_4,x_2_1,x_2_4
4	4	x_1_2,x_1_4,x_2_2,x_2_3
4	6	x_1_2,x_1_4,x_2_2,x_2_4
4	4	x_1_2,x_1_4,x_2_3,x_2_4
4	4	x_1_2,x_1_4,x_3_1,x_3_2
4	2	x_1_2,x_1_4,x_3_1,x_3_3
4	4	x_1_2,x_1_4,x_3_1,x_3_4
4	4	x_1_2,x_1_4,x_3_2,x_3_3
4	6	x_1_2,x_1_4,x_3_2,x_3_4
4	4	x_1_2,x_1_4,x_3_3,x_3_4
4	4	x_1_2,x_1_4,x_4_1,x_4_2
4	2	x_1_2,x_1_4,x_4_1,x_4_3
4	4	x_1_2,x_1_4,x_4_1,x_4_4
4	4	x_1_2,x_1_4,x_4_2,x_4_3
4	6	x_1_2,x_1_4,x_4_2,x_4_4
4	4	x_1_2,x_1_4,x_4_3,x_4_4
4	4	x_1_2,x_1_4,x_5_1,x_5_2
4	2	x_1_2,x_1_4,x_5_1,x_5_3
4	4	x_1_2,x_1_4,x_5_1,x_5_4
4	4	x_1_2,x_1_4,x_5_2,x_5_3
4	6	x_1_2,x_1_4,x_5_2,x_5_4
4	4	x_1_2,x_1_4,x_5_3,x_5_4
4	20	x_1_2,x_2_0,x_2_1,x_2_2
4	10	x_1_2,x_2_0,x_2_1,x_2_3
4	10	x_1_2,x_2_0,x_2_1,x_2_4
4	24	x_1_2,x_2_1,x_2_2,x_2_3
4	24	x_1_2,x_2_1,x_2_2,x_2_4
4	12	x_1_2,x_2_1,x_2_3,x_2_4
4	4	x_1_2,x_2_2,x_2_3,x_2_4
4	4	x_1_2,x_3_1,x_3_2,x_3_3
4	4	x_1_2,x_3_1,x_3_2,x_3_4
4	2	x_1_2,x_3_1,x_3_3,x_3_4
4	4	x_1_2,x_3_2,x_3_3,x_3_4
4	4	x_1_2,x_4_1,x_4_2,x_4_3
4	4	x_1_2,x_4_1,x_4_2,x_4_4
4	2	x_1_2,x_4_1,x_4_3,x_4_4
4	4	x_1_2,x_4_2,x_4_3,x_4_4
4	4	x_1_2,x_5_1,x_5_2,x_5_3
4	4	x_1_2,x_5_1,x_5_2,x_5_4
4	2	x_1_2,x_5_1,x_5_3,x_5_4
4	4	x_1_2,x_5_2,x_5_3,x_5_4
4	10	x_1_3,x_1_4,x_2_0,x_2_1
4	12	x_1_3,x_1_4,x_2_1,x_2_2
4	24	x_1_3,x_1_4,x_2_1,x_2_3
4	24	x_1_3,x_1_4,x_2_1,x_2_4
4	4	x_1_3,x_1_4,x_2_2,x_2_3
4	4	x_1_3,x_1_4,x_2_2,x_2_4
4	6	x_1_3,x_1_4,x_2_3,x_2_4
4	2	x_1_3,x_1_4,x_3_1,x_3_2
4	4	x_1_3,x_1_4,x_3_1,x_3_3
4	4	x_1_3,x_1_4,x_3_1,x_3_4
4	4	x_1_3,x_1_4,x_3_2,x_3_3
4	4	x_1_3,x_1_4,x_3_2,x_3_4
4	6	x_1_3,x_1_4,x_3_3,x_3_4
4	2	x_1_3,x_1_4,x_4_1,x_4_2
4	4	x_1_3,x_1_4,x_4_1,x_4_3
4	4	x_1_3,x_1_4,x_4_1,x_4_4
4	4	x_1_3,x_1_4,x_4_2,x_4_3
4	4	x_1_3,x_1_4,x_4_2,x_4_4
4	6	x_1_3,x_1_4,x_4_3,x_4_4
4	2	x_1_3,x_1_4,x_5_1,x_5_2
4	4	x_1_3,x_1_4,x_5_1,x_5_3
4	4	x_1_3,x_1_4,x_5_1,x_5_4
4	4	x_1_3,x_1_4,x_5_2,x_5_3
4	4	x_1_3,x_1_4,x_5_2,x_5_4
4	6	x_1_3,x_1_4,x_5_3,x_5_4
4	10	x_1_3,x_2_0,x_2_1,x_2_2
4	20	x_1_3,x_2_0,x_2_1,x_2_3
4	10	x_1_3,x_2_0,x_2_1,x_2_4
4	24	x_1_3,x_2_1,x_2_2,x_2_3
4	12	x_1_3,x_2_1,x_2_2,x_2_4
4	24	x_1_3,x_2_1,x_2_3,x_2_4
4	4	x_1_3,x_2_2,x_2_3,x_2_4
4	4	x_1_3,x_3_1,x_3_2,x_3_3
4	2	x_1_3,x_3_1,x_3_2,x_3_4
4	4	x_1_3,x_3_1,x_3_3,x_3_4
4	4	x_1_3,x_3_2,x_3_3,x_3_4
4	4	x_1_3,x_4_1,x_4_2,x_4_3
4	2	x_1_3,x_4_1,x_4_2,x_4_4
4	4	x_1_3,x_4_1,x_4_3,x_4_4
4	4	x_1_3,x_4_2,x_4_3,x_4_4
4	4	x_1_3,x_5_1,x_5_2,x_5_3
4	2	x_1_3,x_5_1,x_5_2,x_5_4
4	4	x_1_3,x_5_1,x_5_3,x_5_4
4	4	x_1_3,x_5_2,x_5_3,x_5_4
4	10	x_1_4,x_2_0,x_2_1,x_2_2
4	10	x_1_4,x_2_0,x_2_1,x_2_3
4	20	x_1_4,x_2_0,x_2_1,x_2_4
4	12	x_1_4,x_2_1,x_2_2,x_2_3
4	24	x_1_4,x_2_1,x_2_2,x_2_4
4	24	x_1_4,x_2_1,x_2_3,x_2_4
4	4	x_1_4,x_2_2,x_2_3,x_2_4
4	2	x_1_4,x_3_1,x_3_2,x_3_3
4	4	x_1_4,x_3_1,x_3_2,x_3_4
4	4	x_1_4,x_3_1,x_3_3,x_3_4
4	4	x_1_4,x_3_2,x_3_3,x_3_4
4	2	x_1_4,x_4_1,x_4_2,x_4_3
4	4	x_1_4,x_4_1,x_4_2,x_4_4
4	4	x_1_4,x_4_1,x_4_3,x_4_4
4	4	x_1_4,x_4_2,x_4_3,x_4_4
4	2	x_1_4,x_5_1,x_5_2,x_5_3
4	4	x_1_4,x_5_1,x_5_2,x_5_4
4	4	x_1_4,x_5_1,x_5_3,x_5_4
4	4	x_1_4,x_5_2,x_5_3,x_5_4
4	10	x_2_0,x_2_1,x_2_2,x_2_3
4	10	x_2_0,x_2_1,x_2_2,x_2_4
4	10	x_2_0,x_2_1,x_2_2,x_3_0
4	10	x_2_0,x_2_1,x_2_2,x_3_1
4	-10	x_2_0,x_2_1,x_2_2,x_3_2
4	-10	x_2_0,x_2_1,x_2_2,x_3_4
4	10	x_2_0,x_2_1,x_2_3,x_2_4
4	10	x_2_0,x_2_1,x_2_3,x_3_0
4	10	x_2_0,x_2_1,x_2_3,x_3_1
4	-10	x_2_0,x_2_1,x_2_3,x_3_2
4	-10	x_2_0,x_2_1,x_2_3,x_3_3
4	-10	x_2_0,x_2_1,x_2_3,x_3_4
4	10	x_2_0,x_2_1,x_2_4,x_3_0
4	10	x_2_0,x_2_1,x_2_4,x_3_1
4	-10	x_2_0,x_2_1,x_2_4,x_3_2
4	-10	x_2_0,x_2_1,x_2_4,x_3_3
4	-10	x_2_0,x_2_1,x_2_4,x_3_4
4	20	x_2_0,x_2_1,x_3_0,x_3_1
4	10	x_2_0,x_2_1,x_3_1,x_3_2
4	10	x_2_0,x_2_1,x_3_1,x_3_3
4	10	x_2_0,x_2_1,x_3_1,x_3_4
4	-10	x_2_0,x_2_1,x_3_2,x_3_3
4	-20	x_2_0,x_2_1,x_3_2,x_3_4
4	-20	x_2_0,x_2_1,x_3_3,x_3_4
4	10	x_2_0,x_2_2,x_2_3,x_3_1
4	10	x_2_0,x_2_2,x_2_4,x_3_1
4	20	x_2_0,x_2_2,x_3_1,x_3_2
4	10	x_2_0,x_2_2,x_3_1,x_3_3
4	10	x_2_0,x_2_2,x_3_1,x_3_4
4	10	x_2_0,x_2_3,x_2_4,x_3_1
4	10	x_2_0,x_2_3,x_3_1,x_3_2
4	20	x_2_0,x_2_3,x_3_1,x_3_3
4	10	x_2_0,x_2_3,x_3_1,x_3_4
4	10	x_2_0,x_2_4,x_3_1,x_3_2
4	10	x_2_0,x_2_4,x_3_1,x_3_3
4	20	x_2_0,x_2_4,x_3_1,x_3_4
4	10	x_2_0,x_3_0,x_3_1,x_3_2
4	10	x_2_0,x_3_0,x_3_1,x_3_3
4	10	x_2_0,x_3_0,x_3_1,x_3_4
4	10	x_2_0,x_3_1,x_3_2,x_3_3
4	10	x_2_0,x_3_1,x_3_2,x_3_4
4	10	x_2_0,x_3_1,x_3_3,x_3_4
4	17.599999999999994	x_2_1,x_2_2,x_2_3,x_2_4
4	14	x_2_1,x_2_2,x_2_3,x_3_1
4	-6	x_2_1,x_2_2,x_2_3,x_3_2
4	4	x_2_1,x_2_2,x_2_3,x_3_3
4	-18	x_2_1,x_2_2,x_2_3,x_3_4
4	4	x_2_1,x_2_2,x_2_3,x_4_1
4	4	x_2_1,x_2_2,x_2_3,x_4_2
4	4	x_2_1,x_2_2,x_2_3,x_4_3
4	2	x_2_1,x_2_2,x_2_3,x_4_4
4	4	x_2_1,x_2_2,x_2_3,x_5_1
4	4	x_2_1,x_2_2,x_2_3,x_5_2
4	4	x_2_1,x_2_2,x_2_3,x_5_3
4	2	x_2_1,x_2_2,x_2_3,x_5_4
4	14	x_2_1,x_2_2,x_2_4,x_3_1
4	-6	x_2_1,x_2_2,x_2_4,x_3_2
4	2	x_2_1,x_2_2,x_2_4,x_3_3
4	-6	x_2_1,x_2_2,x_2_4,x_3_4
4	4	x_2_1,x_2_2,x_2_4,x_4_1
4	4	x_2_1,x_2_2,x_2_4,x_4_2
4	2	x_2_1,x_2_2,x_2_4,x_4_3
4	4	x_2_1,x_2_2,x_2_4,x_4_4
4	4	x_2_1,x_2_2,x_2_4,x_5_1
4	4	x_2_1,x_2_2,x_2_4,x_5_2
4	2	x_2_1,x_2_2,x_2_4,x_5_3
4	4	x_2_1,x_2_2,x_2_4,x_5_4
4	10	x_2_1,x_2_2,x_3_0,x_3_1
4	-10	x_2_1,x_2_2,x_3_0,x_3_2
4	-10	x_2_1,x_2_2,x_3_0,x_3_4
4	28	x_2_1,x_2_2,x_3_1,x_3_2
4	24	x_2_1,x_2_2,x_3_1,x_3_3
4	14	x_2_1,x_2_2,x_3_1,x_3_4
4	4	x_2_1,x_2_2,x_3_2,x_3_3
4	-16	x_2_1,x_2_2,x_3_2,x_3_4
4	-8	x_2_1,x_2_2,x_3_3,x_3_4
4	8	x_2_1,x_2_2,x_4_1,x_4_2
4	4	x_2_1,x_2_2,x_4_1,x_4_3
4	4	x_2_1,x_2_2,x_4_1,x_4_4
4	4	x_2_1,x_2_2,x_4_2,x_4_3
4	4	x_2_1,x_2_2,x_4_2,x_4_4
4	2	x_2_1,x_2_2,x_4_3,x_4_4
4	8	x_2_1,x_2_2,x_5_1,x_5_2
4	4	x_2_1,x_2_2,x_5_1,x_5_3
4	4	x_2_1,x_2_2,x_5_1,x_5_4
4	4	x_2_1,x_2_2,x_5_2,x_5_3
4	4	x_2_1,x_2_2,x_5_2,x_5_4
4	2	x_2_1,x_2_2,x_5_3,x_5_4
4	14	x_2_1,x_2_3,x_2_4,x_3_1
4	-8	x_2_1,x_2_3,x_2_4,x_3_2
4	-6	x_2_1,x_2_3,x_2_4,x_3_3
4	-6	x_2_1,x_2_3,x_2_4,x_3_4
4	4	x_2_1,x_2_3,x_2_4,x_4_1
4	2	x_2_1,x_2_3,x_2_4,x_4_2
4	4	x_2_1,x_2_3,x_2_4,x_4_3
4	4	x_2_1,x_2_3,x_2_4,x_4_4
4	4	x_2_1,x_2_3,x_2_4,x_5_1
4	2	x_2_1,x_2_3,x_2_4,x_5_2
4	4	x_2_1,x_2_3,x_2_4,x_5_3
4	4	x_2_1,x_2_3,x_2_4,x_5_4
4	10	x_2_1,x_2_3,x_3_0,x_3_1
4	-10	x_2_1,x_2_3,x_3_0,x_3_2
4	-10	x_2_1,x_2_3,x_3_0,x_3_3
4	-10	x_2_1,x_2_3,x_3_0,x_3_4
4	14	x_2_1,x_2_3,x_3_1,x_3_2
4	28	x_2_1,x_2_3,x_3_1,x_3_3
4	14	x_2_1,x_2_3,x_3_1,x_3_4
4	-16	x_2_1,x_2_3,x_3_2,x_3_3
4	-18	x_2_1,x_2_3,x_3_2,x_3_4
4	-16	x_2_1,x_2_3,x_3_3,x_3_4
4	4	x_2_1,x_2_3,x_4_1,x_4_2
4	8	x_2_1,x_2_3,x_4_1,x_4_3
4	4	x_2_1,x_2_3,x_4_1,x_4_4
4	4	x_2_1,x_2_3,x_4_2,x_4_3
4	2	x_2_1,x_2_3,x_4_2,x_4_4
4	4	x_2_1,x_2_3,x_4_3,x_4_4
4	4	x_2_1,x_2_3,x_5_1,x_5_2
4	8	x_2_1,x_2_3,x_5_1,x_5_3
4	4	x_2_1,x_2_3,x_5_1,x_5_4
4	4	x_2_1,x_2_3,x_5_2,x_5_3
4	2	x_2_1,x_2_3,x_5_2,x_5_4
4	4	x_2_1,x_2_3,x_5_3,x_5_4
4	10	x_2_1,x_2_4,x_3_0,x_3_1
4	-10	x_2_1,x_2_4,x_3_0,x_3_2
4	-10	x_2_1,x_2_4,x_3_0,x_3_3
4	-10	x_2_1,x_2_4,x_3_0,x_3_4
4	14	x_2_1,x_2_4,x_3_1,x_3_2
4	14	x_2_1,x_2_4,x_3_1,x_3_3
4	28	x_2_1,x_2_4,x_3_1,x_3_4
4	-8	x_2_1,x_2_4,x_3_2,x_3_3
4	-16	x_2_1,x_2_4,x_3_2,x_3_4
4	-16	x_2_1,x_2_4,x_3_3,x_3_4
4	4	x_2_1,x_2_4,x_4_1,x_4_2
4	4	x_2_1,x_2_4,x_4_1,x_4_3
4	8	x_2_1,x_2_4,x_4_1,x_4_4
4	2	x_2_1,x_2_4,x_4_2,x_4_3
4	4	x_2_1,x_2_4,x_4_2,x_4_4
4	4	x_2_1,x_2_4,x_4_3,x_4_4
4	4	x_2_1,x_2_4,x_5_1,x_5_2
4	4	x_2_1,x_2_4,x_5_1,x_5_3
4	8	x_2_1,x_2_4,x_5_1,x_5_4
4	2	x_2_1,x_2_4,x_5_2,x_5_3
4	4	x_2_1,x_2_4,x_5_2,x_5_4
4	4	x_2_1,x_2_4,x_5_3,x_5_4
4	10	x_2_1,x_3_0,x_3_1,x_3_2
4	10	x_2_1,x_3_0,x_3_1,x_3_3
4	10	x_2_1,x_3_0,x_3_1,x_3_4
4	-10	x_2_1,x_3_0,x_3_2,x_3_3
4	-20	x_2_1,x_3_0,x_3_2,x_3_4
4	-20	x_2_1,x_3_0,x_3_3,x_3_4
4	14	x_2_1,x_3_1,x_3_2,x_3_3
4	14	x_2_1,x_3_1,x_3_2,x_3_4
4	14	x_2_1,x_3_1,x_3_3,x_3_4
4	-18	x_2_1,x_3_2,x_3_3,x_3_4
4	4	x_2_1,x_4_1,x_4_2,x_4_3
4	4	x_2_1,x_4_1,x_4_2,x_4_4
4	4	x_2_1,x_4_1,x_4_3,x_4_4
4	2	x_2_1,x_4_2,x_4_3,x_4_4
4	4	x_2_1,x_5_1,x_5_2,x_5_3
4	4	x_2_1,x_5_1,x_5_2,x_5_4
4	4	x_2_1,x_5_1,x_5_3,x_5_4
4	2	x_2_1,x_5_2,x_5_3,x_5_4
4	12	x_2_2,x_2_3,x_2_4,x_3_1
4	4	x_2_2,x_2_3,x_2_4,x_3_2
4	4	x_2_2,x_2_3,x_2_4,x_3_3
4	4	x_2_2,x_2_3,x_2_4,x_3_4
4	2	x_2_2,x_2_3,x_2_4,x_4_1
4	4	x_2_2,x_2_3,x_2_4,x_4_2
4	4	x_2_2,x_2_3,x_2_4,x_4_3
4	4	x_2_2,x_2_3,x_2_4,x_4_4
4	2	x_2_2,x_2_3,x_2_4,x_5_1
4	4	x_2_2,x_2_3,x_2_4,x_5_2
4	4	x_2_2,x_2_3,x_2_4,x_5_3
4	4	x_2_2,x_2_3,x_2_4,x_5_4
4	10	x_2_2,x_2_3,x_3_0,x_3_1
4	24	x_2_2,x_2_3,x_3_1,x_3_2
4	24	x_2_2,x_2_3,x_3_1,x_3_3
4	12	x_2_2,x_2_3,x_3_1,x_3_4
4	8	x_2_2,x_2_3,x_3_2,x_3_3
4	4	x_2_2,x_2_3,x_3_2,x_3_4
4	4	x_2_2,x_2_3,x_3_3,x_3_4
4	4	x_2_2,x_2_3,x_4_1,x_4_2
4	4	x_2_2,x_2_3,x_4_1,x_4_3
4	2	x_2_2,x_2_3,x_4_1,x_4_4
4	8	x_2_2,x_2_3,x_4_2,x_4_3
4	4	x_2_2,x_2_3,x_4_2,x_4_4
4	4	x_2_2,x_2_3,x_4_3,x_4_4
4	4	x_2_2,x_2_3,x_5_1,x_5_2
4	4	x_2_2,x_2_3,x_5_1,x_5_3
4	2	x_2_2,x_2_3,x_5_1,x_5_4
4	8	x_2_2,x_2_3,x_5_2,x_5_3
4	4	x_2_2,x_2_3,x_5_2,x_5_4
4	4	x_2_2,x_2_3,x_5_3,x_5_4
4	10	x_2_2,x_2_4,x_3_0,x_3_1
4	24	x_2_2,x_2_4,x_3_1,x_3_2
4	12	x_2_2,x_2_4,x_3_1,x_3_3
4	24	x_2_2,x_2_4,x_3_1,x_3_4
4	4	x_2_2,x_2_4,x_3_2,x_3_3
4	6	x_2_2,x_2_4,x_3_2,x_3_4
4	4	x_2_2,x_2_4,x_3_3,x_3_4
4	4	x_2_2,x_2_4,x_4_1,x_4_2
4	2	x_2_2,x_2_4,x_4_1,x_4_3
4	4	x_2_2,x_2_4,x_4_1,x_4_4
4	4	x_2_2,x_2_4,x_4_2,x_4_3
4	6	x_2_2,x_2_4,x_4_2,x_4_4
4	4	x_2_2,x_2_4,x_4_3,x_4_4
4	4	x_2_2,x_2_4,x_5_1,x_5_2
4	2	x_2_2,x_2_4,x_5_1,x_5_3
4	4	x_2_2,x_2_4,x_5_1,x_5_4
4	4	x_2_2,x_2_4,x_5_2,x_5_3
4	6	x_2_2,x_2_4,x_5_2,x_5_4
4	4	x_2_2,x_2_4,x_5_3,x_5_4
4	20	x_2_2,x_3_0,x_3_1,x_3_2
4	10	x_2_2,x_3_0,x_3_1,x_3_3
4	10	x_2_2,x_3_0,x_3_1,x_3_4
4	24	x_2_2,x_3_1,x_3_2,x_3_3
4	24	x_2_2,x_3_1,x_3_2,x_3_4
4	12	x_2_2,x_3_1,x_3_3,x_3_4
4	4	x_2_2,x_3_2,x_3_3,x_3_4
4	4	x_2_2,x_4_1,x_4_2,x_4_3
4	4	x_2_2,x_4_1,x_4_2,x_4_4
4	2	x_2_2,x_4_1,x_4_3,x_4_4
4	4	x_2_2,x_4_2,x_4_3,x_4_4
4	4	x_2_2,x_5_1,x_5_2,x_5_3
4	4	x_2_2,x_5_1,x_5_2,x_5_4
4	2	x_2_2,x_5_1,x_5_3,x_5_4
4	4	x_2_2,x_5_2,x_5_3,x_5_4
4	10	x_2_3,x_2_4,x_3_0,x_3_1
4	12	x_2_3,x_2_4,x_3_1,x_3_2
4	24	x_2_3,x_2_4,x_3_1,x_3_3
4	24	x_2_3,x_2_4,x_3_1,x_3_4
4	4	x_2_3,x_2_4,x_3_2,x_3_3
4	4	x_2_3,x_2_4,x_3_2,x_3_4
4	6	x_2_3,x_2_4,x_3_3,x_3_4
4	2	x_2_3,x_2_4,x_4_1,x_4_2
4	4	x_2_3,x_2_4,x_4_1,x_4_3
4	4	x_2_3,x_2_4,x_4_1,x_4_4
4	4	x_2_3,x_2_4,x_4_2,x_4_3
4	4	x_2_3,x_2_4,x_4_2,x_4_4
4	6	x_2_3,x_2_4,x_4_3,x_4_4
4	2	x_2_3,x_2_4,x_5_1,x_5_2
4	4	x_2_3,x_2_4,x_5_1,x_5_3
4	4	x_2_3,x_2_4,x_5_1,x_5_4
4	4	x_2_3,x_2_4,x_5_2,x_5_3
4	4	x_2_3,x_2_4,x_5_2,x_5_4
4	6	x_2_3,x_2_4,x_5_3,x_5_4
4	10	x_2_3,x_3_0,x_3_1,x_3_2
4	20	x_2_3,x_3_0,x_3_1,x_3_3
4	10	x_2_3,x_3_0,x_3_1,x_3_4
4	24	x_2_3,x_3_1,x_3_2,x_3_3
4	12	x_2_3,x_3_1,x_3_2,x_3_4
4	24	x_2_3,x_3_1,x_3_3,x_3_4
4	4	x_2_3,x_3_2,x_3_3,x_3_4
4	4	x_2_3,x_4_1,x_4_2,x_4_3
4	2	x_2_3,x_4_1,x_4_2,x_4_4
4	4	x_2_3,x_4_1,x_4_3,x_4_4
4	4	x_2_3,x_4_2,x_4_3,x_4_4
4	4	x_2_3,x_5_1,x_5_2,x_5_3
4	2	x_2_3,x_5_1,x_5_2,x_5_4
4	4	x_2_3,x_5_1,x_5_3,x_5_4
4	4	x_2_3,x_5_2,x_5_3,x_5_4
4	10	x_2_4,x_3_0,x_3_1,x_3_2
4	10	x_2_4,x_3_0,x_3_1,x_3_3
4	20	x_2_4,x_3_0,x_3_1,x_3_4
4	12	x_2_4,x_3_1,x_3_2,x_3_3
4	24	x_2_4,x_3_1,x_3_2,x_3_4
4	24	x_2_4,x_3_1,x_3_3,x_3_4
4	4	x_2_4,x_3_2,x_3_3,x_3_4
4	2	x_2_4,x_4_1,x_4_2,x_4_3
4	4	x_2_4,x_4_1,x_4_2,x_4_4
4	4	x_2_4,x_4_1,x_4_3,x_4_4
4	4	x_2_4,x_4_2,x_4_3,x_4_4
4	2	x_2_4,x_5_1,x_5_2,x_5_3
4	4	x_2_4,x_5_1,x_5_2,x_5_4
4	4	x_2_4,x_5_1,x_5_3,x_5_4
4	4	x_2_4,x_5_2,x_5_3,x_5_4
4	10	x_3_0,x_3_1,x_3_2,x_3_3
4	10	x_3_0,x_3_1,x_3_2,x_3_4
4	10	x_3_0,x_3_1,x_3_2,x_4_0
4	10	x_3_0,x_3_1,x_3_2,x_4_1
4	-10	x_3_0,x_3_1,x_3_2,x_4_2
4	-10	x_3_0,x_3_1,x_3_2,x_4_4
4	10	x_3_0,x_3_1,x_3_3,x_3_4
4	10	x_3_0,x_3_1,x_3_3,x_4_0
4	10	x_3_0,x_3_1,x_3_3,x_4_1
4	-10	x_3_0,x_3_1,x_3_3,x_4_2
4	-10	x_3_0,x_3_1,x_3_3,x_4_3
4	-10	x_3_0,x_3_1,x_3_3,x_4_4
4	10	x_3_0,x_3_1,x_3_4,x_4_0
4	10	x_3_0,x_3_1,x_3_4,x_4_1
4	-10	x_3_0,x_3_1,x_3_4,x_4_2
4	-10	x_3_0,x_3_1,x_3_4,x_4_3
4	-10	x_3_0,x_3_1,x_3_4,x_4_4
4	20	x_3_0,x_3_1,x_4_0,x_4_1
4	10	x_3_0,x_3_1,x_4_1,x_4_2
4	10	x_3_0,x_3_1,x_4_1,x_4_3
4	10	x_3_0,x_3_1,x_4_1,x_4_4
4	-10	x_3_0,x_3_1,x_4_2,x_4_3
4	-20	x_3_0,x_3_1,x_4_2,x_4_4
4	-20	x_3_0,x_3_1,x_4_3,x_4_4
4	10	x_3_0,x_3_2,x_3_3,x_4_1
4	10	x_3_0,x_3_2,x_3_4,x_4_1
4	20	x_3_0,x_3_2,x_4_1,x_4_2
4	10	x_3_0,x_3_2,x_4_1,x_4_3
4	10	x_3_0,x_3_2,x_4_1,x_4_4
4	10	x_3_0,x_3_3,x_3_4,x_4_1
4	10	x_3_0,x_3_3,x_4_1,x_4_2
4	20	x_3_0,x_3_3,x_4_1,x_4_3
4	10	x_3_0,x_3_3,x_4_1,x_4_4
4	10	x_3_0,x_3_4,x_4_1,x_4_2
4	10	x_3_0,x_3_4,x_4_1,x_4_3
4	20	x_3_0,x_3_4,x_4_1,x_4_4
4	10	x_3_0,x_4_0,x_4_1,x_4_2
4	10	x_3_0,x_4_0,x_4_1,x_4_3
4	10	x_3_0,x_4_0,x_4_1,x_4_4
4	10	x_3_0,x_4_1,x_4_2,x_4_3
4	10	x_3_0,x_4_1,x_4_2,x_4_4
4	10	x_3_0,x_4_1,x_4_3,x_4_4
4	17.599999999999994	x_3_1,x_3_2,x_3_3,x_3_4
4	14	x_3_1,x_3_2,x_3_3,x_4_1
4	-6	x_3_1,x_3_2,x_3_3,x_4_2
4	4	x_3_1,x_3_2,x_3_3,x_4_3
4	-18	x_3_1,x_3_2,x_3_3,x_4_4
4	4	x_3_1,x_3_2,x_3_3,x_5_1
4	4	x_3_1,x_3_2,x_3_3,x_5_2
4	4	x_3_1,x_3_2,x_3_3,x_5_3
4	2	x_3_1,x_3_2,x_3_3,x_5_4
4	14	x_3_1,x_3_2,x_3_4,x_4_1
4	-6	x_3_1,x_3_2,x_3_4,x_4_2
4	2	x_3_1,x_3_2,x_3_4,x_4_3
4	-6	x_3_1,x_3_2,x_3_4,x_4_4
4	4	x_3_1,x_3_2,x_3_4,x_5_1
4	4	x_3_1,x_3_2,x_3_4,x_5_2
4	2	x_3_1,x_3_2,x_3_4,x_5_3
4	4	x_3_1,x_3_2,x_3_4,x_5_4
4	10	x_3_1,x_3_2,x_4_0,x_4_1
4	-10	x_3_1,x_3_2,x_4_0,x_4_2
4	-10	x_3_1,x_3_2,x_4_0,x_4_4
4	28	x_3_1,x_3_2,x_4_1,x_4_2
4	24	x_3_1,x_3_2,x_4_1,x_4_3
4	14	x_3_1,x_3_2,x_4_1,x_4_4
4	4	x_3_1,x_3_2,x_4_2,x_4_3
4	-16	x_3_1,x_3_2,x_4_2,x_4_4
4	-8	x_3_1,x_3_2,x_4_3,x_4_4
4	8	x_3_1,x_3_2,x_5_1,x_5_2
4	4	x_3_1,x_3_2,x_5_1,x_5_3
4	4	x_3_1,x_3_2,x_5_1,x_5_4
4	4	x_3_1,x_3_2,x_5_2,x_5_3
4	4	x_3_1,x_3_2,x_5_2,x_5_4
4	2	x_3_1,x_3_2,x_5_3,x_5_4
4	14	x_3_1,x_3_3,x_3_4,x_4_1
4	-8	x_3_1,x_3_3,x_3_4,x_4_2
4	-6	x_3_1,x_3_3,x_3_4,x_4_3
4	-6	x_3_1,x_3_3,x_3_4,x_4_4
4	4	x_3_1,x_3_3,x_3_4,x_5_1
4	2	x_3_1,x_3_3,x_3_4,x_5_2
4	4	x_3_1,x_3_3,x_3_4,x_5_3
4	4	x_3_1,x_3_3,x_3_4,x_5_4
4	10	x_3_1,x_3_3,x_4_0,x_4_1
4	-10	x_3_1,x_3_3,x_4_0,x_4_2
4	-10	x_3_1,x_3_3,x_4_0,x_4_3
4	-10	x_3_1,x_3_3,x_4_0,x_4_4
4	14	x_3_1,x_3_3,x_4_1,x_4_2
4	28	x_3_1,x_3_3,x_4_1,x_4_3
4	14	x_3_1,x_3_3,x_4_1,x_4_4
4	-16	x_3_1,x_3_3,x_4_2,x_4_3
4	-18	x_3_1,x_3_3,x_4_2,x_4_4
4	-16	x_3_1,x_3_3,x_4_3,x_4_4
4	4	x_3_1,x_3_3,x_5_1,x_5_2
4	8	x_3_1,x_3_3,x_5_1,x_5_3
4	4	x_3_1,x_3_3,x_5_1,x_5_4
4	4	x_3_1,x_3_3,x_5_2,x_5_3
4	2	x_3_1,x_3_3,x_5_2,x_5_4
4	4	x_3_1,x_3_3,x_5_3,x_5_4
4	10	x_3_1,x_3_4,x_4_0,x_4_1
4	-10	x_3_1,x_3_4,x_4_0,x_4_2
4	-10	x_3_1,x_3_4,x_4_0,x_4_3
4	-10	x_3_1,x_3_4,x_4_0,x_4_4
4	14	x_3_1,x_3_4,x_4_1,x_4_2
4	14	x_3_1,x_3_4,x_4_1,x_4_3
4	28	x_3_1,x_3_4,x_4_1,x_4_4
4	-8	x_3_1,x_3_4,x_4_2,x_4_3
4	-16	x_3_1,x_3_4,x_4_2,x_4_4
4	-16	x_3_1,x_3_4,x_4_3,x_4_4
4	4	x_3_1,x_3_4,x_5_1,x_5_2
4	4	x_3_1,x_3_4,x_5_1,x_5_3
4	8	x_3_1,x_3_4,x_5_1,x_5_4
4	2	x_3_1,x_3_4,x_5_2,x_5_3
4	4	x_3_1,x_3_4,x_5_2,x_5_4
4	4	x_3_1,x_3_4,x_5_3,x_5_4
4	10	x_3_1,x_4_0,x_4_1,x_4_2
4	10	x_3_1,x_4_0,x_4_1,x_4_3
4	10	x_3_1,x_4_0,x_4_1,x_4_4
4	-10	x_3_1,x_4_0,x_4_2,x_4_3
4	-20	x_3_1,x_4_0,x_4_2,x_4_4
4	-20	x_3_1,x_4_0,x_4_3,x_4_4
4	14	x_3_1,x_4_1,x_4_2,x_4_3
4	14	x_3_1,x_4_1,x_4_2,x_4_4
4	14	x_3_1,x_4_1,x_4_3,x_4_4
4	-18	x_3_1,x_4_2,x_4_3,x_4_4
4	4	x_3_1,x_5_1,x_5_2,x_5_3
4	4	x_3_1,x_5_1,x_5_2,x_5_4
4	4	x_3_1,x_5_1,x_5_3,x_5_4
4	2	x_3_1,x_5_2,x_5_3,x_5_4
4	12	x_3_2,x_3_3,x_3_4,x_4_1
4	4	x_3_2,x_3_3,x_3_4,x_4_2
4	4	x_3_2,x_3_3,x_3_4,x_4_3
4	4	x_3_2,x_3_3,x_3_4,x_4_4
4	2	x_3_2,x_3_3,x_3_4,x_5_1
4	4	x_3_2,x_3_3,x_3_4,x_5_2
4	4	x_3_2,x_3_3,x_3_4,x_5_3
4	4	x_3_2,x_3_3,x_3_4,x_5_4
4	10	x_3_2,x_3_3,x_4_0,x_4_1
4	24	x_3_2,x_3_3,x_4_1,x_4_2
4	24	x_3_2,x_3_3,x_4_1,x_4_3
4	12	x_3_2,x_3_3,x_4_1,x_4_4
4	8	x_3_2,x_3_3,x_4_2,x_4_3
4	4	x_3_2,x_3_3,x_4_2,x_4_4
4	4	x_3_2,x_3_3,x_4_3,x_4_4
4	4	x_3_2,x_3_3,x_5_1,x_5_2
4	4	x_3_2,x_3_3,x_5_1,x_5_3
4	2	x_3_2,x_3_3,x_5_1,x_5_4
4	8	x_3_2,x_3_3,x_5_2,x_5_3
4	4	x_3_2,x_3_3,x_5_2,x_5_4
4	4	x_3_2,x_3_3,x_5_3,x_5_4
4	10	x_3_2,x_3_4,x_4_0,x_4_1
4	24	x_3_2,x_3_4,x_4_1,x_4_2
4	12	x_3_2,x_3_4,x_4_1,x_4_3
4	24	x_3_2,x_3_4,x_4_1,x_4_4
4	4	x_3_2,x_3_4,x_4_2,x_4_3
4	6	x_3_2,x_3_4,x_4_2,x_4_4
4	4	x_3_2,x_3_4,x_4_3,x_4_4
4	4	x_3_2,x_3_4,x_5_1,x_5_2
4	2	x_3_2,x_3_4,x_5_1,x_5_3
4	4	x_3_2,x_3_4,x_5_1,x_5_4
4	4	x_3_2,x_3_4,x_5_2,x_5_3
4	6	x_3_2,x_3_4,x_5_2,x_5_4
4	4	x_3_2,x_3_4,x_5_3,x_5_4
4	20	x_3_2,x_4_0,x_4_1,x_4_2
4	10	x_3_2,x_4_0,x_4_1,x_4_3
4	10	x_3_2,x_4_0,x_4_1,x_4_4
4	24	x_3_2,x_4_1,x_4_2,x_4_3
4	24	x_3_2,x_4_1,x_4_2,x_4_4
4	12	x_3_2,x_4_1,x_4_3,x_4_4
4	4	x_3_2,x_4_2,x_4_3,x_4_4
4	4	x_3_2,x_5_1,x_5_2,x_5_3
4	4	x_3_2,x_5_1,x_5_2,x_5_4
4	2	x_3_2,x_5_1,x_5_3,x_5_4
4	4	x_3_2,x_5_2,x_5_3,x_5_4
4	10	x_3_3,x_3_4,x_4_0,x_4_1
4	12	x_3_3,x_3_4,x_4_1,x_4_2
4	24	x_3_3,x_3_4,x_4_1,x_4_3
4	24	x_3_3,x_3_4,x_4_1,x_4_4
4	4	x_3_3,x_3_4,x_4_2,x_4_3
4	4	x_3_3,x_3_4,x_4_2,x_4_4
4	6	x_3_3,x_3_4,x_4_3,x_4_4
4	2	x_3_3,x_3_4,x_5_1,x_5_2
4	4	x_3_3,x_3_4,x_5_1,x_5_3
4	4	x_3_3,x_3_4,x_5_1,x_5_4
4	4	x_3_3,x_3_4,x_5_2,x_5_3
4	4	x_3_3,x_3_4,x_5_2,x_5_4
4	6	x_3_3,x_3_4,x_5_3,x_5_4
4	10	x_3_3,x_4_0,x_4_1,x_4_2
4	20	x_3_3,x_4_0,x_4_1,x_4_3
4	10	x_3_3,x_4_0,x_4_1,x_4_4
4	24	x_3_3,x_4_1,x_4_2,x_4_3
4	12	x_3_3,x_4_1,x_4_2,x_4_4
4	24	x_3_3,x_4_1,x_4_3,x_4_4
4	4	x_3_3,x_4_2,x_4_3,x_4_4
4	4	x_3_3,x_5_1,x_5_2,x_5_3
4	2	x_3_3,x_5_1,x_5_2,x_5_4
4	4	x_3_3,x_5_1,x_5_3,x_5_4
4	4	x_3_3,x_5_2,x_5_3,x_5_4
4	10	x_3_4,x_4_0,x_4_1,x_4_2
4	10	x_3_4,x_4_0,x_4_1,x_4_3
4	20	x_3_4,x_4_0,x_4_1,x_4_4
4	12	x_3_4,x_4_1,x_4_2,x_4_3
4	24	x_3_4,x_4_1,x_4_2,x_4_4
4	24	x_3_4,x_4_1,x_4_3,x_4_4
4	4	x_3_4,x_4_2,x_4_3,x_4_4
4	2	x_3_4,x_5_1,x_5_2,x_5_3
4	4	x_3_4,x_5_1,x_5_2,x_5_4
4	4	x_3_4,x_5_1,x_5_3,x_5_4
4	4	x_3_4,x_5_2,x_5_3,x_5_4
4	10	x_4_0,x_4_1,x_4_2,x_4_3
4	10	x_4_0,x_4_1,x_4_2,x_4_4
4	10	x_4_0,x_4_1,x_4_2,x_5_0
4	10	x_4_0,x_4_1,x_4_2,x_5_1
4	-10	x_4_0,x_4_1,x_4_2,x_5_2
4	-10	x_4_0,x_4_1,x_4_2,x_5_4
4	10	x_4_0,x_4_1,x_4_3,x_4_4
4	10	x_4_0,x_4_1,x_4_3,x_5_0
4	10	x_4_0,x_4_1,x_4_3,x_5_1
4	-10	x_4_0,x_4_1,x_4_3,x_5_2
4	-10	x_4_0,x_4_1,x_4_3,x_5_3
4	-10	x_4_0,x_4_1,x_4_3,x_5_4
4	10	x_4_0,x_4_1,x_4_4,x_5_0
4	10	x_4_0,x_4_1,x_4_4,x_5_1
4	-10	x_4_0,x_4_1,x_4_4,x_5_2
4	-10	x_4_0,x_4_1,x_4_4,x_5_3
4	-10	x_4_0,x_4_1,x_4_4,x_5_4
4	20	x_4_0,x_4_1,x_5_0,x_5_1
4	10	x_4_0,x_4_1,x_5_1,x_5_2
4	10	x_4_0,x_4_1,x_5_1,x_5_3
4	10	x_4_0,x_4_1,x_5_1,x_5_4
4	-10	x_4_0,x_4_1,x_5_2,x_5_3
4	-20	x_4_0,x_4_1,x_5_2,x_5_4
4	-20	x_4_0,x_4_1,x_5_3,x_5_4
4	10	x_4_0,x_4_2,x_4_3,x_5_1
4	10	x_4_0,x_4_2,x_4_4,x_5_1
4	20	x_4_0,x_4_2,x_5_1,x_5_2
4	10	x_4_0,x_4_2,x_5_1,x_5_3
4	10	x_4_0,x_4_2,x_5_1,x_5_4
4	10	x_4_0,x_4_3,x_4_4,x_5_1
4	10	x_4_0,x_4_3,x_5_1,x_5_2
4	20	x_4_0,x_4_3,x_5_1,x_5_3
4	10	x_4_0,x_4_3,x_5_1,x_5_4
4	10	x_4_0,x_4_4,x_5_1,x_5_2
4	10	x_4_0,x_4_4,x_5_1,x_5_3
4	20	x_4_0,x_4_4,x_5_1,x_5_4
4	10	x_4_0,x_5_0,x_5_1,x_5_2
4	10	x_4_0,x_5_0,x_5_1,x_5_3
4	10	x_4_0,x_5_0,x_5_1,x_5_4
4	10	x_4_0,x_5_1,x_5_2,x_5_3
4	10	x_4_0,x_5_1,x_5_2,x_5_4
4	10	x_4_0,x_5_1,x_5_3,x_5_4
4	17.599999999999994	x_4_1,x_4_2,x_4_3,x_4_4
4	14	x_4_1,x_4_2,x_4_3,x_5_1
4	-6	x_4_1,x_4_2,x_4_3,x_5_2
4	4	x_4_1,x_4_2,x_4_3,x_5_3
4	-18	x_4_1,x_4_2,x_4_3,x_5_4
4	14	x_4_1,x_4_2,x_4_4,x_5_1
4	-6	x_4_1,x_4_2,x_4_4,x_5_2
4	2	x_4_1,x_4_2,x_4_4,x_5_3
4	-6	x_4_1,x_4_2,x_4_4,x_5_4
4	10	x_4_1,x_4_2,x_5_0,x_5_1
4	-10	x_4_1,x_4_2,x_5_0,x_5_2
4	-10	x_4_1,x_4_2,x_5_0,x_5_4
4	28	x_4_1,x_4_2,x_5_1,x_5_2
4	24	x_4_1,x_4_2,x_5_1,x_5_3
4	14	x_4_1,x_4_2,x_5_1,x_5_4
4	4	x_4_1,x_4_2,x_5_2,x_5_3
4	-16	x_4_1,x_4_2,x_5_2,x_5_4
4	-8	x_4_1,x_4_2,x_5_3,x_5_4
4	14	x_4_1,x_4_3,x_4_4,x_5_1
4	-8	x_4_1,x_4_3,x_4_4,x_5_2
4	-6	x_4_1,x_4_3,x_4_4,x_5_3
4	-6	x_4_1,x_4_3,x_4_4,x_5_4
4	10	x_4_1,x_4_3,x_5_0,x_5_1
4	-10	x_4_1,x_4_3,x_5_0,x_5_2
4	-10	x_4_1,x_4_3,x_5_0,x_5_3
4	-10	x_4_1,x_4_3,x_5_0,x_5_4
4	14	x_4_1,x_4_3,x_5_1,x_5_2
4	28	x_4_1,x_4_3,x_5_1,x_5_3
4	14	x_4_1,x_4_3,x_5_1,x_5_4
4	-16	x_4_1,x_4_3,x_5_2,x_5_3
4	-18	x_4_1,x_4_3,x_5_2,x_5_4
4	-16	x_4_1,x_4_3,x_5_3,x_5_4
4	10	x_4_1,x_4_4,x_5_0,x_5_1
4	-10	x_4_1,x_4_4,x_5_0,x_5_2
4	-10	x_4_1,x_4_4,x_5_0,x_5_3
4	-10	x_4_1,x_4_4,x_5_0,x_5_4
4	14	x_4_1,x_4_4,x_5_1,x_5_2
4	14	x_4_1,x_4_4,x_5_1,x_5_3
4	28	x_4_1,x_4_4,x_5_1,x_5_4
4	-8	x_4_1,x_4_4,x_5_2,x_5_3
4	-16	x_4_1,x_4_4,x_5_2,x_5_4
4	-16	x_4_1,x_4_4,x_5_3,x_5_4
4	10	x_4_1,x_5_0,x_5_1,x_5_2
4	10	x_4_1,x_5_0,x_5_1,x_5_3
4	10	x_4_1,x_5_0,x_5_1,x_5_4
4	-10	x_4_1,x_5_0,x_5_2,x_5_3
4	-20	x_4_1,x_5_0,x_5_2,x_5_4
4	-20	x_4_1,x_5_0,x_5_3,x_5_4
4	14	x_4_1,x_5_1,x_5_2,x_5_3
4	14	x_4_1,x_5_1,x_5_2,x_5_4
4	14	x_4_1,x_5_1,x_5_3,x_5_4
4	-18	x_4_1,x_5_2,x_5_3,x_5_4
4	12	x_4_2,x_4_3,x_4_4,x_5_1
4	4	x_4_2,x_4_3,x_4_4,x_5_2
4	4	x_4_2,x_4_3,x_4_4,x_5_3
4	4	x_4_2,x_4_3,x_4_4,x_5_4
4	10	x_4_2,x_4_3,x_5_0,x_5_1
4	24	x_4_2,x_4_3,x_5_1,x_5_2
4	24	x_4_2,x_4_3,x_5_1,x_5_3
4	12	x_4_2,x_4_3,x_5_1,x_5_4
4	8	x_4_2,x_4_3,x_5_2,x_5_3
4	4	x_4_2,x_4_3,x_5_2,x_5_4
4	4	x_4_2,x_4_3,x_5_3,x_5_4
4	10	x_4_2,x_4_4,x_5_0,x_5_1
4	24	x_4_2,x_4_4,x_5_1,x_5_2
4	12	x_4_2,x_4_4,x_5_1,x_5_3
4	24	x_4_2,x_4_4,x_5_1,x_5_4
4	4	x_4_2,x_4_4,x_5_2,x_5_3
4	6	x_4_2,x_4_4,x_5_2,x_5_4
4	4	x_4_2,x_4_4,x_5_3,x_5_4
4	20	x_4_2,x_5_0,x_5_1,x_5_2
4	10	x_4_2,x_5_0,x_5_1,x_5_3
4	10	x_4_2,x_5_0,x_5_1,x_5_4
4	24	x_4_2,x_5_1,x_5_2,x_5_3
4	24	x_4_2,x_5_1,x_5_2,x_5_4
4	12	x_4_2,x_5_1,x_5_3,x_5_4
4	4	x_4_2,x_5_2,x_5_3,x_5_4
4	10	x_4_3,x_4_4,x_5_0,x_5_1
4	12	x_4_3,x_4_4,x_5_1,x_5_2
4	24	x_4_3,x_4_4,x_5_1,x_5_3
4	24	x_4_3,x_4_4,x_5_1,x_5_4
4	4	x_4_3,x_4_4,x_5_2,x_5_3
4	4	x_4_3,x_4_4,x_5_2,x_5_4
4	6	x_4_3,x_4_4,x_5_3,x_5_4
4	10	x_4_3,x_5_0,x_5_1,x_5_2
4	20	x_4_3,x_5_0,x_5_1,x_5_3
4	10	x_4_3,x_5_0,x_5_1,x_5_4
4	24	x_4_3,x_5_1,x_5_2,x_5_3
4	12	x_4_3,x_5_1,x_5_2,x_5_4
4	24	x_4_3,x_5_1,x_5_3,x_5_4
4	4	x_4_3,x_5_2,x_5_3,x_5_4
4	10	x_4_4,x_5_0,x_5_1,x_5_2
4	10	x_4_4,x_5_0,x_5_1,x_5_3
4	20	x_4_4,x_5_0,x_5_1,x_5_4
4	12	x_4_4,x_5_1,x_5_2,x_5_3
4	24	x_4_4,x_5_1,x_5_2,x_5_4
4	24	x_4_4,x_5_1,x_5_3,x_5_4
4	4	x_4_4,x_5_2,x_5_3,x_5_4
4	10	x_5_0,x_5_1,x_5_2,x_5_3
4	10	x_5_0,x_5_1,x_5_2,x_5_4
4	10	x_5_0,x_5_1,x_5_3,x_5_4
4	17.599999999999994	x_5_1,x_5_2,x_5_3,x_5_4
5	-10	x_0_0,x_0_1,x_0_2,x_0_3,x_1_0
5	-10	x_0_0,x_0_1,x_0_2,x_0_3,x_1_1
5	10	x_0_0,x_0_1,x_0_2,x_0_3,x_1_2
5	20	x_0_0,x_0_1,x_0_2,x_0_3,x_1_4
5	-10	x_0_0,x_0_1,x_0_2,x_0_4,x_1_0
5	-10	x_0_0,x_0_1,x_0_2,x_0_4,x_1_1
5	10	x_0_0,x_0_1,x_0_2,x_0_4,x_1_2
5	10	x_0_0,x_0_1,x_0_2,x_0_4,x_1_4
5	-20	x_0_0,x_0_1,x_0_2,x_1_0,x_1_1
5	-10	x_0_0,x_0_1,x_0_2,x_1_0,x_1_2
5	-10	x_0_0,x_0_1,x_0_2,x_1_0,x_1_3
5	-20	x_0_0,x_0_1,x_0_2,x_1_1,x_1_2
5	-20	x_0_0,x_0_1,x_0_2,x_1_1,x_1_3
5	-10	x_0_0,x_0_1,x_0_2,x_1_1,x_1_4
5	20	x_0_0,x_0_1,x_0_2,x_1_2,x_1_4
5	10	x_0_0,x_0_1,x_0_2,x_1_3,x_1_4
5	-10	x_0_0,x_0_1,x_0_3,x_0_4,x_1_0
5	-10	x_0_0,x_0_1,x_0_3,x_0_4,x_1_1
5	10	x_0_0,x_0_1,x_0_3,x_0_4,x_1_2
5	10	x_0_0,x_0_1,x_0_3,x_0_4,x_1_3
5	10	x_0_0,x_0_1,x_0_3,x_0_4,x_1_4
5	-20	x_0_0,x_0_1,x_0_3,x_1_0,x_1_1
5	-10	x_0_0,x_0_1,x_0_3,x_1_0,x_1_3
5	-10	x_0_0,x_0_1,x_0_3,x_1_1,x_1_2
5	-20	x_0_0,x_0_1,x_0_3,x_1_1,x_1_3
5	-10	x_0_0,x_0_1,x_0_3,x_1_1,x_1_4
5	20	x_0_0,x_0_1,x_0_3,x_1_2,x_1_3
5	20	x_0_0,x_0_1,x_0_3,x_1_2,x_1_4
5	20	x_0_0,x_0_1,x_0_3,x_1_3,x_1_4
5	-20	x_0_0,x_0_1,x_0_4,x_1_0,x_1_1
5	-10	x_0_0,x_0_1,x_0_4,x_1_0,x_1_4
5	-10	x_0_0,x_0_1,x_0_4,x_1_1,x_1_2
5	-10	x_0_0,x_0_1,x_0_4,x_1_1,x_1_3
5	-20	x_0_0,x_0_1,x_0_4,x_1_1,x_1_4
5	10	x_0_0,x_0_1,x_0_4,x_1_2,x_1_3
5	20	x_0_0,x_0_1,x_0_4,x_1_2,x_1_4
5	20	x_0_0,x_0_1,x_0_4,x_1_3,x_1_4
5	-20	x_0_0,x_0_1,x_1_0,x_1_1,x_1_2
5	-20	x_0_0,x_0_1,x_1_0,x_1_1,x_1_3
5	-20	x_0_0,x_0_1,x_1_0,x_1_1,x_1_4
5	10	x_0_0,x_0_1,x_1_0,x_1_2,x_1_4
5	10	x_0_0,x_0_1,x_1_0,x_1_3,x_1_4
5	-10	x_0_0,x_0_1,x_1_1,x_1_2,x_1_3
5	-10	x_0_0,x_0_1,x_1_1,x_1_2,x_1_4
5	-10	x_0_0,x_0_1,x_1_1,x_1_3,x_1_4
5	20	x_0_0,x_0_1,x_1_2,x_1_3,x_1_4
5	-10	x_0_0,x_0_2,x_0_3,x_0_4,x_1_1
5	-20	x_0_0,x_0_2,x_0_3,x_1_1,x_1_2
5	-20	x_0_0,x_0_2,x_0_3,x_1_1,x_1_3
5	-10	x_0_0,x_0_2,x_0_3,x_1_1,x_1_4
5	10	x_0_0,x_0_2,x_0_4,x_1_0,x_1_1
5	-20	x_0_0,x_0_2,x_0_4,x_1_1,x_1_2
5	-10	x_0_0,x_0_2,x_0_4,x_1_1,x_1_3
5	-20	x_0_0,x_0_2,x_0_4,x_1_1,x_1_4
5	-10	x_0_0,x_0_2,x_1_0,x_1_1,x_1_2
5	-20	x_0_0,x_0_2,x_1_1,x_1_2,x_1_3
5	-20	x_0_0,x_0_2,x_1_1,x_1_2,x_1_4
5	-10	x_0_0,x_0_2,x_1_1,x_1_3,x_1_4
5	10	x_0_0,x_0_3,x_0_4,x_1_0,x_1_1
5	-10	x_0_0,x_0_3,x_0_4,x_1_1,x_1_2
5	-20	x_0_0,x_0_3,x_0_4,x_1_1,x_1_3
5	-20	x_0_0,x_0_3,x_0_4,x_1_1,x_1_4
5	-10	x_0_0,x_0_3,x_1_0,x_1_1,x_1_2
5	-10	x_0_0,x_0_3,x_1_0,x_1_1,x_1_3
5	-20	x_0_0,x_0_3,x_1_1,x_1_2,x_1_3
5	-10	x_0_0,x_0_3,x_1_1,x_1_2,x_1_4
5	-20	x_0_0,x_0_3,x_1_1,x_1_3,x_1_4
5	-10	x_0_0,x_0_4,x_1_0,x_1_1,x_1_4
5	-10	x_0_0,x_0_4,x_1_1,x_1_2,x_1_3
5	-20	x_0_0,x_0_4,x_1_1,x_1_2,x_1_4
5	-20	x_0_0,x_0_4,x_1_1,x_1_3,x_1_4
5	-10	x_0_0,x_1_0,x_1_1,x_1_2,x_1_3
5	-10	x_0_0,x_1_0,x_1_1,x_1_2,x_1_4
5	-10	x_0_0,x_1_0,x_1_1,x_1_3,x_1_4
5	-10	x_0_0,x_1_1,x_1_2,x_1_3,x_1_4
5	-14	x_0_1,x_0_2,x_0_3,x_0_4,x_1_1
5	6	x_0_1,x_0_2,x_0_3,x_0_4,x_1_2
5	-4	x_0_1,x_0_2,x_0_3,x_0_4,x_1_3
5	16	x_0_1,x_0_2,x_0_3,x_0_4,x_1_4
5	-4	x_0_1,x_0_2,x_0_3,x_0_4,x_2_1
5	-4	x_0_1,x_0_2,x_0_3,x_0_4,x_2_2
5	-4	x_0_1,x_0_2,x_0_3,x_0_4,x_2_3
5	-4	x_0_1,x_0_2,x_0_3,x_0_4,x_2_4
5	-4	x_0_1,x_0_2,x_0_3,x_0_4,x_3_1
5	-4	x_0_1,x_0_2,x_0_3,x_0_4,x_3_2
5	-4	x_0_1,x_0_2,x_0_3,x_0_4,x_3_3
5	-4	x_0_1,x_0_2,x_0_3,x_0_4,x_3_4
5	-4	x_0_1,x_0_2,x_0_3,x_0_4,x_4_1
5	-4	x_0_1,x_0_2,x_0_3,x_0_4,x_4_2
5	-4	x_0_1,x_0_2,x_0_3,x_0_4,x_4_3
5	-4	x_0_1,x_0_2,x_0_3,x_0_4,x_4_4
5	-4	x_0_1,x_0_2,x_0_3,x_0_4,x_5_1
5	-4	x_0_1,x_0_2,x_0_3,x_0_4,x_5_2
5	-4	x_0_1,x_0_2,x_0_3,x_0_4,x_5_3
5	-4	x_0_1,x_0_2,x_0_3,x_0_4,x_5_4
5	-10	x_0_1,x_0_2,x_0_3,x_1_0,x_1_1
5	10	x_0_1,x_0_2,x_0_3,x_1_0,x_1_2
5	20	x_0_1,x_0_2,x_0_3,x_1_0,x_1_4
5	-28	x_0_1,x_0_2,x_0_3,x_1_1,x_1_2
5	-38	x_0_1,x_0_2,x_0_3,x_1_1,x_1_3
5	-4	x_0_1,x_0_2,x_0_3,x_1_1,x_1_4
5	2	x_0_1,x_0_2,x_0_3,x_1_2,x_1_3
5	26	x_0_1,x_0_2,x_0_3,x_1_2,x_1_4
5	16	x_0_1,x_0_2,x_0_3,x_1_3,x_1_4
5	-8	x_0_1,x_0_2,x_0_3,x_2_1,x_2_2
5	-8	x_0_1,x_0_2,x_0_3,x_2_1,x_2_3
5	-4	x_0_1,x_0_2,x_0_3,x_2_1,x_2_4
5	-8	x_0_1,x_0_2,x_0_3,x_2_2,x_2_3
5	-4	x_0_1,x_0_2,x_0_3,x_2_2,x_2_4
5	-4	x_0_1,x_0_2,x_0_3,x_2_3,x_2_4
5	-8	x_0_1,x_0_2,x_0_3,x_3_1,x_3_2
5	-8	x_0_1,x_0_2,x_0_3,x_3_1,x_3_3
5	-4	x_0_1,x_0_2,x_0_3,x_3_1,x_3_4
5	-8	x_0_1,x_0_2,x_0_3,x_3_2,x_3_3
5	-4	x_0_1,x_0_2,x_0_3,x_3_2,x_3_4
5	-4	x_0_1,x_0_2,x_0_3,x_3_3,x_3_4
5	-8	x_0_1,x_0_2,x_0_3,x_4_1,x_4_2
5	-8	x_0_1,x_0_2,x_0_3,x_4_1,x_4_3
5	-4	x_0_1,x_0_2,x_0_3,x_4_1,x_4_4
5	-8	x_0_1,x_0_2,x_0_3,x_4_2,x_4_3
5	-4	x_0_1,x_0_2,x_0_3,x_4_2,x_4_4
5	-4	x_0_1,x_0_2,x_0_3,x_4_3,x_4_4
5	-8	x_0_1,x_0_2,x_0_3,x_5_1,x_5_2
5	-8	x_0_1,x_0_2,x_0_3,x_5_1,x_5_3
5	-4	x_0_1,x_0_2,x_0_3,x_5_1,x_5_4
5	-8	x_0_1,x_0_2,x_0_3,x_5_2,x_5_3
5	-4	x_0_1,x_0_2,x_0_3,x_5_2,x_5_4
5	-4	x_0_1,x_0_2,x_0_3,x_5_3,x_5_4
5	-10	x_0_1,x_0_2,x_0_4,x_1_0,x_1_1
5	10	x_0_1,x_0_2,x_0_4,x_1_0,x_1_2
5	10	x_0_1,x_0_2,x_0_4,x_1_0,x_1_4
5	-28	x_0_1,x_0_2,x_0_4,x_1_1,x_1_2
5	-24	x_0_1,x_0_2,x_0_4,x_1_1,x_1_3
5	-28	x_0_1,x_0_2,x_0_4,x_1_1,x_1_4
5	-4	x_0_1,x_0_2,x_0_4,x_1_2,x_1_3
5	14	x_0_1,x_0_2,x_0_4,x_1_2,x_1_4
5	6	x_0_1,x_0_2,x_0_4,x_1_3,x_1_4
5	-8	x_0_1,x_0_2,x_0_4,x_2_1,x_2_2
5	-4	x_0_1,x_0_2,x_0_4,x_2_1,x_2_3
5	-8	x_0_1,x_0_2,x_0_4,x_2_1,x_2_4
5	-4	x_0_1,x_0_2,x_0_4,x_2_2,x_2_3
5	-6	x_0_1,x_0_2,x_0_4,x_2_2,x_2_4
5	-4	x_0_1,x_0_2,x_0_4,x_2_3,x_2_4
5	-8	x_0_1,x_0_2,x_0_4,x_3_1,x_3_2
5	-4	x_0_1,x_0_2,x_0_4,x_3_1,x_3_3
5	-8	x_0_1,x_0_2,x_0_4,x_3_1,x_3_4
5	-4	x_0_1,x_0_2,x_0_4,x_3_2,x_3_3
5	-6	x_0_1,x_0_2,x_0_4,x_3_2,x_3_4
5	-4	x_0_1,x_0_2,x_0_4,x_3_3,x_3_4
5	-8	x_0_1,x_0_2,x_0_4,x_4_1,x_4_2
5	-4	x_0_1,x_0_2,x_0_4,x_4_1,x_4_3
5	-8	x_0_1,x_0_2,x_0_4,x_4_1,x_4_4
5	-4	x_0_1,x_0_2,x_0_4,x_4_2,x_4_3
5	-6	x_0_1,x_0_2,x_0_4,x_4_2,x_4_4
5	-4	x_0_1,x_0_2,x_0_4,x_4_3,x_4_4
5	-8	x_0_1,x_0_2,x_0_4,x_5_1,x_5_2
5	-4	x_0_1,x_0_2,x_0_4,x_5_1,x_5_3
5	-8	x_0_1,x_0_2,x_0_4,x_5_1,x_5_4
5	-4	x_0_1,x_0_2,x_0_4,x_5_2,x_5_3
5	-6	x_0_1,x_0_2,x_0_4,x_5_2,x_5_4
5	-4	x_0_1,x_0_2,x_0_4,x_5_3,x_5_4
5	-20	x_0_1,x_0_2,x_1_0,x_1_1,x_1_2
5	-20	x_0_1,x_0_2,x_1_0,x_1_1,x_1_3
5	-10	x_0_1,x_0_2,x_1_0,x_1_1,x_1_4
5	20	x_0_1,x_0_2,x_1_0,x_1_2,x_1_4
5	10	x_0_1,x_0_2,x_1_0,x_1_3,x_1_4
5	-38	x_0_1,x_0_2,x_1_1,x_1_2,x_1_3
5	-28	x_0_1,x_0_2,x_1_1,x_1_2,x_1_4
5	-24	x_0_1,x_0_2,x_1_1,x_1_3,x_1_4
5	6	x_0_1,x_0_2,x_1_2,x_1_3,x_1_4
5	-8	x_0_1,x_0_2,x_2_1,x_2_2,x_2_3
5	-8	x_0_1,x_0_2,x_2_1,x_2_2,x_2_4
5	-4	x_0_1,x_0_2,x_2_1,x_2_3,x_2_4
5	-4	x_0_1,x_0_2,x_2_2,x_2_3,x_2_4
5	-8	x_0_1,x_0_2,x_3_1,x_3_2,x_3_3
5	-8	x_0_1,x_0_2,x_3_1,x_3_2,x_3_4
5	-4	x_0_1,x_0_2,x_3_1,x_3_3,x_3_4
5	-4	x_0_1,x_0_2,x_3_2,x_3_3,x_3_4
5	-8	x_0_1,x_0_2,x_4_1,x_4_2,x_4_3
5	-8	x_0_1,x_0_2,x_4_1,x_4_2,x_4_4
5	-4	x_0_1,x_0_2,x_4_1,x_4_3,x_4_4
5	-4	x_0_1,x_0_2,x_4_2,x_4_3,x_4_4
5	-8	x_0_1,x_0_2,x_5_1,x_5_2,x_5_3
5	-8	x_0_1,x_0_2,x_5_1,x_5_2,x_5_4
5	-4	x_0_1,x_0_2,x_5_1,x_5_3,x_5_4
5	-4	x_0_1,x_0_2,x_5_2,x_5_3,x_5_4
5	-10	x_0_1,x_0_3,x_0_4,x_1_0,x_1_1
5	10	x_0_1,x_0_3,x_0_4,x_1_0,x_1_2
5	10	x_0_1,x_0_3,x_0_4,x_1_0,x_1_3
5	10	x_0_1,x_0_3,x_0_4,x_1_0,x_1_4
5	-14	x_0_1,x_0_3,x_0_4,x_1_1,x_1_2
5	-28	x_0_1,x_0_3,x_0_4,x_1_1,x_1_3
5	-28	x_0_1,x_0_3,x_0_4,x_1_1,x_1_4
5	16	x_0_1,x_0_3,x_0_4,x_1_2,x_1_3
5	16	x_0_1,x_0_3,x_0_4,x_1_2,x_1_4
5	14	x_0_1,x_0_3,x_0_4,x_1_3,x_1_4
5	-4	x_0_1,x_0_3,x_0_4,x_2_1,x_2_2
5	-8	x_0_1,x_0_3,x_0_4,x_2_1,x_2_3
5	-8	x_0_1,x_0_3,x_0_4,x_2_1,x_2_4
5	-4	x_0_1,x_0_3,x_0_4,x_2_2,x_2_3
5	-4	x_0_1,x_0_3,x_0_4,x_2_2,x_2_4
5	-6	x_0_1,x_0_3,x_0_4,x_2_3,x_2_4
5	-4	x_0_1,x_0_3,x_0_4,x_3_1,x_3_2
5	-8	x_0_1,x_0_3,x_0_4,x_3_1,x_3_3
5	-8	x_0_1,x_0_3,x_0_4,x_3_1,x_3_4
5	-4	x_0_1,x_0_3,x_0_4,x_3_2,x_3_3
5	-4	x_0_1,x_0_3,x_0_4,x_3_2,x_3_4
5	-6	x_0_1,x_0_3,x_0_4,x_3_3,x_3_4
5	-4	x_0_1,x_0_3,x_0_4,x_4_1,x_4_2
5	-8	x_0_1,x_0_3,x_0_4,x_4_1,x_4_3
5	-8	x_0_1,x_0_3,x_0_4,x_4_1,x_4_4
5	-4	x_0_1,x_0_3,x_0_4,x_4_2,x_4_3
5	-4	x_0_1,x_0_3,x_0_4,x_4_2,x_4_4
5	-6	x_0_1,x_0_3,x_0_4,x_4_3,x_4_4
5	-4	x_0_1,x_0_3,x_0_4,x_5_1,x_5_2
5	-8	x_0_1,x_0_3,x_0_4,x_5_1,x_5_3
5	-8	x_0_1,x_0_3,x_0_4,x_5_1,x_5_4
5	-4	x_0_1,x_0_3,x_0_4,x_5_2,x_5_3
5	-4	x_0_1,x_0_3,x_0_4,x_5_2,x_5_4
5	-6	x_0_1,x_0_3,x_0_4,x_5_3,x_5_4
5	-10	x_0_1,x_0_3,x_1_0,x_1_1,x_1_2
5	-20	x_0_1,x_0_3,x_1_0,x_1_1,x_1_3
5	-10	x_0_1,x_0_3,x_1_0,x_1_1,x_1_4
5	20	x_0_1,x_0_3,x_1_0,x_1_2,x_1_3
5	20	x_0_1,x_0_3,x_1_0,x_1_2,x_1_4
5	20	x_0_1,x_0_3,x_1_0,x_1_3,x_1_4
5	-18	x_0_1,x_0_3,x_1_1,x_1_2,x_1_3
5	-14	x_0_1,x_0_3,x_1_1,x_1_2,x_1_4
5	-28	x_0_1,x_0_3,x_1_1,x_1_3,x_1_4
5	26	x_0_1,x_0_3,x_1_2,x_1_3,x_1_4
5	-8	x_0_1,x_0_3,x_2_1,x_2_2,x_2_3
5	-4	x_0_1,x_0_3,x_2_1,x_2_2,x_2_4
5	-8	x_0_1,x_0_3,x_2_1,x_2_3,x_2_4
5	-4	x_0_1,x_0_3,x_2_2,x_2_3,x_2_4
5	-8	x_0_1,x_0_3,x_3_1,x_3_2,x_3_3
5	-4	x_0_1,x_0_3,x_3_1,x_3_2,x_3_4
5	-8	x_0_1,x_0_3,x_3_1,x_3_3,x_3_4
5	-4	x_0_1,x_0_3,x_3_2,x_3_3,x_3_4
5	-8	x_0_1,x_0_3,x_4_1,x_4_2,x_4_3
5	-4	x_0_1,x_0_3,x_4_1,x_4_2,x_4_4
5	-8	x_0_1,x_0_3,x_4_1,x_4_3,x_4_4
5	-4	x_0_1,x_0_3,x_4_2,x_4_3,x_4_4
5	-8	x_0_1,x_0_3,x_5_1,x_5_2,x_5_3
5	-4	x_0_1,x_0_3,x_5_1,x_5_2,x_5_4
5	-8	x_0_1,x_0_3,x_5_1,x_5_3,x_5_4
5	-4	x_0_1,x_0_3,x_5_2,x_5_3,x_5_4
5	-10	x_0_1,x_0_4,x_1_0,x_1_1,x_1_2
5	-10	x_0_1,x_0_4,x_1_0,x_1_1,x_1_3
5	-20	x_0_1,x_0_4,x_1_0,x_1_1,x_1_4
5	10	x_0_1,x_0_4,x_1_0,x_1_2,x_1_3
5	20	x_0_1,x_0_4,x_1_0,x_1_2,x_1_4
5	20	x_0_1,x_0_4,x_1_0,x_1_3,x_1_4
5	-14	x_0_1,x_0_4,x_1_1,x_1_2,x_1_3
5	-28	x_0_1,x_0_4,x_1_1,x_1_2,x_1_4
5	-28	x_0_1,x_0_4,x_1_1,x_1_3,x_1_4
5	16	x_0_1,x_0_4,x_1_2,x_1_3,x_1_4
5	-4	x_0_1,x_0_4,x_2_1,x_2_2,x_2_3
5	-8	x_0_1,x_0_4,x_2_1,x_2_2,x_2_4
5	-8	x_0_1,x_0_4,x_2_1,x_2_3,x_2_4
5	-4	x_0_1,x_0_4,x_2_2,x_2_3,x_2_4
5	-4	x_0_1,x_0_4,x_3_1,x_3_2,x_3_3
5	-8	x_0_1,x_0_4,x_3_1,x_3_2,x_3_4
5	-8	x_0_1,x_0_4,x_3_1,x_3_3,x_3_4
5	-4	x_0_1,x_0_4,x_3_2,x_3_3,x_3_4
5	-4	x_0_1,x_0_4,x_4_1,x_4_2,x_4_3
5	-8	x_0_1,x_0_4,x_4_1,x_4_2,x_4_4
5	-8	x_0_1,x_0_4,x_4_1,x_4_3,x_4_4
5	-4	x_0_1,x_0_4,x_4_2,x_4_3,x_4_4
5	-4	x_0_1,x_0_4,x_5_1,x_5_2,x_5_3
5	-8	x_0_1,x_0_4,x_5_1,x_5_2,x_5_4
5	-8	x_0_1,x_0_4,x_5_1,x_5_3,x_5_4
5	-4	x_0_1,x_0_4,x_5_2,x_5_3,x_5_4
5	-10	x_0_1,x_1_0,x_1_1,x_1_2,x_1_3
5	-10	x_0_1,x_1_0,x_1_1,x_1_2,x_1_4
5	-10	x_0_1,x_1_0,x_1_1,x_1_3,x_1_4
5	20	x_0_1,x_1_0,x_1_2,x_1_3,x_1_4
5	-14	x_0_1,x_1_1,x_1_2,x_1_3,x_1_4
5	-4	x_0_1,x_2_1,x_2_2,x_2_3,x_2_4
5	-4	x_0_1,x_3_1,x_3_2,x_3_3,x_3_4
5	-4	x_0_1,x_4_1,x_4_2,x_4_3,x_4_4
5	-4	x_0_1,x_5_1,x_5_2,x_5_3,x_5_4
5	-10	x_0_2,x_0_3,x_0_4,x_1_0,x_1_1
5	-24	x_0_2,x_0_3,x_0_4,x_1_1,x_1_2
5	-24	x_0_2,x_0_3,x_0_4,x_1_1,x_1_3
5	-24	x_0_2,x_0_3,x_0_4,x_1_1,x_1_4
5	-8	x_0_2,x_0_3,x_0_4,x_1_2,x_1_3
5	-6	x_0_2,x_0_3,x_0_4,x_1_2,x_1_4
5	-6	x_0_2,x_0_3,x_0_4,x_1_3,x_1_4
5	-4	x_0_2,x_0_3,x_0_4,x_2_1,x_2_2
5	-4	x_0_2,x_0_3,x_0_4,x_2_1,x_2_3
5	-4	x_0_2,x_0_3,x_0_4,x_2_1,x_2_4
5	-8	x_0_2,x_0_3,x_0_4,x_2_2,x_2_3
5	-6	x_0_2,x_0_3,x_0_4,x_2_2,x_2_4
5	-6	x_0_2,x_0_3,x_0_4,x_2_3,x_2_4
5	-4	x_0_2,x_0_3,x_0_4,x_3_1,x_3_2
5	-4	x_0_2,x_0_3,x_0_4,x_3_1,x_3_3
5	-4	x_0_2,x_0_3,x_0_4,x_3_1,x_3_4
5	-8	x_0_2,x_0_3,x_0_4,x_3_2,x_3_3
5	-6	x_0_2,x_0_3,x_0_4,x_3_2,x_3_4
5	-6	x_0_2,x_0_3,x_0_4,x_3_3,x_3_4
5	-4	x_0_2,x_0_3,x_0_4,x_4_1,x_4_2
5	-4	x_0_2,x_0_3,x_0_4,x_4_1,x_4_3
5	-4	x_0_2,x_0_3,x_0_4,x_4_1,x_4_4
5	-8	x_0_2,x_0_3,x_0_4,x_4_2,x_4_3
5	-6	x_0_2,x_0_3,x_0_4,x_4_2,x_4_4
5	-6	x_0_2,x_0_3,x_0_4,x_4_3,x_4_4
5	-4	x_0_2,x_0_3,x_0_4,x_5_1,x_5_2
5	-4	x_0_2,x_0_3,x_0_4,x_5_1,x_5_3
5	-4	x_0_2,x_0_3,x_0_4,x_5_1,x_5_4
5	-8	x_0_2,x_0_3,x_0_4,x_5_2,x_5_3
5	-6	x_0_2,x_0_3,x_0_4,x_5_2,x_5_4
5	-6	x_0_2,x_0_3,x_0_4,x_5_3,x_5_4
5	-20	x_0_2,x_0_3,x_1_0,x_1_1,x_1_2
5	-20	x_0_2,x_0_3,x_1_0,x_1_1,x_1_3
5	-10	x_0_2,x_0_3,x_1_0,x_1_1,x_1_4
5	-48	x_0_2,x_0_3,x_1_1,x_1_2,x_1_3
5	-24	x_0_2,x_0_3,x_1_1,x_1_2,x_1_4
5	-24	x_0_2,x_0_3,x_1_1,x_1_3,x_1_4
5	-8	x_0_2,x_0_3,x_1_2,x_1_3,x_1_4
5	-8	x_0_2,x_0_3,x_2_1,x_2_2,x_2_3
5	-4	x_0_2,x_0_3,x_2_1,x_2_2,x_2_4
5	-4	x_0_2,x_0_3,x_2_1,x_2_3,x_2_4
5	-8	x_0_2,x_0_3,x_2_2,x_2_3,x_2_4
5	-8	x_0_2,x_0_3,x_3_1,x_3_2,x_3_3
5	-4	x_0_2,x_0_3,x_3_1,x_3_2,x_3_4
5	-4	x_0_2,x_0_3,x_3_1,x_3_3,x_3_4
5	-8	x_0_2,x_0_3,x_3_2,x_3_3,x_3_4
5	-8	x_0_2,x_0_3,x_4_1,x_4_2,x_4_3
5	-4	x_0_2,x_0_3,x_4_1,x_4_2,x_4_4
5	-4	x_0_2,x_0_3,x_4_1,x_4_3,x_4_4
5	-8	x_0_2,x_0_3,x_4_2,x_4_3,x_4_4
5	-8	x_0_2,x_0_3,x_5_1,x_5_2,x_5_3
5	-4	x_0_2,x_0_3,x_5_1,x_5_2,x_5_4
5	-4	x_0_2,x_0_3,x_5_1,x_5_3,x_5_4
5	-8	x_0_2,x_0_3,x_5_2,x_5_3,x_5_4
5	-20	x_0_2,x_0_4,x_1_0,x_1_1,x_1_2
5	-10	x_0_2,x_0_4,x_1_0,x_1_1,x_1_3
5	-20	x_0_2,x_0_4,x_1_0,x_1_1,x_1_4
5	-24	x_0_2,x_0_4,x_1_1,x_1_2,x_1_3
5	-36	x_0_2,x_0_4,x_1_1,x_1_2,x_1_4
5	-24	x_0_2,x_0_4,x_1_1,x_1_3,x_1_4
5	-6	x_0_2,x_0_4,x_1_2,x_1_3,x_1_4
5	-4	x_0_2,x_0_4,x_2_1,x_2_2,x_2_3
5	-6	x_0_2,x_0_4,x_2_1,x_2_2,x_2_4
5	-4	x_0_2,x_0_4,x_2_1,x_2_3,x_2_4
5	-6	x_0_2,x_0_4,x_2_2,x_2_3,x_2_4
5	-4	x_0_2,x_0_4,x_3_1,x_3_2,x_3_3
5	-6	x_0_2,x_0_4,x_3_1,x_3_2,x_3_4
5	-4	x_0_2,x_0_4,x_3_1,x_3_3,x_3_4
5	-6	x_0_2,x_0_4,x_3_2,x_3_3,x_3_4
5	-4	x_0_2,x_0_4,x_4_1,x_4_2,x_4_3
5	-6	x_0_2,x_0_4,x_4_1,x_4_2,x_4_4
5	-4	x_0_2,x_0_4,x_4_1,x_4_3,x_4_4
5	-6	x_0_2,x_0_4,x_4_2,x_4_3,x_4_4
5	-4	x_0_2,x_0_4,x_5_1,x_5_2,x_5_3
5	-6	x_0_2,x_0_4,x_5_1,x_5_2,x_5_4
5	-4	x_0_2,x_0_4,x_5_1,x_5_3,x_5_4
5	-6	x_0_2,x_0_4,x_5_2,x_5_3,x_5_4
5	-20	x_0_2,x_1_0,x_1_1,x_1_2,x_1_3
5	-20	x_0_2,x_1_0,x_1_1,x_1_2,x_1_4
5	-10	x_0_2,x_1_0,x_1_1,x_1_3,x_1_4
5	-24	x_0_2,x_1_1,x_1_2,x_1_3,x_1_4
5	-4	x_0_2,x_2_1,x_2_2,x_2_3,x_2_4
5	-4	x_0_2,x_3_1,x_3_2,x_3_3,x_3_4
5	-4	x_0_2,x_4_1,x_4_2,x_4_3,x_4_4
5	-4	x_0_2,x_5_1,x_5_2,x_5_3,x_5_4
5	-10	x_0_3,x_0_4,x_1_0,x_1_1,x_1_2
5	-20	x_0_3,x_0_4,x_1_0,x_1_1,x_1_3
5	-20	x_0_3,x_0_4,x_1_0,x_1_1,x_1_4
5	-24	x_0_3,x_0_4,x_1_1,x_1_2,x_1_3
5	-24	x_0_3,x_0_4,x_1_1,x_1_2,x_1_4
5	-36	x_0_3,x_0_4,x_1_1,x_1_3,x_1_4
5	-6	x_0_3,x_0_4,x_1_2,x_1_3,x_1_4
5	-4	x_0_3,x_0_4,x_2_1,x_2_2,x_2_3
5	-4	x_0_3,x_0_4,x_2_1,x_2_2,x_2_4
5	-6	x_0_3,x_0_4,x_2_1,x_2_3,x_2_4
5	-6	x_0_3,x_0_4,x_2_2,x_2_3,x_2_4
5	-4	x_0_3,x_0_4,x_3_1,x_3_2,x_3_3
5	-4	x_0_3,x_0_4,x_3_1,x_3_2,x_3_4
5	-6	x_0_3,x_0_4,x_3_1,x_3_3,x_3_4
5	-6	x_0_3,x_0_4,x_3_2,x_3_3,x_3_4
5	-4	x_0_3,x_0_4,x_4_1,x_4_2,x_4_3
5	-4	x_0_3,x_0_4,x_4_1,x_4_2,x_4_4
5	-6	x_0_3,x_0_4,x_4_1,x_4_3,x_4_4
5	-6	x_0_3,x_0_4,x_4_2,x_4_3,x_4_4
5	-4	x_0_3,x_0_4,x_5_1,x_5_2,x_5_3
5	-4	x_0_3,x_0_4,x_5_1,x_5_2,x_5_4
5	-6	x_0_3,x_0_4,x_5_1,x_5_3,x_5_4
5	-6	x_0_3,x_0_4,x_5_2,x_5_3,x_5_4
5	-20	x_0_3,x_1_0,x_1_1,x_1_2,x_1_3
5	-10	x_0_3,x_1_0,x_1_1,x_1_2,x_1_4
5	-20	x_0_3,x_1_0,x_1_1,x_1_3,x_1_4
5	-24	x_0_3,x_1_1,x_1_2,x_1_3,x_1_4
5	-4	x_0_3,x_2_1,x_2_2,x_2_3,x_2_4
5	-4	x_0_3,x_3_1,x_3_2,x_3_3,x_3_4
5	-4	x_0_3,x_4_1,x_4_2,x_4_3,x_4_4
5	-4	x_0_3,x_5_1,x_5_2,x_5_3,x_5_4
5	-10	x_0_4,x_1_0,x_1_1,x_1_2,x_1_3
5	-20	x_0_4,x_1_0,x_1_1,x_1_2,x_1_4
5	-20	x_0_4,x_1_0,x_1_1,x_1_3,x_1_4
5	-24	x_0_4,x_1_1,x_1_2,x_1_3,x_1_4
5	-4	x_0_4,x_2_1,x_2_2,x_2_3,x_2_4
5	-4	x_0_4,x_3_1,x_3_2,x_3_3,x_3_4
5	-4	x_0_4,x_4_1,x_4_2,x_4_3,x_4_4
5	-4	x_0_4,x_5_1,x_5_2,x_5_3,x_5_4
5	-10	x_1_0,x_1_1,x_1_2,x_1_3,x_1_4
5	-10	x_1_0,x_1_1,x_1_2,x_1_3,x_2_0
5	-10	x_1_0,x_1_1,x_1_2,x_1_3,x_2_1
5	10	x_1_0,x_1_1,x_1_2,x_1_3,x_2_2
5	20	x_1_0,x_1_1,x_1_2,x_1_3,x_2_4
5	-10	x_1_0,x_1_1,x_1_2,x_1_4,x_2_0
5	-10	x_1_0,x_1_1,x_1_2,x_1_4,x_2_1
5	10	x_1_0,x_1_1,x_1_2,x_1_4,x_2_2
5	10	x_1_0,x_1_1,x_1_2,x_1_4,x_2_4
5	-20	x_1_0,x_1_1,x_1_2,x_2_0,x_2_1
5	-10	x_1_0,x_1_1,x_1_2,x_2_0,x_2_2
5	-10	x_1_0,x_1_1,x_1_2,x_2_0,x_2_3
5	-20	x_1_0,x_1_1,x_1_2,x_2_1,x_2_2
5	-20	x_1_0,x_1_1,x_1_2,x_2_1,x_2_3
5	-10	x_1_0,x_1_1,x_1_2,x_2_1,x_2_4
5	20	x_1_0,x_1_1,x_1_2,x_2_2,x_2_4
5	10	x_1_0,x_1_1,x_1_2,x_2_3,x_2_4
5	-10	x_1_0,x_1_1,x_1_3,x_1_4,x_2_0
5	-10	x_1_0,x_1_1,x_1_3,x_1_4,x_2_1
5	10	x_1_0,x_1_1,x_1_3,x_1_4,x_2_2
5	10	x_1_0,x_1_1,x_1_3,x_1_4,x_2_3
5	10	x_1_0,x_1_1,x_1_3,x_1_4,x_2_4
5	-20	x_1_0,x_1_1,x_1_3,x_2_0,x_2_1
5	-10	x_1_0,x_1_1,x_1_3,x_2_0,x_2_3
5	-10	x_1_0,x_1_1,x_1_3,x_2_1,x_2_2
5	-20	x_1_0,x_1_1,x_1_3,x_2_1,x_2_3
5	-10	x_1_0,x_1_1,x_1_3,x_2_1,x_2_4
5	20	x_1_0,x_1_1,x_1_3,x_2_2,x_2_3
5	20	x_1_0,x_1_1,x_1_3,x_2_2,x_2_4
5	20	x_1_0,x_1_1,x_1_3,x_2_3,x_2_4
5	-20	x_1_0,x_1_1,x_1_4,x_2_0,x_2_1
5	-10	x_1_0,x_1_1,x_1_4,x_2_0,x_2_4
5	-10	x_1_0,x_1_1,x_1_4,x_2_1,x_2_2
5	-10	x_1_0,x_1_1,x_1_4,x_2_1,x_2_3
5	-20	x_1_0,x_1_1,x_1_4,x_2_1,x_2_4
5	10	x_1_0,x_1_1,x_1_4,x_2_2,x_2_3
5	20	x_1_0,x_1_1,x_1_4,x_2_2,x_2_4
5	20	x_1_0,x_1_1,x_1_4,x_2_3,x_2_4
5	-20	x_1_0,x_1_1,x_2_0,x_2_1,x_2_2
5	-20	x_1_0,x_1_1,x_2_0,x_2_1,x_2_3
5	-20	x_1_0,x_1_1,x_2_0,x_2_1,x_2_4
5	10	x_1_0,x_1_1,x_2_0,x_2_2,x_2_4
5	10	x_1_0,x_1_1,x_2_0,x_2_3,x_2_4
5	-10	x_1_0,x_1_1,x_2_1,x_2_2,x_2_3
5	-10	x_1_0,x_1_1,x_2_1,x_2_2,x_2_4
5	-10	x_1_0,x_1_1,x_2_1,x_2_3,x_2_4
5	20	x_1_0,x_1_1,x_2_2,x_2_3,x_2_4
5	-10	x_1_0,x_1_2,x_1_3,x_1_4,x_2_1
5	-20	x_1_0,x_1_2,x_1_3,x_2_1,x_2_2
5	-20	x_1_0,x_1_2,x_1_3,x_2_1,x_2_3
5	-10	x_1_0,x_1_2,x_1_3,x_2_1,x_2_4
5	10	x_1_0,x_1_2,x_1_4,x_2_0,x_2_1
5	-20	x_1_0,x_1_2,x_1_4,x_2_1,x_2_2
5	-10	x_1_0,x_1_2,x_1_4,x_2_1,x_2_3
5	-20	x_1_0,x_1_2,x_1_4,x_2_1,x_2_4
5	-10	x_1_0,x_1_2,x_2_0,x_2_1,x_2_2
5	-20	x_1_0,x_1_2,x_2_1,x_2_2,x_2_3
5	-20	x_1_0,x_1_2,x_2_1,x_2_2,x_2_4
5	-10	x_1_0,x_1_2,x_2_1,x_2_3,x_2_4
5	10	x_1_0,x_1_3,x_1_4,x_2_0,x_2_1
5	-10	x_1_0,x_1_3,x_1_4,x_2_1,x_2_2
5	-20	x_1_0,x_1_3,x_1_4,x_2_1,x_2_3
5	-20	x_1_0,x_1_3,x_1_4,x_2_1,x_2_4
5	-10	x_1_0,x_1_3,x_2_0,x_2_1,x_2_2
5	-10	x_1_0,x_1_3,x_2_0,x_2_1,x_2_3
5	-20	x_1_0,x_1_3,x_2_1,x_2_2,x_2_3
5	-10	x_1_0,x_1_3,x_2_1,x_2_2,x_2_4
5	-20	x_1_0,x_1_3,x_2_1,x_2_3,x_2_4
5	-10	x_1_0,x_1_4,x_2_0,x_2_1,x_2_4
5	-10	x_1_0,x_1_4,x_2_1,x_2_2,x_2_3
5	-20	x_1_0,x_1_4,x_2_1,x_2_2,x_2_4
5	-20	x_1_0,x_1_4,x_2_1,x_2_3,x_2_4
5	-10	x_1_0,x_2_0,x_2_1,x_2_2,x_2_3
5	-10	x_1_0,x_2_0,x_2_1,x_2_2,x_2_4
5	-10	x_1_0,x_2_0,x_2_1,x_2_3,x_2_4
5	-10	x_1_0,x_2_1,x_2_2,x_2_3,x_2_4
5	-14	x_1_1,x_1_2,x_1_3,x_1_4,x_2_1
5	6	x_1_1,x_1_2,x_1_3,x_1_4,x_2_2
5	-4	x_1_1,x_1_2,x_1_3,x_1_4,x_2_3
5	16	x_1_1,x_1_2,x_1_3,x_1_4,x_2_4
5	-4	x_1_1,x_1_2,x_1_3,x_1_4,x_3_1
5	-4	x_1_1,x_1_2,x_1_3,x_1_4,x_3_2
5	-4	x_1_1,x_1_2,x_1_3,x_1_4,x_3_3
5	-4	x_1_1,x_1_2,x_1_3,x_1_4,x_3_4
5	-4	x_1_1,x_1_2,x_1_3,x_1_4,x_4_1
5	-4	x_1_1,x_1_2,x_1_3,x_1_4,x_4_2
5	-4	x_1_1,x_1_2,x_1_3,x_1_4,x_4_3
5	-4	x_1_1,x_1_2,x_1_3,x_1_4,x_4_4
5	-4	x_1_1,x_1_2,x_1_3,x_1_4,x_5_1
5	-4	x_1_1,x_1_2,x_1_3,x_1_4,x_5_2
5	-4	x_1_1,x_1_2,x_1_3,x_1_4,x_5_3
5	-4	x_1_1,x_1_2,x_1_3,x_1_4,x_5_4
5	-10	x_1_1,x_1_2,x_1_3,x_2_0,x_2_1
5	10	x_1_1,x_1_2,x_1_3,x_2_0,x_2_2
5	20	x_1_1,x_1_2,x_1_3,x_2_0,x_2_4
5	-28	x_1_1,x_1_2,x_1_3,x_2_1,x_2_2
5	-38	x_1_1,x_1_2,x_1_3,x_2_1,x_2_3
5	-4	x_1_1,x_1_2,x_1_3,x_2_1,x_2_4
5	2	x_1_1,x_1_2,x_1_3,x_2_2,x_2_3
5	26	x_1_1,x_1_2,x_1_3,x_2_2,x_2_4
5	16	x_1_1,x_1_2,x_1_3,x_2_3,x_2_4
5	-8	x_1_1,x_1_2,x_1_3,x_3_1,x_3_2
5	-8	x_1_1,x_1_2,x_1_3,x_3_1,x_3_3
5	-4	x_1_1,x_1_2,x_1_3,x_3_1,x_3_4
5	-8	x_1_1,x_1_2,x_1_3,x_3_2,x_3_3
5	-4	x_1_1,x_1_2,x_1_3,x_3_2,x_3_4
5	-4	x_1_1,x_1_2,x_1_3,x_3_3,x_3_4
5	-8	x_1_1,x_1_2,x_1_3,x_4_1,x_4_2
5	-8	x_1_1,x_1_2,x_1_3,x_4_1,x_4_3
5	-4	x_1_1,x_1_2,x_1_3,x_4_1,x_4_4
5	-8	x_1_1,x_1_2,x_1_3,x_4_2,x_4_3
5	-4	x_1_1,x_1_2,x_1_3,x_4_2,x_4_4
5	-4	x_1_1,x_1_2,x_1_3,x_4_3,x_4_4
5	-8	x_1_1,x_1_2,x_1_3,x_5_1,x_5_2
5	-8	x_1_1,x_1_2,x_1_3,x_5_1,x_5_3
5	-4	x_1_1,x_1_2,x_1_3,x_5_1,x_5_4
5	-8	x_1_1,x_1_2,x_1_3,x_5_2,x_5_3
5	-4	x_1_1,x_1_2,x_1_3,x_5_2,x_5_4
5	-4	x_1_1,x_1_2,x_1_3,x_5_3,x_5_4
5	-10	x_1_1,x_1_2,x_1_4,x_2_0,x_2_1
5	10	x_1_1,x_1_2,x_1_4,x_2_0,x_2_2
5	10	x_1_1,x_1_2,x_1_4,x_2_0,x_2_4
5	-28	x_1_1,x_1_2,x_1_4,x_2_1,x_2_2
5	-24	x_1_1,x_1_2,x_1_4,x_2_1,x_2_3
5	-28	x_1_1,x_1_2,x_1_4,x_2_1,x_2_4
5	-4	x_1_1,x_1_2,x_1_4,x_2_2,x_2_3
5	14	x_1_1,x_1_2,x_1_4,x_2_2,x_2_4
5	6	x_1_1,x_1_2,x_1_4,x_2_3,x_2_4
5	-8	x_1_1,x_1_2,x_1_4,x_3_1,x_3_2
5	-4	x_1_1,x_1_2,x_1_4,x_3_1,x_3_3
5	-8	x_1_1,x_1_2,x_1_4,x_3_1,x_3_4
5	-4	x_1_1,x_1_2,x_1_4,x_3_2,x_3_3
5	-6	x_1_1,x_1_2,x_1_4,x_3_2,x_3_4
5	-4	x_1_1,x_1_2,x_1_4,x_3_3,x_3_4
5	-8	x_1_1,x_1_2,x_1_4,x_4_1,x_4_2
5	-4	x_1_1,x_1_2,x_1_4,x_4_1,x_4_3
5	-8	x_1_1,x_1_2,x_1_4,x_4_1,x_4_4
5	-4	x_1_1,x_1_2,x_1_4,x_4_2,x_4_3
5	-6	x_1_1,x_1_2,x_1_4,x_4_2,x_4_4
5	-4	x_1_1,x_1_2,x_1_4,x_4_3,x_4_4
5	-8	x_1_1,x_1_2,x_1_4,x_5_1,x_5_2
5	-4	x_1_1,x_1_2,x_1_4,x_5_1,x_5_3
5	-8	x_1_1,x_1_2,x_1_4,x_5_1,x_5_4
5	-4	x_1_1,x_1_2,x_1_4,x_5_2,x_5_3
5	-6	x_1_1,x_1_2,x_1_4,x_5_2,x_5_4
5	-4	x_1_1,x_1_2,x_1_4,x_5_3,x_5_4
5	-20	x_1_1,x_1_2,x_2_0,x_2_1,x_2_2
5	-20	x_1_1,x_1_2,x_2_0,x_2_1,x_2_3
5	-10	x_1_1,x_1_2,x_2_0,x_2_1,x_2_4
5	20	x_1_1,x_1_2,x_2_0,x_2_2,x_2_4
5	10	x_1_1,x_1_2,x_2_0,x_2_3,x_2_4
5	-38	x_1_1,x_1_2,x_2_1,x_2_2,x_2_3
5	-28	x_1_1,x_1_2,x_2_1,x_2_2,x_2_4
5	-24	x_1_1,x_1_2,x_2_1,x_2_3,x_2_4
5	6	x_1_1,x_1_2,x_2_2,x_2_3,x_2_4
5	-8	x_1_1,x_1_2,x_3_1,x_3_2,x_3_3
5	-8	x_1_1,x_1_2,x_3_1,x_3_2,x_3_4
5	-4	x_1_1,x_1_2,x_3_1,x_3_3,x_3_4
5	-4	x_1_1,x_1_2,x_3_2,x_3_3,x_3_4
5	-8	x_1_1,x_1_2,x_4_1,x_4_2,x_4_3
5	-8	x_1_1,x_1_2,x_4_1,x_4_2,x_4_4
5	-4	x_1_1,x_1_2,x_4_1,x_4_3,x_4_4
5	-4	x_1_1,x_1_2,x_4_2,x_4_3,x_4_4
5	-8	x_1_1,x_1_2,x_5_1,x_5_2,x_5_3
5	-8	x_1_1,x_1_2,x_5_1,x_5_2,x_5_4
5	-4	x_1_1,x_1_2,x_5_1,x_5_3,x_5_4
5	-4	x_1_1,x_1_2,x_5_2,x_5_3,x_5_4
5	-10	x_1_1,x_1_3,x_1_4,x_2_0,x_2_1
5	10	x_1_1,x_1_3,x_1_4,x_2_0,x_2_2
5	10	x_1_1,x_1_3,x_1_4,x_2_0,x_2_3
5	10	x_1_1,x_1_3,x_1_4,x_2_0,x_2_4
5	-14	x_1_1,x_1_3,x_1_4,x_2_1,x_2_2
5	-28	x_1_1,x_1_3,x_1_4,x_2_1,x_2_3
5	-28	x_1_1,x_1_3,x_1_4,x_2_1,x_2_4
5	16	x_1_1,x_1_3,x_1_4,x_2_2,x_2_3
5	16	x_1_1,x_1_3,x_1_4,x_2_2,x_2_4
5	14	x_1_1,x_1_3,x_1_4,x_2_3,x_2_4
5	-4	x_1_1,x_1_3,x_1_4,x_3_1,x_3_2
5	-8	x_1_1,x_1_3,x_1_4,x_3_1,x_3_3
5	-8	x_1_1,x_1_3,x_1_4,x_3_1,x_3_4
5	-4	x_1_1,x_1_3,x_1_4,x_3_2,x_3_3
5	-4	x_1_1,x_1_3,x_1_4,x_3_2,x_3_4
5	-6	x_1_1,x_1_3,x_1_4,x_3_3,x_3_4
5	-4	x_1_1,x_1_3,x_1_4,x_4_1,x_4_2
5	-8	x_1_1,x_1_3,x_1_4,x_4_1,x_4_3
5	-8	x_1_1,x_1_3,x_1_4,x_4_1,x_4_4
5	-4	x_1_1,x_1_3,x_1_4,x_4_2,x_4_3
5	-4	x_1_1,x_1_3,x_1_4,x_4_2,x_4_4
5	-6	x_1_1,x_1_3,x_1_4,x_4_3,x_4_4
5	-4	x_1_1,x_1_3,x_1_4,x_5_1,x_5_2
5	-8	x_1_1,x_1_3,x_1_4,x_5_1,x_5_3
5	-8	x_1_1,x_1_3,x_1_4,x_5_1,x_5_4
5	-4	x_1_1,x_1_3,x_1_4,x_5_2,x_5_3
5	-4	x_1_1,x_1_3,x_1_4,x_5_2,x_5_4
5	-6	x_1_1,x_1_3,x_1_4,x_5_3,x_5_4
5	-10	x_1_1,x_1_3,x_2_0,x_2_1,x_2_2
5	-20	x_1_1,x_1_3,x_2_0,x_2_1,x_2_3
5	-10	x_1_1,x_1_3,x_2_0,x_2_1,x_2_4
5	20	x_1_1,x_1_3,x_2_0,x_2_2,x_2_3
5	20	x_1_1,x_1_3,x_2_0,x_2_2,x_2_4
5	20	x_1_1,x_1_3,x_2_0,x_2_3,x_2_4
5	-18	x_1_1,x_1_3,x_2_1,x_2_2,x_2_3
5	-14	x_1_1,x_1_3,x_2_1,x_2_2,x_2_4
5	-28	x_1_1,x_1_3,x_2_1,x_2_3,x_2_4
5	26	x_1_1,x_1_3,x_2_2,x_2_3,x_2_4
5	-8	x_1_1,x_1_3,x_3_1,x_3_2,x_3_3
5	-4	x_1_1,x_1_3,x_3_1,x_3_2,x_3_4
5	-8	x_1_1,x_1_3,x_3_1,x_3_3,x_3_4
5	-4	x_1_1,x_1_3,x_3_2,x_3_3,x_3_4
5	-8	x_1_1,x_1_3,x_4_1,x_4_2,x_4_3
5	-4	x_1_1,x_1_3,x_4_1,x_4_2,x_4_4
5	-8	x_1_1,x_1_3,x_4_1,x_4_3,x_4_4
5	-4	x_1_1,x_1_3,x_4_2,x_4_3,x_4_4
5	-8	x_1_1,x_1_3,x_5_1,x_5_2,x_5_3
5	-4	x_1_1,x_1_3,x_5_1,x_5_2,x_5_4
5	-8	x_1_1,x_1_3,x_5_1,x_5_3,x_5_4
5	-4	x_1_1,x_1_3,x_5_2,x_5_3,x_5_4
5	-10	x_1_1,x_1_4,x_2_0,x_2_1,x_2_2
5	-10	x_1_1,x_1_4,x_2_0,x_2_1,x_2_3
5	-20	x_1_1,x_1_4,x_2_0,x_2_1,x_2_4
5	10	x_1_1,x_1_4,x_2_0,x_2_2,x_2_3
5	20	x_1_1,x_1_4,x_2_0,x_2_2,x_2_4
5	20	x_1_1,x_1_4,x_2_0,x_2_3,x_2_4
5	-14	x_1_1,x_1_4,x_2_1,x_2_2,x_2_3
5	-28	x_1_1,x_1_4,x_2_1,x_2_2,x_2_4
5	-28	x_1_1,x_1_4,x_2_1,x_2_3,x_2_4
5	16	x_1_1,x_1_4,x_2_2,x_2_3,x_2_4
5	-4	x_1_1,x_1_4,x_3_1,x_3_2,x_3_3
5	-8	x_1_1,x_1_4,x_3_1,x_3_2,x_3_4
5	-8	x_1_1,x_1_4,x_3_1,x_3_3,x_3_4
5	-4	x_1_1,x_1_4,x_3_2,x_3_3,x_3_4
5	-4	x_1_1,x_1_4,x_4_1,x_4_2,x_4_3
5	-8	x_1_1,x_1_4,x_4_1,x_4_2,x_4_4
5	-8	x_1_1,x_1_4,x_4_1,x_4_3,x_4_4
5	-4	x_1_1,x_1_4,x_4_2,x_4_3,x_4_4
5	-4	x_1_1,x_1_4,x_5_1,x_5_2,x_5_3
5	-8	x_1_1,x_1_4,x_5_1,x_5_2,x_5_4
5	-8	x_1_1,x_1_4,x_5_1,x_5_3,x_5_4
5	-4	x_1_1,x_1_4,x_5_2,x_5_3,x_5_4
5	-10	x_1_1,x_2_0,x_2_1,x_2_2,x_2_3
5	-10	x_1_1,x_2_0,x_2_1,x_2_2,x_2_4
5	-10	x_1_1,x_2_0,x_2_1,x_2_3,x_2_4
5	20	x_1_1,x_2_0,x_2_2,x_2_3,x_2_4
5	-14	x_1_1,x_2_1,x_2_2,x_2_3,x_2_4
5	-4	x_1_1,x_3_1,x_3_2,x_3_3,x_3_4
5	-4	x_1_1,x_4_1,x_4_2,x_4_3,x_4_4
5	-4	x_1_1,x_5_1,x_5_2,x_5_3,x_5_4
5	-10	x_1_2,x_1_3,x_1_4,x_2_0,x_2_1
5	-24	x_1_2,x_1_3,x_1_4,x_2_1,x_2_2
5	-24	x_1_2,x_1_3,x_1_4,x_2_1,x_2_3
5	-24	x_1_2,x_1_3,x_1_4,x_2_1,x_2_4
5	-8	x_1_2,x_1_3,x_1_4,x_2_2,x_2_3
5	-6	x_1_2,x_1_3,x_1_4,x_2_2,x_2_4
5	-6	x_1_2,x_1_3,x_1_4,x_2_3,x_2_4
5	-4	x_1_2,x_1_3,x_1_4,x_3_1,x_3_2
5	-4	x_1_2,x_1_3,x_1_4,x_3_1,x_3_3
5	-4	x_1_2,x_1_3,x_1_4,x_3_1,x_3_4
5	-8	x_1_2,x_1_3,x_1_4,x_3_2,x_3_3
5	-6	x_1_2,x_1_3,x_1_4,x_3_2,x_3_4
5	-6	x_1_2,x_1_3,x_1_4,x_3_3,x_3_4
5	-4	x_1_2,x_1_3,x_1_4,x_4_1,x_4_2
5	-4	x_1_2,x_1_3,x_1_4,x_4_1,x_4_3
5	-4	x_1_2,x_1_3,x_1_4,x_4_1,x_4_4
5	-8	x_1_2,x_1_3,x_1_4,x_4_2,x_4_3
5	-6	x_1_2,x_1_3,x_1_4,x_4_2,x_4_4
5	-6	x_1_2,x_1_3,x_1_4,x_4_3,x_4_4
5	-4	x_1_2,x_1_3,x_1_4,x_5_1,x_5_2
5	-4	x_1_2,x_1_3,x_1_4,x_5_1,x_5_3
5	-4	x_1_2,x_1_3,x_1_4,x_5_1,x_5_4
5	-8	x_1_2,x_1_3,x_1_4,x_5_2,x_5_3
5	-6	x_1_2,x_1_3,x_1_4,x_5_2,x_5_4
5	-6	x_1_2,x_1_3,x_1_4,x_5_3,x_5_4
5	-20	x_1_2,x_1_3,x_2_0,x_2_1,x_2_2
5	-20	x_1_2,x_1_3,x_2_0,x_2_1,x_2_3
5	-10	x_1_2,x_1_3,x_2_0,x_2_1,x_2_4
5	-48	x_1_2,x_1_3,x_2_1,x_2_2,x_2_3
5	-24	x_1_2,x_1_3,x_2_1,x_2_2,x_2_4
5	-24	x_1_2,x_1_3,x_2_1,x_2_3,x_2_4
5	-8	x_1_2,x_1_3,x_2_2,x_2_3,x_2_4
5	-8	x_1_2,x_1_3,x_3_1,x_3_2,x_3_3
5	-4	x_1_2,x_1_3,x_3_1,x_3_2,x_3_4
5	-4	x_1_2,x_1_3,x_3_1,x_3_3,x_3_4
5	-8	x_1_2,x_1_3,x_3_2,x_3_3,x_3_4
5	-8	x_1_2,x_1_3,x_4_1,x_4_2,x_4_3
5	-4	x_1_2,x_1_3,x_4_1,x_4_2,x_4_4
5	-4	x_1_2,x_1_3,x_4_1,x_4_3,x_4_4
5	-8	x_1_2,x_1_3,x_4_2,x_4_3,x_4_4
5	-8	x_1_2,x_1_3,x_5_1,x_5_2,x_5_3
5	-4	x_1_2,x_1_3,x_5_1,x_5_2,x_5_4
5	-4	x_1_2,x_1_3,x_5_1,x_5_3,x_5_4
5	-8	x_1_2,x_1_3,x_5_2,x_5_3,x_5_4
5	-20	x_1_2,x_1_4,x_2_0,x_2_1,x_2_2
5	-10	x_1_2,x_1_4,x_2_0,x_2_1,x_2_3
5	-20	x_1_2,x_1_4,x_2_0,x_2_1,x_2_4
5	-24	x_1_2,x_1_4,x_2_1,x_2_2,x_2_3
5	-36	x_1_2,x_1_4,x_2_1,x_2_2,x_2_4
5	-24	x_1_2,x_1_4,x_2_1,x_2_3,x_2_4
5	-6	x_1_2,x_1_4,x_2_2,x_2_3,x_2_4
5	-4	x_1_2,x_1_4,x_3_1,x_3_2,x_3_3
5	-6	x_1_2,x_1_4,x_3_1,x_3_2,x_3_4
5	-4	x_1_2,x_1_4,x_3_1,x_3_3,x_3_4
5	-6	x_1_2,x_1_4,x_3_2,x_3_3,x_3_4
5	-4	x_1_2,x_1_4,x_4_1,x_4_2,x_4_3
5	-6	x_1_2,x_1_4,x_4_1,x_4_2,x_4_4
5	-4	x_1_2,x_1_4,x_4_1,x_4_3,x_4_4
5	-6	x_1_2,x_1_4,x_4_2,x_4_3,x_4_4
5	-4	x_1_2,x_1_4,x_5_1,x_5_2,x_5_3
5	-6	x_1_2,x_1_4,x_5_1,x_5_2,x_5_4
5	-4	x_1_2,x_1_4,x_5_1,x_5_3,x_5_4
5	-6	x_1_2,x_1_4,x_5_2,x_5_3,x_5_4
5	-20	x_1_2,x_2_0,x_2_1,x_2_2,x_2_3
5	-20	x_1_2,x_2_0,x_2_1,x_2_2,x_2_4
5	-10	x_1_2,x_2_0,x_2_1,x_2_3,x_2_4
5	-24	x_1_2,x_2_1,x_2_2,x_2_3,x_2_4
5	-4	x_1_2,x_3_1,x_3_2,x_3_3,x_3_4
5	-4	x_1_2,x_4_1,x_4_2,x_4_3,x_4_4
5	-4	x_1_2,x_5_1,x_5_2,x_5_3,x_5_4
5	-10	x_1_3,x_1_4,x_2_0,x_2_1,x_2_2
5	-20	x_1_3,x_1_4,x_2_0,x_2_1,x_2_3
5	-20	x_1_3,x_1_4,x_2_0,x_2_1,x_2_4
5	-24	x_1_3,x_1_4,x_2_1,x_2_2,x_2_3
5	-24	x_1_3,x_1_4,x_2_1,x_2_2,x_2_4
5	-36	x_1_3,x_1_4,x_2_1,x_2_3,x_2_4
5	-6	x_1_3,x_1_4,x_2_2,x_2_3,x_2_4
5	-4	x_1_3,x_1_4,x_3_1,x_3_2,x_3_3
5	-4	x_1_3,x_1_4,x_3_1,x_3_2,x_3_4
5	-6	x_1_3,x_1_4,x_3_1,x_3_3,x_3_4
5	-6	x_1_3,x_1_4,x_3_2,x_3_3,x_3_4
5	-4	x_1_3,x_1_4,x_4_1,x_4_2,x_4_3
5	-4	x_1_3,x_1_4,x_4_1,x_4_2,x_4_4
5	-6	x_1_3,x_1_4,x_4_1,x_4_3,x_4_4
5	-6	x_1_3,x_1_4,x_4_2,x_4_3,x_4_4
5	-4	x_1_3,x_1_4,x_5_1,x_5_2,x_5_3
5	-4	x_1_3,x_1_4,x_5_1,x_5_2,x_5_4
5	-6	x_1_3,x_1_4,x_5_1,x_5_3,x_5_4
5	-6	x_1_3,x_1_4,x_5_2,x_5_3,x_5_4
5	-20	x_1_3,x_2_0,x_2_1,x_2_2,x_2_3
5	-10	x_1_3,x_2_0,x_2_1,x_2_2,x_2_4
5	-20	x_1_3,x_2_0,x_2_1,x_2_3,x_2_4
5	-24	x_1_3,x_2_1,x_2_2,x_2_3,x_2_4
5	-4	x_1_3,x_3_1,x_3_2,x_3_3,x_3_4
5	-4	x_1_3,x_4_1,x_4_2,x_4_3,x_4_4
5	-4	x_1_3,x_5_1,x_5_2,x_5_3,x_5_4
5	-10	x_1_4,x_2_0,x_2_1,x_2_2,x_2_3
5	-20	x_1_4,x_2_0,x_2_1,x_2_2,x_2_4
5	-20	x_1_4,x_2_0,x_2_1,x_2_3,x_2_4
5	-24	x_1_4,x_2_1,x_2_2,x_2_3,x_2_4
5	-4	x_1_4,x_3_1,x_3_2,x_3_3,x_3_4
5	-4	x_1_4,x_4_1,x_4_2,x_4_3,x_4_4
5	-4	x_1_4,x_5_1,x_5_2,x_5_3,x_5_4
5	-10	x_2_0,x_2_1,x_2_2,x_2_3,x_2_4
5	-10	x_2_0,x_2_1,x_2_2,x_2_3,x_3_0
5	-10	x_2_0,x_2_1,x_2_2,x_2_3,x_3_1
5	10	x_2_0,x_2_1,x_2_2,x_2_3,x_3_2
5	20	x_2_0,x_2_1,x_2_2,x_2_3,x_3_4
5	-10	x_2_0,x_2_1,x_2_2,x_2_4,x_3_0
5	-10	x_2_0,x_2_1,x_2_2,x_2_4,x_3_1
5	10	x_2_0,x_2_1,x_2_2,x_2_4,x_3_2
5	10	x_2_0,x_2_1,x_2_2,x_2_4,x_3_4
5	-20	x_2_0,x_2_1,x_2_2,x_3_0,x_3_1
5	-10	x_2_0,x_2_1,x_2_2,x_3_0,x_3_2
5	-10	x_2_0,x_2_1,x_2_2,x_3_0,x_3_3
5	-20	x_2_0,x_2_1,x_2_2,x_3_1,x_3_2
5	-20	x_2_0,x_2_1,x_2_2,x_3_1,x_3_3
5	-10	x_2_0,x_2_1,x_2_2,x_3_1,x_3_4
5	20	x_2_0,x_2_1,x_2_2,x_3_2,x_3_4
5	10	x_2_0,x_2_1,x_2_2,x_3_3,x_3_4
5	-10	x_2_0,x_2_1,x_2_3,x_2_4,x_3_0
5	-10	x_2_0,x_2_1,x_2_3,x_2_4,x_3_1
5	10	x_2_0,x_2_1,x_2_3,x_2_4,x_3_2
5	10	x_2_0,x_2_1,x_2_3,x_2_4,x_3_3
5	10	x_2_0,x_2_1,x_2_3,x_2_4,x_3_4
5	-20	x_2_0,x_2_1,x_2_3,x_3_0,x_3_1
5	-10	x_2_0,x_2_1,x_2_3,x_3_0,x_3_3
5	-10	x_2_0,x_2_1,x_2_3,x_3_1,x_3_2
5	-20	x_2_0,x_2_1,x_2_3,x_3_1,x_3_3
5	-10	x_2_0,x_2_1,x_2_3,x_3_1,x_3_4
5	20	x_2_0,x_2_1,x_2_3,x_3_2,x_3_3
5	20	x_2_0,x_2_1,x_2_3,x_3_2,x_3_4
5	20	x_2_0,x_2_1,x_2_3,x_3_3,x_3_4
5	-20	x_2_0,x_2_1,x_2_4,x_3_0,x_3_1
5	-10	x_2_0,x_2_1,x_2_4,x_3_0,x_3_4
5	-10	x_2_0,x_2_1,x_2_4,x_3_1,x_3_2
5	-10	x_2_0,x_2_1,x_2_4,x_3_1,x_3_3
5	-20	x_2_0,x_2_1,x_2_4,x_3_1,x_3_4
5	10	x_2_0,x_2_1,x_2_4,x_3_2,x_3_3
5	20	x_2_0,x_2_1,x_2_4,x_3_2,x_3_4
5	20	x_2_0,x_2_1,x_2_4,x_3_3,x_3_4
5	-20	x_2_0,x_2_1,x_3_0,x_3_1,x_3_2
5	-20	x_2_0,x_2_1,x_3_0,x_3_1,x_3_3
5	-20	x_2_0,x_2_1,x_3_0,x_3_1,x_3_4
5	10	x_2_0,x_2_1,x_3_0,x_3_2,x_3_4
5	10	x_2_0,x_2_1,x_3_0,x_3_3,x_3_4
5	-10	x_2_0,x_2_1,x_3_1,x_3_2,x_3_3
5	-10	x_2_0,x_2_1,x_3_1,x_3_2,x_3_4
5	-10	x_2_0,x_2_1,x_3_1,x_3_3,x_3_4
5	20	x_2_0,x_2_1,x_3_2,x_3_3,x_3_4
5	-10	x_2_0,x_2_2,x_2_3,x_2_4,x_3_1
5	-20	x_2_0,x_2_2,x_2_3,x_3_1,x_3_2
5	-20	x_2_0,x_2_2,x_2_3,x_3_1,x_3_3
5	-10	x_2_0,x_2_2,x_2_3,x_3_1,x_3_4
5	10	x_2_0,x_2_2,x_2_4,x_3_0,x_3_1
5	-20	x_2_0,x_2_2,x_2_4,x_3_1,x_3_2
5	-10	x_2_0,x_2_2,x_2_4,x_3_1,x_3_3
5	-20	x_2_0,x_2_2,x_2_4,x_3_1,x_3_4
5	-10	x_2_0,x_2_2,x_3_0,x_3_1,x_3_2
5	-20	x_2_0,x_2_2,x_3_1,x_3_2,x_3_3
5	-20	x_2_0,x_2_2,x_3_1,x_3_2,x_3_4
5	-10	x_2_0,x_2_2,x_3_1,x_3_3,x_3_4
5	10	x_2_0,x_2_3,x_2_4,x_3_0,x_3_1
5	-10	x_2_0,x_2_3,x_2_4,x_3_1,x_3_2
5	-20	x_2_0,x_2_3,x_2_4,x_3_1,x_3_3
5	-20	x_2_0,x_2_3,x_2_4,x_3_1,x_3_4
5	-10	x_2_0,x_2_3,x_3_0,x_3_1,x_3_2
5	-10	x_2_0,x_2_3,x_3_0,x_3_1,x_3_3
5	-20	x_2_0,x_2_3,x_3_1,x_3_2,x_3_3
5	-10	x_2_0,x_2_3,x_3_1,x_3_2,x_3_4
5	-20	x_2_0,x_2_3,x_3_1,x_3_3,x_3_4
5	-10	x_2_0,x_2_4,x_3_0,x_3_1,x_3_4
5	-10	x_2_0,x_2_4,x_3_1,x_3_2,x_3_3
5	-20	x_2_0,x_2_4,x_3_1,x_3_2,x_3_4
5	-20	x_2_0,x_2_4,x_3_1,x_3_3,x_3_4
5	-10	x_2_0,x_3_0,x_3_1,x_3_2,x_3_3
5	-10	x_2_0,x_3_0,x_3_1,x_3_2,x_3_4
5	-10	x_2_0,x_3_0,x_3_1,x_3_3,x_3_4
5	-10	x_2_0,x_3_1,x_3_2,x_3_3,x_3_4
5	-14	x_2_1,x_2_2,x_2_3,x_2_4,x_3_1
5	6	x_2_1,x_2_2,x_2_3,x_2_4,x_3_2
5	-4	x_2_1,x_2_2,x_2_3,x_2_4,x_3_3
5	16	x_2_1,x_2_2,x_2_3,x_2_4,x_3_4
5	-4	x_2_1,x_2_2,x_2_3,x_2_4,x_4_1
5	-4	x_2_1,x_2_2,x_2_3,x_2_4,x_4_2
5	-4	x_2_1,x_2_2,x_2_3,x_2_4,x_4_3
5	-4	x_2_1,x_2_2,x_2_3,x_2_4,x_4_4
5	-4	x_2_1,x_2_2,x_2_3,x_2_4,x_5_1
5	-4	x_2_1,x_2_2,x_2_3,x_2_4,x_5_2
5	-4	x_2_1,x_2_2,x_2_3,x_2_4,x_5_3
5	-4	x_2_1,x_2_2,x_2_3,x_2_4,x_5_4
5	-10	x_2_1,x_2_2,x_2_3,x_3_0,x_3_1
5	10	x_2_1,x_2_2,x_2_3,x_3_0,x_3_2
5	20	x_2_1,x_2_2,x_2_3,x_3_0,x_3_4
5	-28	x_2_1,x_2_2,x_2_3,x_3_1,x_3_2
5	-38	x_2_1,x_2_2,x_2_3,x_3_1,x_3_3
5	-4	x_2_1,x_2_2,x_2_3,x_3_1,x_3_4
5	2	x_2_1,x_2_2,x_2_3,x_3_2,x_3_3
5	26	x_2_1,x_2_2,x_2_3,x_3_2,x_3_4
5	16	x_2_1,x_2_2,x_2_3,x_3_3,x_3_4
5	-8	x_2_1,x_2_2,x_2_3,x_4_1,x_4_2
5	-8	x_2_1,x_2_2,x_2_3,x_4_1,x_4_3
5	-4	x_2_1,x_2_2,x_2_3,x_4_1,x_4_4
5	-8	x_2_1,x_2_2,x_2_3,x_4_2,x_4_3
5	-4	x_2_1,x_2_2,x_2_3,x_4_2,x_4_4
5	-4	x_2_1,x_2_2,x_2_3,x_4_3,x_4_4
5	-8	x_2_1,x_2_2,x_2_3,x_5_1,x_5_2
5	-8	x_2_1,x_2_2,x_2_3,x_5_1,x_5_3
5	-4	x_2_1,x_2_2,x_2_3,x_5_1,x_5_4
5	-8	x_2_1,x_2_2,x_2_3,x_5_2,x_5_3
5	-4	x_2_1,x_2_2,x_2_3,x_5_2,x_5_4
5	-4	x_2_1,x_2_2,x_2_3,x_5_3,x_5_4
5	-10	x_2_1,x_2_2,x_2_4,x_3_0,x_3_1
5	10	x_2_1,x_2_2,x_2_4,x_3_0,x_3_2
5	10	x_2_1,x_2_2,x_2_4,x_3_0,x_3_4
5	-28	x_2_1,x_2_2,x_2_4,x_3_1,x_3_2
5	-24	x_2_1,x_2_2,x_2_4,x_3_1,x_3_3
5	-28	x_2_1,x_2_2,x_2_4,x_3_1,x_3_4
5	-4	x_2_1,x_2_2,x_2_4,x_3_2,x_3_3
5	14	x_2_1,x_2_2,x_2_4,x_3_2,x_3_4
5	6	x_2_1,x_2_2,x_2_4,x_3_3,x_3_4
5	-8	x_2_1,x_2_2,x_2_4,x_4_1,x_4_2
5	-4	x_2_1,x_2_2,x_2_4,x_4_1,x_4_3
5	-8	x_2_1,x_2_2,x_2_4,x_4_1,x_4_4
5	-4	x_2_1,x_2_2,x_2_4,x_4_2,x_4_3
5	-6	x_2_1,x_2_2,x_2_4,x_4_2,x_4_4
5	-4	x_2_1,x_2_2,x_2_4,x_4_3,x_4_4
5	-8	x_2_1,x_2_2,x_2_4,x_5_1,x_5_2
5	-4	x_2_1,x_2_2,x_2_4,x_5_1,x_5_3
5	-8	x_2_1,x_2_2,x_2_4,x_5_1,x_5_4
5	-4	x_2_1,x_2_2,x_2_4,x_5_2,x_5_3
5	-6	x_2_1,x_2_2,x_2_4,x_5_2,x_5_4
5	-4	x_2_1,x_2_2,x_2_4,x_5_3,x_5_4
5	-20	x_2_1,x_2_2,x_3_0,x_3_1,x_3_2
5	-20	x_2_1,x_2_2,x_3_0,x_3_1,x_3_3
5	-10	x_2_1,x_2_2,x_3_0,x_3_1,x_3_4
5	20	x_2_1,x_2_2,x_3_0,x_3_2,x_3_4
5	10	x_2_1,x_2_2,x_3_0,x_3_3,x_3_4
5	-38	x_2_1,x_2_2,x_3_1,x_3_2,x_3_3
5	-28	x_2_1,x_2_2,x_3_1,x_3_2,x_3_4
5	-24	x_2_1,x_2_2,x_3_1,x_3_3,x_3_4
5	6	x_2_1,x_2_2,x_3_2,x_3_3,x_3_4
5	-8	x_2_1,x_2_2,x_4_1,x_4_2,x_4_3
5	-8	x_2_1,x_2_2,x_4_1,x_4_2,x_4_4
5	-4	x_2_1,x_2_2,x_4_1,x_4_3,x_4_4
5	-4	x_2_1,x_2_2,x_4_2,x_4_3,x_4_4
5	-8	x_2_1,x_2_2,x_5_1,x_5_2,x_5_3
5	-8	x_2_1,x_2_2,x_5_1,x_5_2,x_5_4
5	-4	x_2_1,x_2_2,x_5_1,x_5_3,x_5_4
5	-4	x_2_1,x_2_2,x_5_2,x_5_3,x_5_4
5	-10	x_2_1,x_2_3,x_2_4,x_3_0,x_3_1
5	10	x_2_1,x_2_3,x_2_4,x_3_0,x_3_2
5	10	x_2_1,x_2_3,x_2_4,x_3_0,x_3_3
5	10	x_2_1,x_2_3,x_2_4,x_3_0,x_3_4
5	-14	x_2_1,x_2_3,x_2_4,x_3_1,x_3_2
5	-28	x_2_1,x_2_3,x_2_4,x_3_1,x_3_3
5	-28	x_2_1,x_2_3,x_2_4,x_3_1,x_3_4
5	16	x_2_1,x_2_3,x_2_4,x_3_2,x_3_3
5	16	x_2_1,x_2_3,x_2_4,x_3_2,x_3_4
5	14	x_2_1,x_2_3,x_2_4,x_3_3,x_3_4
5	-4	x_2_1,x_2_3,x_2_4,x_4_1,x_4_2
5	-8	x_2_1,x_2_3,x_2_4,x_4_1,x_4_3
5	-8	x_2_1,x_2_3,x_2_4,x_4_1,x_4_4
5	-4	x_2_1,x_2_3,x_2_4,x_4_2,x_4_3
5	-4	x_2_1,x_2_3,x_2_4,x_4_2,x_4_4
5	-6	x_2_1,x_2_3,x_2_4,x_4_3,x_4_4
5	-4	x_2_1,x_2_3,x_2_4,x_5_1,x_5_2
5	-8	x_2_1,x_2_3,x_2_4,x_5_1,x_5_3
5	-8	x_2_1,x_2_3,x_2_4,x_5_1,x_5_4
5	-4	x_2_1,x_2_3,x_2_4,x_5_2,x_5_3
5	-4	x_2_1,x_2_3,x_2_4,x_5_2,x_5_4
5	-6	x_2_1,x_2_3,x_2_4,x_5_3,x_5_4
5	-10	x_2_1,x_2_3,x_3_0,x_3_1,x_3_2
5	-20	x_2_1,x_2_3,x_3_0,x_3_1,x_3_3
5	-10	x_2_1,x_2_3,x_3_0,x_3_1,x_3_4
5	20	x_2_1,x_2_3,x_3_0,x_3_2,x_3_3
5	20	x_2_1,x_2_3,x_3_0,x_3_2,x_3_4
5	20	x_2_1,x_2_3,x_3_0,x_3_3,x_3_4
5	-18	x_2_1,x_2_3,x_3_1,x_3_2,x_3_3
5	-14	x_2_1,x_2_3,x_3_1,x_3_2,x_3_4
5	-28	x_2_1,x_2_3,x_3_1,x_3_3,x_3_4
5	26	x_2_1,x_2_3,x_3_2,x_3_3,x_3_4
5	-8	x_2_1,x_2_3,x_4_1,x_4_2,x_4_3
5	-4	x_2_1,x_2_3,x_4_1,x_4_2,x_4_4
5	-8	x_2_1,x_2_3,x_4_1,x_4_3,x_4_4
5	-4	x_2_1,x_2_3,x_4_2,x_4_3,x_4_4
5	-8	x_2_1,x_2_3,x_5_1,x_5_2,x_5_3
5	-4	x_2_1,x_2_3,x_5_1,x_5_2,x_5_4
5	-8	x_2_1,x_2_3,x_5_1,x_5_3,x_5_4
5	-4	x_2_1,x_2_3,x_5_2,x_5_3,x_5_4
5	-10	x_2_1,x_2_4,x_3_0,x_3_1,x_3_2
5	-10	x_2_1,x_2_4,x_3_0,x_3_1,x_3_3
5	-20	x_2_1,x_2_4,x_3_0,x_3_1,x_3_4
5	10	x_2_1,x_2_4,x_3_0,x_3_2,x_3_3
5	20	x_2_1,x_2_4,x_3_0,x_3_2,x_3_4
5	20	x_2_1,x_2_4,x_3_0,x_3_3,x_3_4
5	-14	x_2_1,x_2_4,x_3_1,x_3_2,x_3_3
5	-28	x_2_1,x_2_4,x_3_1,x_3_2,x_3_4
5	-28	x_2_1,x_2_4,x_3_1,x_3_3,x_3_4
5	16	x_2_1,x_2_4,x_3_2,x_3_3,x_3_4
5	-4	x_2_1,x_2_4,x_4_1,x_4_2,x_4_3
5	-8	x_2_1,x_2_4,x_4_1,x_4_2,x_4_4
5	-8	x_2_1,x_2_4,x_4_1,x_4_3,x_4_4
5	-4	x_2_1,x_2_4,x_4_2,x_4_3,x_4_4
5	-4	x_2_1,x_2_4,x_5_1,x_5_2,x_5_3
5	-8	x_2_1,x_2_4,x_5_1,x_5_2,x_5_4
5	-8	x_2_1,x_2_4,x_5_1,x_5_3,x_5_4
5	-4	x_2_1,x_2_4,x_5_2,x_5_3,x_5_4
5	-10	x_2_1,x_3_0,x_3_1,x_3_2,x_3_3
5	-10	x_2_1,x_3_0,x_3_1,x_3_2,x_3_4
5	-10	x_2_1,x_3_0,x_3_1,x_3_3,x_3_4
5	20	x_2_1,x_3_0,x_3_2,x_3_3,x_3_4
5	-14	x_2_1,x_3_1,x_3_2,x_3_3,x_3_4
5	-4	x_2_1,x_4_1,x_4_2,x_4_3,x_4_4
5	-4	x_2_1,x_5_1,x_5_2,x_5_3,x_5_4
5	-10	x_2_2,x_2_3,x_2_4,x_3_0,x_3_1
5	-24	x_2_2,x_2_3,x_2_4,x_3_1,x_3_2
5	-24	x_2_2,x_2_3,x_2_4,x_3_1,x_3_3
5	-24	x_2_2,x_2_3,x_2_4,x_3_1,x_3_4
5	-8	x_2_2,x_2_3,x_2_4,x_3_2,x_3_3
5	-6	x_2_2,x_2_3,x_2_4,x_3_2,x_3_4
5	-6	x_2_2,x_2_3,x_2_4,x_3_3,x_3_4
5	-4	x_2_2,x_2_3,x_2_4,x_4_1,x_4_2
5	-4	x_2_2,x_2_3,x_2_4,x_4_1,x_4_3
5	-4	x_2_2,x_2_3,x_2_4,x_4_1,x_4_4
5	-8	x_2_2,x_2_3,x_2_4,x_4_2,x_4_3
5	-6	x_2_2,x_2_3,x_2_4,x_4_2,x_4_4
5	-6	x_2_2,x_2_3,x_2_4,x_4_3,x_4_4
5	-4	x_2_2,x_2_3,x_2_4,x_5_1,x_5_2
5	-4	x_2_2,x_2_3,x_2_4,x_5_1,x_5_3
5	-4	x_2_2,x_2_3,x_2_4,x_5_1,x_5_4
5	-8	x_2_2,x_2_3,x_2_4,x_5_2,x_5_3
5	-6	x_2_2,x_2_3,x_2_4,x_5_2,x_5_4
5	-6	x_2_2,x_2_3,x_2_4,x_5_3,x_5_4
5	-20	x_2_2,x_2_3,x_3_0,x_3_1,x_3_2
5	-20	x_2_2,x_2_3,x_3_0,x_3_1,x_3_3
5	-10	x_2_2,x_2_3,x_3_0,x_3_1,x_3_4
5	-48	x_2_2,x_2_3,x_3_1,x_3_2,x_3_3
5	-24	x_2_2,x_2_3,x_3_1,x_3_2,x_3_4
5	-24	x_2_2,x_2_3,x_3_1,x_3_3,x_3_4
5	-8	x_2_2,x_2_3,x_3_2,x_3_3,x_3_4
5	-8	x_2_2,x_2_3,x_4_1,x_4_2,x_4_3
5	-4	x_2_2,x_2_3,x_4_1,x_4_2,x_4_4
5	-4	x_2_2,x_2_3,x_4_1,x_4_3,x_4_4
5	-8	x_2_2,x_2_3,x_4_2,x_4_3,x_4_4
5	-8	x_2_2,x_2_3,x_5_1,x_5_2,x_5_3
5	-4	x_2_2,x_2_3,x_5_1,x_5_2,x_5_4
5	-4	x_2_2,x_2_3,x_5_1,x_5_3,x_5_4
5	-8	x_2_2,x_2_3,x_5_2,x_5_3,x_5_4
5	-20	x_2_2,x_2_4,x_3_0,x_3_1,x_3_2
5	-10	x_2_2,x_2_4,x_3_0,x_3_1,x_3_3
5	-20	x_2_2,x_2_4,x_3_0,x_3_1,x_3_4
5	-24	x_2_2,x_2_4,x_3_1,x_3_2,x_3_3
5	-36	x_2_2,x_2_4,x_3_1,x_3_2,x_3_4
5	-24	x_2_2,x_2_4,x_3_1,x_3_3,x_3_4
5	-6	x_2_2,x_2_4,x_3_2,x_3_3,x_3_4
5	-4	x_2_2,x_2_4,x_4_1,x_4_2,x_4_3
5	-6	x_2_2,x_2_4,x_4_1,x_4_2,x_4_4
5	-4	x_2_2,x_2_4,x_4_1,x_4_3,x_4_4
5	-6	x_2_2,x_2_4,x_4_2,x_4_3,x_4_4
5	-4	x_2_2,x_2_4,x_5_1,x_5_2,x_5_3
5	-6	x_2_2,x_2_4,x_5_1,x_5_2,x_5_4
5	-4	x_2_2,x_2_4,x_5_1,x_5_3,x_5_4
5	-6	x_2_2,x_2_4,x_5_2,x_5_3,x_5_4
5	-20	x_2_2,x_3_0,x_3_1,x_3_2,x_3_3
5	-20	x_2_2,x_3_0,x_3_1,x_3_2,x_3_4
5	-10	x_2_2,x_3_0,x_3_1,x_3_3,x_3_4
5	-24	x_2_2,x_3_1,x_3_2,x_3_3,x_3_4
5	-4	x_2_2,x_4_1,x_4_2,x_4_3,x_4_4
5	-4	x_2_2,x_5_1,x_5_2,x_5_3,x_5_4
5	-10	x_2_3,x_2_4,x_3_0,x_3_1,x_3_2
5	-20	x_2_3,x_2_4,x_3_0,x_3_1,x_3_3
5	-20	x_2_3,x_2_4,x_3_0,x_3_1,x_3_4
5	-24	x_2_3,x_2_4,x_3_1,x_3_2,x_3_3
5	-24	x_2_3,x_2_4,x_3_1,x_3_2,x_3_4
5	-36	x_2_3,x_2_4,x_3_1,x_3_3,x_3_4
5	-6	x_2_3,x_2_4,x_3_2,x_3_3,x_3_4
5	-4	x_2_3,x_2_4,x_4_1,x_4_2,x_4_3
5	-4	x_2_3,x_2_4,x_4_1,x_4_2,x_4_4
5	-6	x_2_3,x_2_4,x_4_1,x_4_3,x_4_4
5	-6	x_2_3,x_2_4,x_4_2,x_4_3,x_4_4
5	-4	x_2_3,x_2_4,x_5_1,x_5_2,x_5_3
5	-4	x_2_3,x_2_4,x_5_1,x_5_2,x_5_4
5	-6	x_2_3,x_2_4,x_5_1,x_5_3,x_5_4
5	-6	x_2_3,x_2_4,x_5_2,x_5_3,x_5_4
5	-20	x_2_3,x_3_0,x_3_1,x_3_2,x_3_3
5	-10	x_2_3,x_3_0,x_3_1,x_3_2,x_3_4
5	-20	x_2_3,x_3_0,x_3_1,x_3_3,x_3_4
5	-24	x_2_3,x_3_1,x_3_2,x_3_3,x_3_4
5	-4	x_2_3,x_4_1,x_4_2,x_4_3,x_4_4
5	-4	x_2_3,x_5_1,x_5_2,x_5_3,x_5_4
5	-10	x_2_4,x_3_0,x_3_1,x_3_2,x_3_3
5	-20	x_2_4,x_3_0,x_3_1,x_3_2,x_3_4
5	-20	x_2_4,x_3_0,x_3_1,x_3_3,x_3_4
5	-24	x_2_4,x_3_1,x_3_2,x_3_3,x_3_4
5	-4	x_2_4,x_4_1,x_4_2,x_4_3,x_4_4
5	-4	x_2_4,x_5_1,x_5_2,x_5_3,x_5_4
5	-10	x_3_0,x_3_1,x_3_2,x_3_3,x_3_4
5	-10	x_3_0,x_3_1,x_3_2,x_3_3,x_4_0
5	-10	x_3_0,x_3_1,x_3_2,x_3_3,x_4_1
5	10	x_3_0,x_3_1,x_3_2,x_3_3,x_4_2
5	20	x_3_0,x_3_1,x_3_2,x_3_3,x_4_4
5	-10	x_3_0,x_3_1,x_3_2,x_3_4,x_4_0
5	-10	x_3_0,x_3_1,x_3_2,x_3_4,x_4_1
5	10	x_3_0,x_3_1,x_3_2,x_3_4,x_4_2
5	10	x_3_0,x_3_1,x_3_2,x_3_4,x_4_4
5	-20	x_3_0,x_3_1,x_3_2,x_4_0,x_4_1
5	-10	x_3_0,x_3_1,x_3_2,x_4_0,x_4_2
5	-10	x_3_0,x_3_1,x_3_2,x_4_0,x_4_3
5	-20	x_3_0,x_3_1,x_3_2,x_4_1,x_4_2
5	-20	x_3_0,x_3_1,x_3_2,x_4_1,x_4_3
5	-10	x_3_0,x_3_1,x_3_2,x_4_1,x_4_4
5	20	x_3_0,x_3_1,x_3_2,x_4_2,x_4_4
5	10	x_3_0,x_3_1,x_3_2,x_4_3,x_4_4
5	-10	x_3_0,x_3_1,x_3_3,x_3_4,x_4_0
5	-10	x_3_0,x_3_1,x_3_3,x_3_4,x_4_1
5	10	x_3_0,x_3_1,x_3_3,x_3_4,x_4_2
5	10	x_3_0,x_3_1,x_3_3,x_3_4,x_4_3
5	10	x_3_0,x_3_1,x_3_3,x_3_4,x_4_4
5	-20	x_3_0,x_3_1,x_3_3,x_4_0,x_4_1
5	-10	x_3_0,x_3_1,x_3_3,x_4_0,x_4_3
5	-10	x_3_0,x_3_1,x_3_3,x_4_1,x_4_2
5	-20	x_3_0,x_3_1,x_3_3,x_4_1,x_4_3
5	-10	x_3_0,x_3_1,x_3_3,x_4_1,x_4_4
5	20	x_3_0,x_3_1,x_3_3,x_4_2,x_4_3
5	20	x_3_0,x_3_1,x_3_3,x_4_2,x_4_4
5	20	x_3_0,x_3_1,x_3_3,x_4_3,x_4_4
5	-20	x_3_0,x_3_1,x_3_4,x_4_0,x_4_1
5	-10	x_3_0,x_3_1,x_3_4,x_4_0,x_4_4
5	-10	x_3_0,x_3_1,x_3_4,x_4_1,x_4_2
5	-10	x_3_0,x_3_1,x_3_4,x_4_1,x_4_3
5	-20	x_3_0,x_3_1,x_3_4,x_4_1,x_4_4
5	10	x_3_0,x_3_1,x_3_4,x_4_2,x_4_3
5	20	x_3_0,x_3_1,x_3_4,x_4_2,x_4_4
5	20	x_3_0,x_3_1,x_3_4,x_4_3,x_4_4
5	-20	x_3_0,x_3_1,x_4_0,x_4_1,x_4_2
5	-20	x_3_0,x_3_1,x_4_0,x_4_1,x_4_3
5	-20	x_3_0,x_3_1,x_4_0,x_4_1,x_4_4
5	10	x_3_0,x_3_1,x_4_0,x_4_2,x_4_4
5	10	x_3_0,x_3_1,x_4_0,x_4_3,x_4_4
5	-10	x_3_0,x_3_1,x_4_1,x_4_2,x_4_3
5	-10	x_3_0,x_3_1,x_4_1,x_4_2,x_4_4
5	-10	x_3_0,x_3_1,x_4_1,x_4_3,x_4_4
5	20	x_3_0,x_3_1,x_4_2,x_4_3,x_4_4
5	-10	x_3_0,x_3_2,x_3_3,x_3_4,x_4_1
5	-20	x_3_0,x_3_2,x_3_3,x_4_1,x_4_2
5	-20	x_3_0,x_3_2,x_3_3,x_4_1,x_4_3
5	-10	x_3_0,x_3_2,x_3_3,x_4_1,x_4_4
5	10	x_3_0,x_3_2,x_3_4,x_4_0,x_4_1
5	-20	x_3_0,x_3_2,x_3_4,x_4_1,x_4_2
5	-10	x_3_0,x_3_2,x_3_4,x_4_1,x_4_3
5	-20	x_3_0,x_3_2,x_3_4,x_4_1,x_4_4
5	-10	x_3_0,x_3_2,x_4_0,x_4_1,x_4_2
5	-20	x_3_0,x_3_2,x_4_1,x_4_2,x_4_3
5	-20	x_3_0,x_3_2,x_4_1,x_4_2,x_4_4
5	-10	x_3_0,x_3_2,x_4_1,x_4_3,x_4_4
5	10	x_3_0,x_3_3,x_3_4,x_4_0,x_4_1
5	-10	x_3_0,x_3_3,x_3_4,x_4_1,x_4_2
5	-20	x_3_0,x_3_3,x_3_4,x_4_1,x_4_3
5	-20	x_3_0,x_3_3,x_3_4,x_4_1,x_4_4
5	-10	x_3_0,x_3_3,x_4_0,x_4_1,x_4_2
5	-10	x_3_0,x_3_3,x_4_0,x_4_1,x_4_3
5	-20	x_3_0,x_3_3,x_4_1,x_4_2,x_4_3
5	-10	x_3_0,x_3_3,x_4_1,x_4_2,x_4_4
5	-20	x_3_0,x_3_3,x_4_1,x_4_3,x_4_4
5	-10	x_3_0,x_3_4,x_4_0,x_4_1,x_4_4
5	-10	x_3_0,x_3_4,x_4_1,x_4_2,x_4_3
5	-20	x_3_0,x_3_4,x_4_1,x_4_2,x_4_4
5	-20	x_3_0,x_3_4,x_4_1,x_4_3,x_4_4
5	-10	x_3_0,x_4_0,x_4_1,x_4_2,x_4_3
5	-10	x_3_0,x_4_0,x_4_1,x_4_2,x_4_4
5	-10	x_3_0,x_4_0,x_4_1,x_4_3,x_4_4
5	-10	x_3_0,x_4_1,x_4_2,x_4_3,x_4_4
5	-14	x_3_1,x_3_2,x_3_3,x_3_4,x_4_1
5	6	x_3_1,x_3_2,x_3_3,x_3_4,x_4_2
5	-4	x_3_1,x_3_2,x_3_3,x_3_4,x_4_3
5	16	x_3_1,x_3_2,x_3_3,x_3_4,x_4_4
5	-4	x_3_1,x_3_2,x_3_3,x_3_4,x_5_1
5	-4	x_3_1,x_3_2,x_3_3,x_3_4,x_5_2
5	-4	x_3_1,x_3_2,x_3_3,x_3_4,x_5_3
5	-4	x_3_1,x_3_2,x_3_3,x_3_4,x_5_4
5	-10	x_3_1,x_3_2,x_3_3,x_4_0,x_4_1
5	10	x_3_1,x_3_2,x_3_3,x_4_0,x_4_2
5	20	x_3_1,x_3_2,x_3_3,x_4_0,x_4_4
5	-28	x_3_1,x_3_2,x_3_3,x_4_1,x_4_2
5	-38	x_3_1,x_3_2,x_3_3,x_4_1,x_4_3
5	-4	x_3_1,x_3_2,x_3_3,x_4_1,x_4_4
5	2	x_3_1,x_3_2,x_3_3,x_4_2,x_4_3
5	26	x_3_1,x_3_2,x_3_3,x_4_2,x_4_4
5	16	x_3_1,x_3_2,x_3_3,x_4_3,x_4_4
5	-8	x_3_1,x_3_2,x_3_3,x_5_1,x_5_2
5	-8	x_3_1,x_3_2,x_3_3,x_5_1,x_5_3
5	-4	x_3_1,x_3_2,x_3_3,x_5_1,x_5_4
5	-8	x_3_1,x_3_2,x_3_3,x_5_2,x_5_3
5	-4	x_3_1,x_3_2,x_3_3,x_5_2,x_5_4
5	-4	x_3_1,x_3_2,x_3_3,x_5_3,x_5_4
5	-10	x_3_1,x_3_2,x_3_4,x_4_0,x_4_1
5	10	x_3_1,x_3_2,x_3_4,x_4_0,x_4_2
5	10	x_3_1,x_3_2,x_3_4,x_4_0,x_4_4
5	-28	x_3_1,x_3_2,x_3_4,x_4_1,x_4_2
5	-24	x_3_1,x_3_2,x_3_4,x_4_1,x_4_3
5	-28	x_3_1,x_3_2,x_3_4,x_4_1,x_4_4
5	-4	x_3_1,x_3_2,x_3_4,x_4_2,x_4_3
5	14	x_3_1,x_3_2,x_3_4,x_4_2,x_4_4
5	6	x_3_1,x_3_2,x_3_4,x_4_3,x_4_4
5	-8	x_3_1,x_3_2,x_3_4,x_5_1,x_5_2
5	-4	x_3_1,x_3_2,x_3_4,x_5_1,x_5_3
5	-8	x_3_1,x_3_2,x_3_4,x_5_1,x_5_4
5	-4	x_3_1,x_3_2,x_3_4,x_5_2,x_5_3
5	-6	x_3_1,x_3_2,x_3_4,x_5_2,x_5_4
5	-4	x_3_1,x_3_2,x_3_4,x_5_3,x_5_4
5	-20	x_3_1,x_3_2,x_4_0,x_4_1,x_4_2
5	-20	x_3_1,x_3_2,x_4_0,x_4_1,x_4_3
5	-10	x_3_1,x_3_2,x_4_0,x_4_1,x_4_4
5	20	x_3_1,x_3_2,x_4_0,x_4_2,x_4_4
5	10	x_3_1,x_3_2,x_4_0,x_4_3,x_4_4
5	-38	x_3_1,x_3_2,x_4_1,x_4_2,x_4_3
5	-28	x_3_1,x_3_2,x_4_1,x_4_2,x_4_4
5	-24	x_3_1,x_3_2,x_4_1,x_4_3,x_4_4
5	6	x_3_1,x_3_2,x_4_2,x_4_3,x_4_4
5	-8	x_3_1,x_3_2,x_5_1,x_5_2,x_5_3
5	-8	x_3_1,x_3_2,x_5_1,x_5_2,x_5_4
5	-4	x_3_1,x_3_2,x_5_1,x_5_3,x_5_4
5	-4	x_3_1,x_3_2,x_5_2,x_5_3,x_5_4
5	-10	x_3_1,x_3_3,x_3_4,x_4_0,x_4_1
5	10	x_3_1,x_3_3,x_3_4,x_4_0,x_4_2
5	10	x_3_1,x_3_3,x_3_4,x_4_0,x_4_3
5	10	x_3_1,x_3_3,x_3_4,x_4_0,x_4_4
5	-14	x_3_1,x_3_3,x_3_4,x_4_1,x_4_2
5	-28	x_3_1,x_3_3,x_3_4,x_4_1,x_4_3
5	-28	x_3_1,x_3_3,x_3_4,x_4_1,x_4_4
5	16	x_3_1,x_3_3,x_3_4,x_4_2,x_4_3
5	16	x_3_1,x_3_3,x_3_4,x_4_2,x_4_4
5	14	x_3_1,x_3_3,x_3_4,x_4_3,x_4_4
5	-4	x_3_1,x_3_3,x_3_4,x_5_1,x_5_2
5	-8	x_3_1,x_3_3,x_3_4,x_5_1,x_5_3
5	-8	x_3_1,x_3_3,x_3_4,x_5_1,x_5_4
5	-4	x_3_1,x_3_3,x_3_4,x_5_2,x_5_3
5	-4	x_3_1,x_3_3,x_3_4,x_5_2,x_5_4
5	-6	x_3_1,x_3_3,x_3_4,x_5_3,x_5_4
5	-10	x_3_1,x_3_3,x_4_0,x_4_1,x_4_2
5	-20	x_3_1,x_3_3,x_4_0,x_4_1,x_4_3
5	-10	x_3_1,x_3_3,x_4_0,x_4_1,x_4_4
5	20	x_3_1,x_3_3,x_4_0,x_4_2,x_4_3
5	20	x_3_1,x_3_3,x_4_0,x_4_2,x_4_4
5	20	x_3_1,x_3_3,x_4_0,x_4_3,x_4_4
5	-18	x_3_1,x_3_3,x_4_1,x_4_2,x_4_3
5	-14	x_3_1,x_3_3,x_4_1,x_4_2,x_4_4
5	-28	x_3_1,x_3_3,x_4_1,x_4_3,x_4_4
5	26	x_3_1,x_3_3,x_4_2,x_4_3,x_4_4
5	-8	x_3_1,x_3_3,x_5_1,x_5_2,x_5_3
5	-4	x_3_1,x_3_3,x_5_1,x_5_2,x_5_4
5	-8	x_3_1,x_3_3,x_5_1,x_5_3,x_5_4
5	-4	x_3_1,x_3_3,x_5_2,x_5_3,x_5_4
5	-10	x_3_1,x_3_4,x_4_0,x_4_1,x_4_2
5	-10	x_3_1,x_3_4,x_4_0,x_4_1,x_4_3
5	-20	x_3_1,x_3_4,x_4_0,x_4_1,x_4_4
5	10	x_3_1,x_3_4,x_4_0,x_4_2,x_4_3
5	20	x_3_1,x_3_4,x_4_0,x_4_2,x_4_4
5	20	x_3_1,x_3_4,x_4_0,x_4_3,x_4_4
5	-14	x_3_1,x_3_4,x_4_1,x_4_2,x_4_3
5	-28	x_3_1,x_3_4,x_4_1,x_4_2,x_4_4
5	-28	x_3_1,x_3_4,x_4_1,x_4_3,x_4_4
5	16	x_3_1,x_3_4,x_4_2,x_4_3,x_4_4
5	-4	x_3_1,x_3_4,x_5_1,x_5_2,x_5_3
5	-8	x_3_1,x_3_4,x_5_1,x_5_2,x_5_4
5	-8	x_3_1,x_3_4,x_5_1,x_5_3,x_5_4
5	-4	x_3_1,x_3_4,x_5_2,x_5_3,x_5_4
5	-10	x_3_1,x_4_0,x_4_1,x_4_2,x_4_3
5	-10	x_3_1,x_4_0,x_4_1,x_4_2,x_4_4
5	-10	x_3_1,x_4_0,x_4_1,x_4_3,x_4_4
5	20	x_3_1,x_4_0,x_4_2,x_4_3,x_4_4
5	-14	x_3_1,x_4_1,x_4_2,x_4_3,x_4_4
5	-4	x_3_1,x_5_1,x_5_2,x_5_3,x_5_4
5	-10	x_3_2,x_3_3,x_3_4,x_4_0,x_4_1
5	-24	x_3_2,x_3_3,x_3_4,x_4_1,x_4_2
5	-24	x_3_2,x_3_3,x_3_4,x_4_1,x_4_3
5	-24	x_3_2,x_3_3,x_3_4,x_4_1,x_4_4
5	-8	x_3_2,x_3_3,x_3_4,x_4_2,x_4_3
5	-6	x_3_2,x_3_3,x_3_4,x_4_2,x_4_4
5	-6	x_3_2,x_3_3,x_3_4,x_4_3,x_4_4
5	-4	x_3_2,x_3_3,x_3_4,x_5_1,x_5_2
5	-4	x_3_2,x_3_3,x_3_4,x_5_1,x_5_3
5	-4	x_3_2,x_3_3,x_3_4,x_5_1,x_5_4
5	-8	x_3_2,x_3_3,x_3_4,x_5_2,x_5_3
5	-6	x_3_2,x_3_3,x_3_4,x_5_2,x_5_4
5	-6	x_3_2,x_3_3,x_3_4,x_5_3,x_5_4
5	-20	x_3_2,x_3_3,x_4_0,x_4_1,x_4_2
5	-20	x_3_2,x_3_3,x_4_0,x_4_1,x_4_3
5	-10	x_3_2,x_3_3,x_4_0,x_4_1,x_4_4
5	-48	x_3_2,x_3_3,x_4_1,x_4_2,x_4_3
5	-24	x_3_2,x_3_3,x_4_1,x_4_2,x_4_4
5	-24	x_3_2,x_3_3,x_4_1,x_4_3,x_4_4
5	-8	x_3_2,x_3_3,x_4_2,x_4_3,x_4_4
5	-8	x_3_2,x_3_3,x_5_1,x_5_2,x_5_3
5	-4	x_3_2,x_3_3,x_5_1,x_5_2,x_5_4
5	-4	x_3_2,x_3_3,x_5_1,x_5_3,x_5_4
5	-8	x_3_2,x_3_3,x_5_2,x_5_3,x_5_4
5	-20	x_3_2,x_3_4,x_4_0,x_4_1,x_4_2
5	-10	x_3_2,x_3_4,x_4_0,x_4_1,x_4_3
5	-20	x_3_2,x_3_4,x_4_0,x_4_1,x_4_4
5	-24	x_3_2,x_3_4,x_4_1,x_4_2,x_4_3
5	-36	x_3_2,x_3_4,x_4_1,x_4_2,x_4_4
5	-24	x_3_2,x_3_4,x_4_1,x_4_3,x_4_4
5	-6	x_3_2,x_3_4,x_4_2,x_4_3,x_4_4
5	-4	x_3_2,x_3_4,x_5_1,x_5_2,x_5_3
5	-6	x_3_2,x_3_4,x_5_1,x_5_2,x_5_4
5	-4	x_3_2,x_3_4,x_5_1,x_5_3,x_5_4
5	-6	x_3_2,x_3_4,x_5_2,x_5_3,x_5_4
5	-20	x_3_2,x_4_0,x_4_1,x_4_2,x_4_3
5	-20	x_3_2,x_4_0,x_4_1,x_4_2,x_4_4
5	-10	x_3_2,x_4_0,x_4_1,x_4_3,x_4_4
5	-24	x_3_2,x_4_1,x_4_2,x_4_3,x_4_4
5	-4	x_3_2,x_5_1,x_5_2,x_5_3,x_5_4
5	-10	x_3_3,x_3_4,x_4_0,x_4_1,x_4_2
5	-20	x_3_3,x_3_4,x_4_0,x_4_1,x_4_3
5	-20	x_3_3,x_3_4,x_4_0,x_4_1,x_4_4
5	-24	x_3_3,x_3_4,x_4_1,x_4_2,x_4_3
5	-24	x_3_3,x_3_4,x_4_1,x_4_2,x_4_4
5	-36	x_3_3,x_3_4,x_4_1,x_4_3,x_4_4
5	-6	x_3_3,x_3_4,x_4_2,x_4_3,x_4_4
5	-4	x_3_3,x_3_4,x_5_1,x_5_2,x_5_3
5	-4	x_3_3,x_3_4,x_5_1,x_5_2,x_5_4
5	-6	x_3_3,x_3_4,x_5_1,x_5_3,x_5_4
5	-6	x_3_3,x_3_4,x_5_2,x_5_3,x_5_4
5	-20	x_3_3,x_4_0,x_4_1,x_4_2,x_4_3
5	-10	x_3_3,x_4_0,x_4_1,x_4_2,x_4_4
5	-20	x_3_3,x_4_0,x_4_1,x_4_3,x_4_4
5	-24	x_3_3,x_4_1,x_4_2,x_4_3,x_4_4
5	-4	x_3_3,x_5_1,x_5_2,x_5_3,x_5_4
5	-10	x_3_4,x_4_0,x_4_1,x_4_2,x_4_3
5	-20	x_3_4,x_4_0,x_4_1,x_4_2,x_4_4
5	-20	x_3_4,x_4_0,x_4_1,x_4_3,x_4_4
5	-24	x_3_4,x_4_1,x_4_2,x_4_3,x_4_4
5	-4	x_3_4,x_5_1,x_5_2,x_5_3,x_5_4
5	-10	x_4_0,x_4_1,x_4_2,x_4_3,x_4_4
5	-10	x_4_0,x_4_1,x_4_2,x_4_3,x_5_0
5	-10	x_4_0,x_4_1,x_4_2,x_4_3,x_5_1
5	10	x_4_0,x_4_1,x_4_2,x_4_3,x_5_2
5	20	x_4_0,x_4_1,x_4_2,x_4_3,x_5_4
5	-10	x_4_0,x_4_1,x_4_2,x_4_4,x_5_0
5	-10	x_4_0,x_4_1,x_4_2,x_4_4,x_5_1
5	10	x_4_0,x_4_1,x_4_2,x_4_4,x_5_2
5	10	x_4_0,x_4_1,x_4_2,x_4_4,x_5_4
5	-20	x_4_0,x_4_1,x_4_2,x_5_0,x_5_1
5	-10	x_4_0,x_4_1,x_4_2,x_5_0,x_5_2
5	-10	x_4_0,x_4_1,x_4_2,x_5_0,x_5_3
5	-20	x_4_0,x_4_1,x_4_2,x_5_1,x_5_2
5	-20	x_4_0,x_4_1,x_4_2,x_5_1,x_5_3
5	-10	x_4_0,x_4_1,x_4_2,x_5_1,x_5_4
5	20	x_4_0,x_4_1,x_4_2,x_5_2,x_5_4
5	10	x_4_0,x_4_1,x_4_2,x_5_3,x_5_4
5	-10	x_4_0,x_4_1,x_4_3,x_4_4,x_5_0
5	-10	x_4_0,x_4_1,x_4_3,x_4_4,x_5_1
5	10	x_4_0,x_4_1,x_4_3,x_4_4,x_5_2
5	10	x_4_0,x_4_1,x_4_3,x_4_4,x_5_3
5	10	x_4_0,x_4_1,x_4_3,x_4_4,x_5_4
5	-20	x_4_0,x_4_1,x_4_3,x_5_0,x_5_1
5	-10	x_4_0,x_4_1,x_4_3,x_5_0,x_5_3
5	-10	x_4_0,x_4_1,x_4_3,x_5_1,x_5_2
5	-20	x_4_0,x_4_1,x_4_3,x_5_1,x_5_3
5	-10	x_4_0,x_4_1,x_4_3,x_5_1,x_5_4
5	20	x_4_0,x_4_1,x_4_3,x_5_2,x_5_3
5	20	x_4_0,x_4_1,x_4_3,x_5_2,x_5_4
5	20	x_4_0,x_4_1,x_4_3,x_5_3,x_5_4
5	-20	x_4_0,x_4_1,x_4_4,x_5_0,x_5_1
5	-10	x_4_0,x_4_1,x_4_4,x_5_0,x_5_4
5	-10	x_4_0,x_4_1,x_4_4,x_5_1,x_5_2
5	-10	x_4_0,x_4_1,x_4_4,x_5_1,x_5_3
5	-20	x_4_0,x_4_1,x_4_4,x_5_1,x_5_4
5	10	x_4_0,x_4_1,x_4_4,x_5_2,x_5_3
5	20	x_4_0,x_4_1,x_4_4,x_5_2,x_5_4
5	20	x_4_0,x_4_1,x_4_4,x_5_3,x_5_4
5	-20	x_4_0,x_4_1,x_5_0,x_5_1,x_5_2
5	-20	x_4_0,x_4_1,x_5_0,x_5_1,x_5_3
5	-20	x_4_0,x_4_1,x_5_0,x_5_1,x_5_4
5	10	x_4_0,x_4_1,x_5_0,x_5_2,x_5_4
5	10	x_4_0,x_4_1,x_5_0,x_5_3,x_5_4
5	-10	x_4_0,x_4_1,x_5_1,x_5_2,x_5_3
5	-10	x_4_0,x_4_1,x_5_1,x_5_2,x_5_4
5	-10	x_4_0,x_4_1,x_5_1,x_5_3,x_5_4
5	20	x_4_0,x_4_1,x_5_2,x_5_3,x_5_4
5	-10	x_4_0,x_4_2,x_4_3,x_4_4,x_5_1
5	-20	x_4_0,x_4_2,x_4_3,x_5_1,x_5_2
5	-20	x_4_0,x_4_2,x_4_3,x_5_1,x_5_3
5	-10	x_4_0,x_4_2,x_4_3,x_5_1,x_5_4
5	10	x_4_0,x_4_2,x_4_4,x_5_0,x_5_1
5	-20	x_4_0,x_4_2,x_4_4,x_5_1,x_5_2
5	-10	x_4_0,x_4_2,x_4_4,x_5_1,x_5_3
5	-20	x_4_0,x_4_2,x_4_4,x_5_1,x_5_4
5	-10	x_4_0,x_4_2,x_5_0,x_5_1,x_5_2
5	-20	x_4_0,x_4_2,x_5_1,x_5_2,x_5_3
5	-20	x_4_0,x_4_2,x_5_1,x_5_2,x_5_4
5	-10	x_4_0,x_4_2,x_5_1,x_5_3,x_5_4
5	10	x_4_0,x_4_3,x_4_4,x_5_0,x_5_1
5	-10	x_4_0,x_4_3,x_4_4,x_5_1,x_5_2
5	-20	x_4_0,x_4_3,x_4_4,x_5_1,x_5_3
5	-20	x_4_0,x_4_3,x_4_4,x_5_1,x_5_4
5	-10	x_4_0,x_4_3,x_5_0,x_5_1,x_5_2
5	-10	x_4_0,x_4_3,x_5_0,x_5_1,x_5_3
5	-20	x_4_0,x_4_3,x_5_1,x_5_2,x_5_3
5	-10	x_4_0,x_4_3,x_5_1,x_5_2,x_5_4
5	-20	x_4_0,x_4_3,x_5_1,x_5_3,x_5_4
5	-10	x_4_0,x_4_4,x_5_0,x_5_1,x_5_4
5	-10	x_4_0,x_4_4,x_5_1,x_5_2,x_5_3
5	-20	x_4_0,x_4_4,x_5_1,x_5_2,x_5_4
5	-20	x_4_0,x_4_4,x_5_1,x_5_3,x_5_4
5	-10	x_4_0,x_5_0,x_5_1,x_5_2,x_5_3
5	-10	x_4_0,x_5_0,x_5_1,x_5_2,x_5_4
5	-10	x_4_0,x_5_0,x_5_1,x_5_3,x_5_4
5	-10	x_4_0,x_5_1,x_5_2,x_5_3,x_5_4
5	-14	x_4_1,x_4_2,x_4_3,x_4_4,x_5_1
5	6	x_4_1,x_4_2,x_4_3,x_4_4,x_5_2
5	-4	x_4_1,x_4_2,x_4_3,x_4_4,x_5_3
5	16	x_4_1,x_4_2,x_4_3,x_4_4,x_5_4
5	-10	x_4_1,x_4_2,x_4_3,x_5_0,x_5_1
5	10	x_4_1,x_4_2,x_4_3,x_5_0,x_5_2
5	20	x_4_1,x_4_2,x_4_3,x_5_0,x_5_4
5	-28	x_4_1,x_4_2,x_4_3,x_5_1,x_5_2
5	-38	x_4_1,x_4_2,x_4_3,x_5_1,x_5_3
5	-4	x_4_1,x_4_2,x_4_3,x_5_1,x_5_4
5	2	x_4_1,x_4_2,x_4_3,x_5_2,x_5_3
5	26	x_4_1,x_4_2,x_4_3,x_5_2,x_5_4
5	16	x_4_1,x_4_2,x_4_3,x_5_3,x_5_4
5	-10	x_4_1,x_4_2,x_4_4,x_5_0,x_5_1
5	10	x_4_1,x_4_2,x_4_4,x_5_0,x_5_2
5	10	x_4_1,x_4_2,x_4_4,x_5_0,x_5_4
5	-28	x_4_1,x_4_2,x_4_4,x_5_1,x_5_2
5	-24	x_4_1,x_4_2,x_4_4,x_5_1,x_5_3
5	-28	x_4_1,x_4_2,x_4_4,x_5_1,x_5_4
5	-4	x_4_1,x_4_2,x_4_4,x_5_2,x_5_3
5	14	x_4_1,x_4_2,x_4_4,x_5_2,x_5_4
5	6	x_4_1,x_4_2,x_4_4,x_5_3,x_5_4
5	-20	x_4_1,x_4_2,x_5_0,x_5_1,x_5_2
5	-20	x_4_1,x_4_2,x_5_0,x_5_1,x_5_3
5	-10	x_4_1,x_4_2,x_5_0,x_5_1,x_5_4
5	20	x_4_1,x_4_2,x_5_0,x_5_2,x_5_4
5	10	x_4_1,x_4_2,x_5_0,x_5_3,x_5_4
5	-38	x_4_1,x_4_2,x_5_1,x_5_2,x_5_3
5	-28	x_4_1,x_4_2,x_5_1,x_5_2,x_5_4
5	-24	x_4_1,x_4_2,x_5_1,x_5_3,x_5_4
5	6	x_4_1,x_4_2,x_5_2,x_5_3,x_5_4
5	-10	x_4_1,x_4_3,x_4_4,x_5_0,x_5_1
5	10	x_4_1,x_4_3,x_4_4,x_5_0,x_5_2
5	10	x_4_1,x_4_3,x_4_4,x_5_0,x_5_3
5	10	x_4_1,x_4_3,x_4_4,x_5_0,x_5_4
5	-14	x_4_1,x_4_3,x_4_4,x_5_1,x_5_2
5	-28	x_4_1,x_4_3,x_4_4,x_5_1,x_5_3
5	-28	x_4_1,x_4_3,x_4_4,x_5_1,x_5_4
5	16	x_4_1,x_4_3,x_4_4,x_5_2,x_5_3
5	16	x_4_1,x_4_3,x_4_4,x_5_2,x_5_4
5	14	x_4_1,x_4_3,x_4_4,x_5_3,x_5_4
5	-10	x_4_1,x_4_3,x_5_0,x_5_1,x_5_2
5	-20	x_4_1,x_4_3,x_5_0,x_5_1,x_5_3
5	-10	x_4_1,x_4_3,x_5_0,x_5_1,x_5_4
5	20	x_4_1,x_4_3,x_5_0,x_5_2,x_5_3
5	20	x_4_1,x_4_3,x_5_0,x_5_2,x_5_4
5	20	x_4_1,x_4_3,x_5_0,x_5_3,x_5_4
5	-18	x_4_1,x_4_3,x_5_1,x_5_2,x_5_3
5	-14	x_4_1,x_4_3,x_5_1,x_5_2,x_5_4
5	-28	x_4_1,x_4_3,x_5_1,x_5_3,x_5_4
5	26	x_4_1,x_4_3,x_5_2,x_5_3,x_5_4
5	-10	x_4_1,x_4_4,x_5_0,x_5_1,x_5_2
5	-10	x_4_1,x_4_4,x_5_0,x_5_1,x_5_3
5	-20	x_4_1,x_4_4,x_5_0,x_5_1,x_5_4
5	10	x_4_1,x_4_4,x_5_0,x_5_2,x_5_3
5	20	x_4_1,x_4_4,x_5_0,x_5_2,x_5_4
5	20	x_4_1,x_4_4,x_5_0,x_5_3,x_5_4
5	-14	x_4_1,x_4_4,x_5_1,x_5_2,x_5_3
5	-28	x_4_1,x_4_4,x_5_1,x_5_2,x_5_4
5	-28	x_4_1,x_4_4,x_5_1,x_5_3,x_5_4
5	16	x_4_1,x_4_4,x_5_2,x_5_3,x_5_4
5	-10	x_4_1,x_5_0,x_5_1,x_5_2,x_5_3
5	-10	x_4_1,x_5_0,x_5_1,x_5_2,x_5_4
5	-10	x_4_1,x_5_0,x_5_1,x_5_3,x_5_4
5	20	x_4_1,x_5_0,x_5_2,x_5_3,x_5_4
5	-14	x_4_1,x_5_1,x_5_2,x_5_3,x_5_4
5	-10	x_4_2,x_4_3,x_4_4,x_5_0,x_5_1
5	-24	x_4_2,x_4_3,x_4_4,x_5_1,x_5_2
5	-24	x_4_2,x_4_3,x_4_4,x_5_1,x_5_3
5	-24	x_4_2,x_4_3,x_4_4,x_5_1,x_5_4
5	-8	x_4_2,x_4_3,x_4_4,x_5_2,x_5_3
5	-6	x_4_2,x_4_3,x_4_4,x_5_2,x_5_4
5	-6	x_4_2,x_4_3,x_4_4,x_5_3,x_5_4
5	-20	x_4_2,x_4_3,x_5_0,x_5_1,x_5_2
5	-20	x_4_2,x_4_3,x_5_0,x_5_1,x_5_3
5	-10	x_4_2,x_4_3,x_5_0,x_5_1,x_5_4
5	-48	x_4_2,x_4_3,x_5_1,x_5_2,x_5_3
5	-24	x_4_2,x_4_3,x_5_1,x_5_2,x_5_4
5	-24	x_4_2,x_4_3,x_5_1,x_5_3,x_5_4
5	-8	x_4_2,x_4_3,x_5_2,x_5_3,x_5_4
5	-20	x_4_2,x_4_4,x_5_0,x_5_1,x_5_2
5	-10	x_4_2,x_4_4,x_5_0,x_5_1,x_5_3
5	-20	x_4_2,x_4_4,x_5_0,x_5_1,x_5_4
5	-24	x_4_2,x_4_4,x_5_1,x_5_2,x_5_3
5	-36	x_4_2,x_4_4,x_5_1,x_5_2,x_5_4
5	-24	x_4_2,x_4_4,x_5_1,x_5_3,x_5_4
5	-6	x_4_2,x_4_4,x_5_2,x_5_3,x_5_4
5	-20	x_4_2,x_5_0,x_5_1,x_5_2,x_5_3
5	-20	x_4_2,x_5_0,x_5_1,x_5_2,x_5_4
5	-10	x_4_2,x_5_0,x_5_1,x_5_3,x_5_4
5	-24	x_4_2,x_5_1,x_5_2,x_5_3,x_5_4
5	-10	x_4_3,x_4_4,x_5_0,x_5_1,x_5_2
5	-20	x_4_3,x_4_4,x_5_0,x_5_1,x_5_3
5	-20	x_4_3,x_4_4,x_5_0,x_5_1,x_5_4
5	-24	x_4_3,x_4_4,x_5_1,x_5_2,x_5_3
5	-24	x_4_3,x_4_4,x_5_1,x_5_2,x_5_4
5	-36	x_4_3,x_4_4,x_5_1,x_5_3,x_5_4
5	-6	x_4_3,x_4_4,x_5_2,x_5_3,x_5_4
5	-20	x_4_3,x_5_0,x_5_1,x_5_2,x_5_3
5	-10	x_4_3,x_5_0,x_5_1,x_5_2,x_5_4
5	-20	x_4_3,x_5_0,x_5_1,x_5_3,x_5_4
5	-24	x_4_3,x_5_1,x_5_2,x_5_3,x_5_4
5	-10	x_4_4,x_5_0,x_5_1,x_5_2,x_5_3
5	-20	x_4_4,x_5_0,x_5_1,x_5_2,x_5_4
5	-20	x_4_4,x_5_0,x_5_1,x_5_3,x_5_4
5	-24	x_4_4,x_5_1,x_5_2,x_5_3,x_5_4
5	-10	x_5_0,x_5_1,x_5_2,x_5_3,x_5_4
6	10	x_0_0,x_0_1,x_0_2,x_0_3,x_0_4,x_1_0
6	10	x_0_0,x_0_1,x_0_2,x_0_3,x_0_4,x_1_1
6	-10	x_0_0,x_0_1,x_0_2,x_0_3,x_0_4,x_1_2
6	-20	x_0_0,x_0_1,x_0_2,x_0_3,x_0_4,x_1_4
6	20	x_0_0,x_0_1,x_0_2,x_0_3,x_1_0,x_1_1
6	10	x_0_0,x_0_1,x_0_2,x_0_3,x_1_0,x_1_2
6	20	x_0_0,x_0_1,x_0_2,x_0_3,x_1_0,x_1_3
6	-10	x_0_0,x_0_1,x_0_2,x_0_3,x_1_0,x_1_4
6	20	x_0_0,x_0_1,x_0_2,x_0_3,x_1_1,x_1_2
6	30	x_0_0,x_0_1,x_0_2,x_0_3,x_1_1,x_1_3
6	-10	x_0_0,x_0_1,x_0_2,x_0_3,x_1_2,x_1_3
6	-30	x_0_0,x_0_1,x_0_2,x_0_3,x_1_2,x_1_4
6	-20	x_0_0,x_0_1,x_0_2,x_0_3,x_1_3,x_1_4
6	20	x_0_0,x_0_1,x_0_2,x_0_4,x_1_0,x_1_1
6	10	x_0_0,x_0_1,x_0_2,x_0_4,x_1_0,x_1_2
6	10	x_0_0,x_0_1,x_0_2,x_0_4,x_1_0,x_1_3
6	10	x_0_0,x_0_1,x_0_2,x_0_4,x_1_0,x_1_4
6	20	x_0_0,x_0_1,x_0_2,x_0_4,x_1_1,x_1_2
6	20	x_0_0,x_0_1,x_0_2,x_0_4,x_1_1,x_1_3
6	20	x_0_0,x_0_1,x_0_2,x_0_4,x_1_1,x_1_4
6	-20	x_0_0,x_0_1,x_0_2,x_0_4,x_1_2,x_1_4
6	-10	x_0_0,x_0_1,x_0_2,x_0_4,x_1_3,x_1_4
6	40	x_0_0,x_0_1,x_0_2,x_1_0,x_1_1,x_1_2
6	30	x_0_0,x_0_1,x_0_2,x_1_0,x_1_1,x_1_3
6	20	x_0_0,x_0_1,x_0_2,x_1_0,x_1_1,x_1_4
6	20	x_0_0,x_0_1,x_0_2,x_1_0,x_1_2,x_1_3
6	30	x_0_0,x_0_1,x_0_2,x_1_1,x_1_2,x_1_3
6	20	x_0_0,x_0_1,x_0_2,x_1_1,x_1_2,x_1_4
6	20	x_0_0,x_0_1,x_0_2,x_1_1,x_1_3,x_1_4
6	-10	x_0_0,x_0_1,x_0_2,x_1_2,x_1_3,x_1_4
6	20	x_0_0,x_0_1,x_0_3,x_0_4,x_1_0,x_1_1
6	10	x_0_0,x_0_1,x_0_3,x_0_4,x_1_0,x_1_3
6	10	x_0_0,x_0_1,x_0_3,x_0_4,x_1_0,x_1_4
6	10	x_0_0,x_0_1,x_0_3,x_0_4,x_1_1,x_1_2
6	20	x_0_0,x_0_1,x_0_3,x_0_4,x_1_1,x_1_3
6	20	x_0_0,x_0_1,x_0_3,x_0_4,x_1_1,x_1_4
6	-20	x_0_0,x_0_1,x_0_3,x_0_4,x_1_2,x_1_3
6	-20	x_0_0,x_0_1,x_0_3,x_0_4,x_1_2,x_1_4
6	-20	x_0_0,x_0_1,x_0_3,x_0_4,x_1_3,x_1_4
6	30	x_0_0,x_0_1,x_0_3,x_1_0,x_1_1,x_1_2
6	40	x_0_0,x_0_1,x_0_3,x_1_0,x_1_1,x_1_3
6	20	x_0_0,x_0_1,x_0_3,x_1_0,x_1_1,x_1_4
6	-10	x_0_0,x_0_1,x_0_3,x_1_0,x_1_2,x_1_4
6	10	x_0_0,x_0_1,x_0_3,x_1_1,x_1_2,x_1_3
6	10	x_0_0,x_0_1,x_0_3,x_1_1,x_1_2,x_1_4
6	20	x_0_0,x_0_1,x_0_3,x_1_1,x_1_3,x_1_4
6	-30	x_0_0,x_0_1,x_0_3,x_1_2,x_1_3,x_1_4
6	20	x_0_0,x_0_1,x_0_4,x_1_0,x_1_1,x_1_2
6	20	x_0_0,x_0_1,x_0_4,x_1_0,x_1_1,x_1_3
6	40	x_0_0,x_0_1,x_0_4,x_1_0,x_1_1,x_1_4
6	10	x_0_0,x_0_1,x_0_4,x_1_1,x_1_2,x_1_3
6	20	x_0_0,x_0_1,x_0_4,x_1_1,x_1_2,x_1_4
6	20	x_0_0,x_0_1,x_0_4,x_1_1,x_1_3,x_1_4
6	-20	x_0_0,x_0_1,x_0_4,x_1_2,x_1_3,x_1_4
6	20	x_0_0,x_0_1,x_1_0,x_1_1,x_1_2,x_1_3
6	20	x_0_0,x_0_1,x_1_0,x_1_1,x_1_2,x_1_4
6	20	x_0_0,x_0_1,x_1_0,x_1_1,x_1_3,x_1_4
6	-10	x_0_0,x_0_1,x_1_0,x_1_2,x_1_3,x_1_4
6	10	x_0_0,x_0_1,x_1_1,x_1_2,x_1_3,x_1_4
6	-10	x_0_0,x_0_2,x_0_3,x_0_4,x_1_0,x_1_1
6	20	x_0_0,x_0_2,x_0_3,x_0_4,x_1_1,x_1_2
6	20	x_0_0,x_0_2,x_0_3,x_0_4,x_1_1,x_1_3
6	20	x_0_0,x_0_2,x_0_3,x_0_4,x_1_1,x_1_4
6	20	x_0_0,x_0_2,x_0_3,x_1_0,x_1_1,x_1_2
6	40	x_0_0,x_0_2,x_0_3,x_1_1,x_1_2,x_1_3
6	20	x_0_0,x_0_2,x_0_3,x_1_1,x_1_2,x_1_4
6	20	x_0_0,x_0_2,x_0_3,x_1_1,x_1_3,x_1_4
6	-10	x_0_0,x_0_2,x_0_4,x_1_0,x_1_1,x_1_3
6	20	x_0_0,x_0_2,x_0_4,x_1_1,x_1_2,x_1_3
6	30	x_0_0,x_0_2,x_0_4,x_1_1,x_1_2,x_1_4
6	20	x_0_0,x_0_2,x_0_4,x_1_1,x_1_3,x_1_4
6	10	x_0_0,x_0_2,x_1_0,x_1_1,x_1_2,x_1_3
6	10	x_0_0,x_0_2,x_1_0,x_1_1,x_1_2,x_1_4
6	20	x_0_0,x_0_2,x_1_1,x_1_2,x_1_3,x_1_4
6	20	x_0_0,x_0_3,x_0_4,x_1_1,x_1_2,x_1_3
6	20	x_0_0,x_0_3,x_0_4,x_1_1,x_1_2,x_1_4
6	30	x_0_0,x_0_3,x_0_4,x_1_1,x_1_3,x_1_4
6	20	x_0_0,x_0_3,x_1_0,x_1_1,x_1_2,x_1_3
6	10	x_0_0,x_0_3,x_1_0,x_1_1,x_1_2,x_1_4
6	10	x_0_0,x_0_3,x_1_0,x_1_1,x_1_3,x_1_4
6	20	x_0_0,x_0_3,x_1_1,x_1_2,x_1_3,x_1_4
6	-10	x_0_0,x_0_4,x_1_0,x_1_1,x_1_2,x_1_3
6	10	x_0_0,x_0_4,x_1_0,x_1_1,x_1_2,x_1_4
6	10	x_0_0,x_0_4,x_1_0,x_1_1,x_1_3,x_1_4
6	20	x_0_0,x_0_4,x_1_1,x_1_2,x_1_3,x_1_4
6	10	x_0_0,x_1_0,x_1_1,x_1_2,x_1_3,x_1_4
6	10	x_0_1,x_0_2,x_0_3,x_0_4,x_1_0,x_1_1
6	-10	x_0_1,x_0_2,x_0_3,x_0_4,x_1_0,x_1_2
6	-20	x_0_1,x_0_2,x_0_3,x_0_4,x_1_0,x_1_4
6	28	x_0_1,x_0_2,x_0_3,x_0_4,x_1_1,x_1_2
6	38	x_0_1,x_0_2,x_0_3,x_0_4,x_1_1,x_1_3
6	18	x_0_1,x_0_2,x_0_3,x_0_4,x_1_1,x_1_4
6	-2	x_0_1,x_0_2,x_0_3,x_0_4,x_1_2,x_1_3
6	-24	x_0_1,x_0_2,x_0_3,x_0_4,x_1_2,x_1_4
6	-14	x_0_1,x_0_2,x_0_3,x_0_4,x_1_3,x_1_4
6	8	x_0_1,x_0_2,x_0_3,x_0_4,x_2_1,x_2_2
6	8	x_0_1,x_0_2,x_0_3,x_0_4,x_2_1,x_2_3
6	8	x_0_1,x_0_2,x_0_3,x_0_4,x_2_1,x_2_4
6	8	x_0_1,x_0_2,x_0_3,x_0_4,x_2_2,x_2_3
6	6	x_0_1,x_0_2,x_0_3,x_0_4,x_2_2,x_2_4
6	6	x_0_1,x_0_2,x_0_3,x_0_4,x_2_3,x_2_4
6	8	x_0_1,x_0_2,x_0_3,x_0_4,x_3_1,x_3_2
6	8	x_0_1,x_0_2,x_0_3,x_0_4,x_3_1,x_3_3
6	8	x_0_1,x_0_2,x_0_3,x_0_4,x_3_1,x_3_4
6	8	x_0_1,x_0_2,x_0_3,x_0_4,x_3_2,x_3_3
6	6	x_0_1,x_0_2,x_0_3,x_0_4,x_3_2,x_3_4
6	6	x_0_1,x_0_2,x_0_3,x_0_4,x_3_3,x_3_4
6	8	x_0_1,x_0_2,x_0_3,x_0_4,x_4_1,x_4_2
6	8	x_0_1,x_0_2,x_0_3,x_0_4,x_4_1,x_4_3
6	8	x_0_1,x_0_2,x_0_3,x_0_4,x_4_1,x_4_4
6	8	x_0_1,x_0_2,x_0_3,x_0_4,x_4_2,x_4_3
6	6	x_0_1,x_0_2,x_0_3,x_0_4,x_4_2,x_4_4
6	6	x_0_1,x_0_2,x_0_3,x_0_4,x_4_3,x_4_4
6	8	x_0_1,x_0_2,x_0_3,x_0_4,x_5_1,x_5_2
6	8	x_0_1,x_0_2,x_0_3,x_0_4,x_5_1,x_5_3
6	8	x_0_1,x_0_2,x_0_3,x_0_4,x_5_1,x_5_4
6	8	x_0_1,x_0_2,x_0_3,x_0_4,x_5_2,x_5_3
6	6	x_0_1,x_0_2,x_0_3,x_0_4,x_5_2,x_5_4
6	6	x_0_1,x_0_2,x_0_3,x_0_4,x_5_3,x_5_4
6	20	x_0_1,x_0_2,x_0_3,x_1_0,x_1_1,x_1_2
6	30	x_0_1,x_0_2,x_0_3,x_1_0,x_1_1,x_1_3
6	-10	x_0_1,x_0_2,x_0_3,x_1_0,x_1_2,x_1_3
6	-30	x_0_1,x_0_2,x_0_3,x_1_0,x_1_2,x_1_4
6	-20	x_0_1,x_0_2,x_0_3,x_1_0,x_1_3,x_1_4
6	56	x_0_1,x_0_2,x_0_3,x_1_1,x_1_2,x_1_3
6	18	x_0_1,x_0_2,x_0_3,x_1_1,x_1_2,x_1_4
6	28	x_0_1,x_0_2,x_0_3,x_1_1,x_1_3,x_1_4
6	-22	x_0_1,x_0_2,x_0_3,x_1_2,x_1_3,x_1_4
6	16	x_0_1,x_0_2,x_0_3,x_2_1,x_2_2,x_2_3
6	8	x_0_1,x_0_2,x_0_3,x_2_1,x_2_2,x_2_4
6	8	x_0_1,x_0_2,x_0_3,x_2_1,x_2_3,x_2_4
6	8	x_0_1,x_0_2,x_0_3,x_2_2,x_2_3,x_2_4
6	16	x_0_1,x_0_2,x_0_3,x_3_1,x_3_2,x_3_3
6	8	x_0_1,x_0_2,x_0_3,x_3_1,x_3_2,x_3_4
6	8	x_0_1,x_0_2,x_0_3,x_3_1,x_3_3,x_3_4
6	8	x_0_1,x_0_2,x_0_3,x_3_2,x_3_3,x_3_4
6	16	x_0_1,x_0_2,x_0_3,x_4_1,x_4_2,x_4_3
6	8	x_0_1,x_0_2,x_0_3,x_4_1,x_4_2,x_4_4
6	8	x_0_1,x_0_2,x_0_3,x_4_1,x_4_3,x_4_4
6	8	x_0_1,x_0_2,x_0_3,x_4_2,x_4_3,x_4_4
6	16	x_0_1,x_0_2,x_0_3,x_5_1,x_5_2,x_5_3
6	8	x_0_1,x_0_2,x_0_3,x_5_1,x_5_2,x_5_4
6	8	x_0_1,x_0_2,x_0_3,x_5_1,x_5_3,x_5_4
6	8	x_0_1,x_0_2,x_0_3,x_5_2,x_5_3,x_5_4
6	20	x_0_1,x_0_2,x_0_4,x_1_0,x_1_1,x_1_2
6	20	x_0_1,x_0_2,x_0_4,x_1_0,x_1_1,x_1_3
6	20	x_0_1,x_0_2,x_0_4,x_1_0,x_1_1,x_1_4
6	-20	x_0_1,x_0_2,x_0_4,x_1_0,x_1_2,x_1_4
6	-10	x_0_1,x_0_2,x_0_4,x_1_0,x_1_3,x_1_4
6	38	x_0_1,x_0_2,x_0_4,x_1_1,x_1_2,x_1_3
6	42	x_0_1,x_0_2,x_0_4,x_1_1,x_1_2,x_1_4
6	38	x_0_1,x_0_2,x_0_4,x_1_1,x_1_3,x_1_4
6	-4	x_0_1,x_0_2,x_0_4,x_1_2,x_1_3,x_1_4
6	8	x_0_1,x_0_2,x_0_4,x_2_1,x_2_2,x_2_3
6	12	x_0_1,x_0_2,x_0_4,x_2_1,x_2_2,x_2_4
6	8	x_0_1,x_0_2,x_0_4,x_2_1,x_2_3,x_2_4
6	6	x_0_1,x_0_2,x_0_4,x_2_2,x_2_3,x_2_4
6	8	x_0_1,x_0_2,x_0_4,x_3_1,x_3_2,x_3_3
6	12	x_0_1,x_0_2,x_0_4,x_3_1,x_3_2,x_3_4
6	8	x_0_1,x_0_2,x_0_4,x_3_1,x_3_3,x_3_4
6	6	x_0_1,x_0_2,x_0_4,x_3_2,x_3_3,x_3_4
6	8	x_0_1,x_0_2,x_0_4,x_4_1,x_4_2,x_4_3
6	12	x_0_1,x_0_2,x_0_4,x_4_1,x_4_2,x_4_4
6	8	x_0_1,x_0_2,x_0_4,x_4_1,x_4_3,x_4_4
6	6	x_0_1,x_0_2,x_0_4,x_4_2,x_4_3,x_4_4
6	8	x_0_1,x_0_2,x_0_4,x_5_1,x_5_2,x_5_3
6	12	x_0_1,x_0_2,x_0_4,x_5_1,x_5_2,x_5_4
6	8	x_0_1,x_0_2,x_0_4,x_5_1,x_5_3,x_5_4
6	6	x_0_1,x_0_2,x_0_4,x_5_2,x_5_3,x_5_4
6	30	x_0_1,x_0_2,x_1_0,x_1_1,x_1_2,x_1_3
6	20	x_0_1,x_0_2,x_1_0,x_1_1,x_1_2,x_1_4
6	20	x_0_1,x_0_2,x_1_0,x_1_1,x_1_3,x_1_4
6	-10	x_0_1,x_0_2,x_1_0,x_1_2,x_1_3,x_1_4
6	38	x_0_1,x_0_2,x_1_1,x_1_2,x_1_3,x_1_4
6	8	x_0_1,x_0_2,x_2_1,x_2_2,x_2_3,x_2_4
6	8	x_0_1,x_0_2,x_3_1,x_3_2,x_3_3,x_3_4
6	8	x_0_1,x_0_2,x_4_1,x_4_2,x_4_3,x_4_4
6	8	x_0_1,x_0_2,x_5_1,x_5_2,x_5_3,x_5_4
6	10	x_0_1,x_0_3,x_0_4,x_1_0,x_1_1,x_1_2
6	20	x_0_1,x_0_3,x_0_4,x_1_0,x_1_1,x_1_3
6	20	x_0_1,x_0_3,x_0_4,x_1_0,x_1_1,x_1_4
6	-20	x_0_1,x_0_3,x_0_4,x_1_0,x_1_2,x_1_3
6	-20	x_0_1,x_0_3,x_0_4,x_1_0,x_1_2,x_1_4
6	-20	x_0_1,x_0_3,x_0_4,x_1_0,x_1_3,x_1_4
6	18	x_0_1,x_0_3,x_0_4,x_1_1,x_1_2,x_1_3
6	28	x_0_1,x_0_3,x_0_4,x_1_1,x_1_2,x_1_4
6	42	x_0_1,x_0_3,x_0_4,x_1_1,x_1_3,x_1_4
6	-24	x_0_1,x_0_3,x_0_4,x_1_2,x_1_3,x_1_4
6	8	x_0_1,x_0_3,x_0_4,x_2_1,x_2_2,x_2_3
6	8	x_0_1,x_0_3,x_0_4,x_2_1,x_2_2,x_2_4
6	12	x_0_1,x_0_3,x_0_4,x_2_1,x_2_3,x_2_4
6	6	x_0_1,x_0_3,x_0_4,x_2_2,x_2_3,x_2_4
6	8	x_0_1,x_0_3,x_0_4,x_3_1,x_3_2,x_3_3
6	8	x_0_1,x_0_3,x_0_4,x_3_1,x_3_2,x_3_4
6	12	x_0_1,x_0_3,x_0_4,x_3_1,x_3_3,x_3_4
6	6	x_0_1,x_0_3,x_0_4,x_3_2,x_3_3,x_3_4
6	8	x_0_1,x_0_3,x_0_4,x_4_1,x_4_2,x_4_3
6	8	x_0_1,x_0_3,x_0_4,x_4_1,x_4_2,x_4_4
6	12	x_0_1,x_0_3,x_0_4,x_4_1,x_4_3,x_4_4
6	6	x_0_1,x_0_3,x_0_4,x_4_2,x_4_3,x_4_4
6	8	x_0_1,x_0_3,x_0_4,x_5_1,x_5_2,x_5_3
6	8	x_0_1,x_0_3,x_0_4,x_5_1,x_5_2,x_5_4
6	12	x_0_1,x_0_3,x_0_4,x_5_1,x_5_3,x_5_4
6	6	x_0_1,x_0_3,x_0_4,x_5_2,x_5_3,x_5_4
6	10	x_0_1,x_0_3,x_1_0,x_1_1,x_1_2,x_1_3
6	10	x_0_1,x_0_3,x_1_0,x_1_1,x_1_2,x_1_4
6	20	x_0_1,x_0_3,x_1_0,x_1_1,x_1_3,x_1_4
6	-30	x_0_1,x_0_3,x_1_0,x_1_2,x_1_3,x_1_4
6	18	x_0_1,x_0_3,x_1_1,x_1_2,x_1_3,x_1_4
6	8	x_0_1,x_0_3,x_2_1,x_2_2,x_2_3,x_2_4
6	8	x_0_1,x_0_3,x_3_1,x_3_2,x_3_3,x_3_4
6	8	x_0_1,x_0_3,x_4_1,x_4_2,x_4_3,x_4_4
6	8	x_0_1,x_0_3,x_5_1,x_5_2,x_5_3,x_5_4
6	10	x_0_1,x_0_4,x_1_0,x_1_1,x_1_2,x_1_3
6	20	x_0_1,x_0_4,x_1_0,x_1_1,x_1_2,x_1_4
6	20	x_0_1,x_0_4,x_1_0,x_1_1,x_1_3,x_1_4
6	-20	x_0_1,x_0_4,x_1_0,x_1_2,x_1_3,x_1_4
6	28	x_0_1,x_0_4,x_1_1,x_1_2,x_1_3,x_1_4
6	8	x_0_1,x_0_4,x_2_1,x_2_2,x_2_3,x_2_4
6	8	x_0_1,x_0_4,x_3_1,x_3_2,x_3_3,x_3_4
6	8	x_0_1,x_0_4,x_4_1,x_4_2,x_4_3,x_4_4
6	8	x_0_1,x_0_4,x_5_1,x_5_2,x_5_3,x_5_4
6	10	x_0_1,x_1_0,x_1_1,x_1_2,x_1_3,x_1_4
6	20	x_0_2,x_0_3,x_0_4,x_1_0,x_1_1,x_1_2
6	20	x_0_2,x_0_3,x_0_4,x_1_0,x_1_1,x_1_3
6	20	x_0_2,x_0_3,x_0_4,x_1_0,x_1_1,x_1_4
6	48	x_0_2,x_0_3,x_0_4,x_1_1,x_1_2,x_1_3
6	36	x_0_2,x_0_3,x_0_4,x_1_1,x_1_2,x_1_4
6	36	x_0_2,x_0_3,x_0_4,x_1_1,x_1_3,x_1_4
6	10	x_0_2,x_0_3,x_0_4,x_1_2,x_1_3,x_1_4
6	8	x_0_2,x_0_3,x_0_4,x_2_1,x_2_2,x_2_3
6	6	x_0_2,x_0_3,x_0_4,x_2_1,x_2_2,x_2_4
6	6	x_0_2,x_0_3,x_0_4,x_2_1,x_2_3,x_2_4
6	10	x_0_2,x_0_3,x_0_4,x_2_2,x_2_3,x_2_4
6	8	x_0_2,x_0_3,x_0_4,x_3_1,x_3_2,x_3_3
6	6	x_0_2,x_0_3,x_0_4,x_3_1,x_3_2,x_3_4
6	6	x_0_2,x_0_3,x_0_4,x_3_1,x_3_3,x_3_4
6	10	x_0_2,x_0_3,x_0_4,x_3_2,x_3_3,x_3_4
6	8	x_0_2,x_0_3,x_0_4,x_4_1,x_4_2,x_4_3
6	6	x_0_2,x_0_3,x_0_4,x_4_1,x_4_2,x_4_4
6	6	x_0_2,x_0_3,x_0_4,x_4_1,x_4_3,x_4_4
6	10	x_0_2,x_0_3,x_0_4,x_4_2,x_4_3,x_4_4
6	8	x_0_2,x_0_3,x_0_4,x_5_1,x_5_2,x_5_3
6	6	x_0_2,x_0_3,x_0_4,x_5_1,x_5_2,x_5_4
6	6	x_0_2,x_0_3,x_0_4,x_5_1,x_5_3,x_5_4
6	10	x_0_2,x_0_3,x_0_4,x_5_2,x_5_3,x_5_4
6	40	x_0_2,x_0_3,x_1_0,x_1_1,x_1_2,x_1_3
6	20	x_0_2,x_0_3,x_1_0,x_1_1,x_1_2,x_1_4
6	20	x_0_2,x_0_3,x_1_0,x_1_1,x_1_3,x_1_4
6	48	x_0_2,x_0_3,x_1_1,x_1_2,x_1_3,x_1_4
6	8	x_0_2,x_0_3,x_2_1,x_2_2,x_2_3,x_2_4
6	8	x_0_2,x_0_3,x_3_1,x_3_2,x_3_3,x_3_4
6	8	x_0_2,x_0_3,x_4_1,x_4_2,x_4_3,x_4_4
6	8	x_0_2,x_0_3,x_5_1,x_5_2,x_5_3,x_5_4
6	20	x_0_2,x_0_4,x_1_0,x_1_1,x_1_2,x_1_3
6	30	x_0_2,x_0_4,x_1_0,x_1_1,x_1_2,x_1_4
6	20	x_0_2,x_0_4,x_1_0,x_1_1,x_1_3,x_1_4
6	36	x_0_2,x_0_4,x_1_1,x_1_2,x_1_3,x_1_4
6	6	x_0_2,x_0_4,x_2_1,x_2_2,x_2_3,x_2_4
6	6	x_0_2,x_0_4,x_3_1,x_3_2,x_3_3,x_3_4
6	6	x_0_2,x_0_4,x_4_1,x_4_2,x_4_3,x_4_4
6	6	x_0_2,x_0_4,x_5_1,x_5_2,x_5_3,x_5_4
6	20	x_0_2,x_1_0,x_1_1,x_1_2,x_1_3,x_1_4
6	20	x_0_3,x_0_4,x_1_0,x_1_1,x_1_2,x_1_3
6	20	x_0_3,x_0_4,x_1_0,x_1_1,x_1_2,x_1_4
6	30	x_0_3,x_0_4,x_1_0,x_1_1,x_1_3,x_1_4
6	36	x_0_3,x_0_4,x_1_1,x_1_2,x_1_3,x_1_4
6	6	x_0_3,x_0_4,x_2_1,x_2_2,x_2_3,x_2_4
6	6	x_0_3,x_0_4,x_3_1,x_3_2,x_3_3,x_3_4
6	6	x_0_3,x_0_4,x_4_1,x_4_2,x_4_3,x_4_4
6	6	x_0_3,x_0_4,x_5_1,x_5_2,x_5_3,x_5_4
6	20	x_0_3,x_1_0,x_1_1,x_1_2,x_1_3,x_1_4
6	20	x_0_4,x_1_0,x_1_1,x_1_2,x_1_3,x_1_4
6	10	x_1_0,x_1_1,x_1_2,x_1_3,x_1_4,x_2_0
6	10	x_1_0,x_1_1,x_1_2,x_1_3,x_1_4,x_2_1
6	-10	x_1_0,x_1_1,x_1_2,x_1_3,x_1_4,x_2_2
6	-20	x_1_0,x_1_1,x_1_2,x_1_3,x_1_4,x_2_4
6	20	x_1_0,x_1_1,x_1_2,x_1_3,x_2_0,x_2_1
6	10	x_1_0,x_1_1,x_1_2,x_1_3,x_2_0,x_2_2
6	20	x_1_0,x_1_1,x_1_2,x_1_3,x_2_0,x_2_3
6	-10	x_1_0,x_1_1,x_1_2,x_1_3,x_2_0,x_2_4
6	20	x_1_0,x_1_1,x_1_2,x_1_3,x_2_1,x_2_2
6	30	x_1_0,x_1_1,x_1_2,x_1_3,x_2_1,x_2_3
6	-10	x_1_0,x_1_1,x_1_2,x_1_3,x_2_2,x_2_3
6	-30	x_1_0,x_1_1,x_1_2,x_1_3,x_2_2,x_2_4
6	-20	x_1_0,x_1_1,x_1_2,x_1_3,x_2_3,x_2_4
6	20	x_1_0,x_1_1,x_1_2,x_1_4,x_2_0,x_2_1
6	10	x_1_0,x_1_1,x_1_2,x_1_4,x_2_0,x_2_2
6	10	x_1_0,x_1_1,x_1_2,x_1_4,x_2_0,x_2_3
6	10	x_1_0,x_1_1,x_1_2,x_1_4,x_2_0,x_2_4
6	20	x_1_0,x_1_1,x_1_2,x_1_4,x_2_1,x_2_2
6	20	x_1_0,x_1_1,x_1_2,x_1_4,x_2_1,x_2_3
6	20	x_1_0,x_1_1,x_1_2,x_1_4,x_2_1,x_2_4
6	-20	x_1_0,x_1_1,x_1_2,x_1_4,x_2_2,x_2_4
6	-10	x_1_0,x_1_1,x_1_2,x_1_4,x_2_3,x_2_4
6	40	x_1_0,x_1_1,x_1_2,x_2_0,x_2_1,x_2_2
6	30	x_1_0,x_1_1,x_1_2,x_2_0,x_2_1,x_2_3
6	20	x_1_0,x_1_1,x_1_2,x_2_0,x_2_1,x_2_4
6	20	x_1_0,x_1_1,x_1_2,x_2_0,x_2_2,x_2_3
6	30	x_1_0,x_1_1,x_1_2,x_2_1,x_2_2,x_2_3
6	20	x_1_0,x_1_1,x_1_2,x_2_1,x_2_2,x_2_4
6	20	x_1_0,x_1_1,x_1_2,x_2_1,x_2_3,x_2_4
6	-10	x_1_0,x_1_1,x_1_2,x_2_2,x_2_3,x_2_4
6	20	x_1_0,x_1_1,x_1_3,x_1_4,x_2_0,x_2_1
6	10	x_1_0,x_1_1,x_1_3,x_1_4,x_2_0,x_2_3
6	10	x_1_0,x_1_1,x_1_3,x_1_4,x_2_0,x_2_4
6	10	x_1_0,x_1_1,x_1_3,x_1_4,x_2_1,x_2_2
6	20	x_1_0,x_1_1,x_1_3,x_1_4,x_2_1,x_2_3
6	20	x_1_0,x_1_1,x_1_3,x_1_4,x_2_1,x_2_4
6	-20	x_1_0,x_1_1,x_1_3,x_1_4,x_2_2,x_2_3
6	-20	x_1_0,x_1_1,x_1_3,x_1_4,x_2_2,x_2_4
6	-20	x_1_0,x_1_1,x_1_3,x_1_4,x_2_3,x_2_4
6	30	x_1_0,x_1_1,x_1_3,x_2_0,x_2_1,x_2_2
6	40	x_1_0,x_1_1,x_1_3,x_2_0,x_2_1,x_2_3
6	20	x_1_0,x_1_1,x_1_3,x_2_0,x_2_1,x_2_4
6	-10	x_1_0,x_1_1,x_1_3,x_2_0,x_2_2,x_2_4
6	10	x_1_0,x_1_1,x_1_3,x_2_1,x_2_2,x_2_3
6	10	x_1_0,x_1_1,x_1_3,x_2_1,x_2_2,x_2_4
6	20	x_1_0,x_1_1,x_1_3,x_2_1,x_2_3,x_2_4
6	-30	x_1_0,x_1_1,x_1_3,x_2_2,x_2_3,x_2_4
6	20	x_1_0,x_1_1,x_1_4,x_2_0,x_2_1,x_2_2
6	20	x_1_0,x_1_1,x_1_4,x_2_0,x_2_1,x_2_3
6	40	x_1_0,x_1_1,x_1_4,x_2_0,x_2_1,x_2_4
6	10	x_1_0,x_1_1,x_1_4,x_2_1,x_2_2,x_2_3
6	20	x_1_0,x_1_1,x_1_4,x_2_1,x_2_2,x_2_4
6	20	x_1_0,x_1_1,x_1_4,x_2_1,x_2_3,x_2_4
6	-20	x_1_0,x_1_1,x_1_4,x_2_2,x_2_3,x_2_4
6	20	x_1_0,x_1_1,x_2_0,x_2_1,x_2_2,x_2_3
6	20	x_1_0,x_1_1,x_2_0,x_2_1,x_2_2,x_2_4
6	20	x_1_0,x_1_1,x_2_0,x_2_1,x_2_3,x_2_4
6	-10	x_1_0,x_1_1,x_2_0,x_2_2,x_2_3,x_2_4
6	10	x_1_0,x_1_1,x_2_1,x_2_2,x_2_3,x_2_4
6	-10	x_1_0,x_1_2,x_1_3,x_1_4,x_2_0,x_2_1
6	20	x_1_0,x_1_2,x_1_3,x_1_4,x_2_1,x_2_2
6	20	x_1_0,x_1_2,x_1_3,x_1_4,x_2_1,x_2_3
6	20	x_1_0,x_1_2,x_1_3,x_1_4,x_2_1,x_2_4
6	20	x_1_0,x_1_2,x_1_3,x_2_0,x_2_1,x_2_2
6	40	x_1_0,x_1_2,x_1_3,x_2_1,x_2_2,x_2_3
6	20	x_1_0,x_1_2,x_1_3,x_2_1,x_2_2,x_2_4
6	20	x_1_0,x_1_2,x_1_3,x_2_1,x_2_3,x_2_4
6	-10	x_1_0,x_1_2,x_1_4,x_2_0,x_2_1,x_2_3
6	20	x_1_0,x_1_2,x_1_4,x_2_1,x_2_2,x_2_3
6	30	x_1_0,x_1_2,x_1_4,x_2_1,x_2_2,x_2_4
6	20	x_1_0,x_1_2,x_1_4,x_2_1,x_2_3,x_2_4
6	10	x_1_0,x_1_2,x_2_0,x_2_1,x_2_2,x_2_3
6	10	x_1_0,x_1_2,x_2_0,x_2_1,x_2_2,x_2_4
6	20	x_1_0,x_1_2,x_2_1,x_2_2,x_2_3,x_2_4
6	20	x_1_0,x_1_3,x_1_4,x_2_1,x_2_2,x_2_3
6	20	x_1_0,x_1_3,x_1_4,x_2_1,x_2_2,x_2_4
6	30	x_1_0,x_1_3,x_1_4,x_2_1,x_2_3,x_2_4
6	20	x_1_0,x_1_3,x_2_0,x_2_1,x_2_2,x_2_3
6	10	x_1_0,x_1_3,x_2_0,x_2_1,x_2_2,x_2_4
6	10	x_1_0,x_1_3,x_2_0,x_2_1,x_2_3,x_2_4
6	20	x_1_0,x_1_3,x_2_1,x_2_2,x_2_3,x_2_4
6	-10	x_1_0,x_1_4,x_2_0,x_2_1,x_2_2,x_2_3
6	10	x_1_0,x_1_4,x_2_0,x_2_1,x_2_2,x_2_4
6	10	x_1_0,x_1_4,x_2_0,x_2_1,x_2_3,x_2_4
6	20	x_1_0,x_1_4,x_2_1,x_2_2,x_2_3,x_2_4
6	10	x_1_0,x_2_0,x_2_1,x_2_2,x_2_3,x_2_4
6	10	x_1_1,x_1_2,x_1_3,x_1_4,x_2_0,x_2_1
6	-10	x_1_1,x_1_2,x_1_3,x_1_4,x_2_0,x_2_2
6	-20	x_1_1,x_1_2,x_1_3,x_1_4,x_2_0,x_2_4
6	28	x_1_1,x_1_2,x_1_3,x_1_4,x_2_1,x_2_2
6	38	x_1_1,x_1_2,x_1_3,x_1_4,x_2_1,x_2_3
6	18	x_1_1,x_1_2,x_1_3,x_1_4,x_2_1,x_2_4
6	-2	x_1_1,x_1_2,x_1_3,x_1_4,x_2_2,x_2_3
6	-24	x_1_1,x_1_2,x_1_3,x_1_4,x_2_2,x_2_4
6	-14	x_1_1,x_1_2,x_1_3,x_1_4,x_2_3,x_2_4
6	8	x_1_1,x_1_2,x_1_3,x_1_4,x_3_1,x_3_2
6	8	x_1_1,x_1_2,x_1_3,x_1_4,x_3_1,x_3_3
6	8	x_1_1,x_1_2,x_1_3,x_1_4,x_3_1,x_3_4
6	8	x_1_1,x_1_2,x_1_3,x_1_4,x_3_2,x_3_3
6	6	x_1_1,x_1_2,x_1_3,x_1_4,x_3_2,x_3_4
6	6	x_1_1,x_1_2,x_1_3,x_1_4,x_3_3,x_3_4
6	8	x_1_1,x_1_2,x_1_3,x_1_4,x_4_1,x_4_2
6	8	x_1_1,x_1_2,x_1_3,x_1_4,x_4_1,x_4_3
6	8	x_1_1,x_1_2,x_1_3,x_1_4,x_4_1,x_4_4
6	8	x_1_1,x_1_2,x_1_3,x_1_4,x_4_2,x_4_3
6	6	x_1_1,x_1_2,x_1_3,x_1_4,x_4_2,x_4_4
6	6	x_1_1,x_1_2,x_1_3,x_1_4,x_4_3,x_4_4
6	8	x_1_1,x_1_2,x_1_3,x_1_4,x_5_1,x_5_2
6	8	x_1_1,x_1_2,x_1_3,x_1_4,x_5_1,x_5_3
6	8	x_1_1,x_1_2,x_1_3,x_1_4,x_5_1,x_5_4
6	8	x_1_1,x_1_2,x_1_3,x_1_4,x_5_2,x_5_3
6	6	x_1_1,x_1_2,x_1_3,x_1_4,x_5_2,x_5_4
6	6	x_1_1,x_1_2,x_1_3,x_1_4,x_5_3,x_5_4
6	20	x_1_1,x_1_2,x_1_3,x_2_0,x_2_1,x_2_2
6	30	x_1_1,x_1_2,x_1_3,x_2_0,x_2_1,x_2_3
6	-10	x_1_1,x_1_2,x_1_3,x_2_0,x_2_2,x_2_3
6	-30	x_1_1,x_1_2,x_1_3,x_2_0,x_2_2,x_2_4
6	-20	x_1_1,x_1_2,x_1_3,x_2_0,x_2_3,x_2_4
6	56	x_1_1,x_1_2,x_1_3,x_2_1,x_2_2,x_2_3
6	18	x_1_1,x_1_2,x_1_3,x_2_1,x_2_2,x_2_4
6	28	x_1_1,x_1_2,x_1_3,x_2_1,x_2_3,x_2_4
6	-22	x_1_1,x_1_2,x_1_3,x_2_2,x_2_3,x_2_4
6	16	x_1_1,x_1_2,x_1_3,x_3_1,x_3_2,x_3_3
6	8	x_1_1,x_1_2,x_1_3,x_3_1,x_3_2,x_3_4
6	8	x_1_1,x_1_2,x_1_3,x_3_1,x_3_3,x_3_4
6	8	x_1_1,x_1_2,x_1_3,x_3_2,x_3_3,x_3_4
6	16	x_1_1,x_1_2,x_1_3,x_4_1,x_4_2,x_4_3
6	8	x_1_1,x_1_2,x_1_3,x_4_1,x_4_2,x_4_4
6	8	x_1_1,x_1_2,x_1_3,x_4_1,x_4_3,x_4_4
6	8	x_1_1,x_1_2,x_1_3,x_4_2,x_4_3,x_4_4
6	16	x_1_1,x_1_2,x_1_3,x_5_1,x_5_2,x_5_3
6	8	x_1_1,x_1_2,x_1_3,x_5_1,x_5_2,x_5_4
6	8	x_1_1,x_1_2,x_1_3,x_5_1,x_5_3,x_5_4
6	8	x_1_1,x_1_2,x_1_3,x_5_2,x_5_3,x_5_4
6	20	x_1_1,x_1_2,x_1_4,x_2_0,x_2_1,x_2_2
6	20	x_1_1,x_1_2,x_1_4,x_2_0,x_2_1,x_2_3
6	20	x_1_1,x_1_2,x_1_4,x_2_0,x_2_1,x_2_4
6	-20	x_1_1,x_1_2,x_1_4,x_2_0,x_2_2,x_2_4
6	-10	x_1_1,x_1_2,x_1_4,x_2_0,x_2_3,x_2_4
6	38	x_1_1,x_1_2,x_1_4,x_2_1,x_2_2,x_2_3
6	42	x_1_1,x_1_2,x_1_4,x_2_1,x_2_2,x_2_4
6	38	x_1_1,x_1_2,x_1_4,x_2_1,x_2_3,x_2_4
6	-4	x_1_1,x_1_2,x_1_4,x_2_2,x_2_3,x_2_4
6	8	x_1_1,x_1_2,x_1_4,x_3_1,x_3_2,x_3_3
6	12	x_1_1,x_1_2,x_1_4,x_3_1,x_3_2,x_3_4
6	8	x_1_1,x_1_2,x_1_4,x_3_1,x_3_3,x_3_4
6	6	x_1_1,x_1_2,x_1_4,x_3_2,x_3_3,x_3_4
6	8	x_1_1,x_1_2,x_1_4,x_4_1,x_4_2,x_4_3
6	12	x_1_1,x_1_2,x_1_4,x_4_1,x_4_2,x_4_4
6	8	x_1_1,x_1_2,x_1_4,x_4_1,x_4_3,x_4_4
6	6	x_1_1,x_1_2,x_1_4,x_4_2,x_4_3,x_4_4
6	8	x_1_1,x_1_2,x_1_4,x_5_1,x_5_2,x_5_3
6	12	x_1_1,x_1_2,x_1_4,x_5_1,x_5_2,x_5_4
6	8	x_1_1,x_1_2,x_1_4,x_5_1,x_5_3,x_5_4
6	6	x_1_1,x_1_2,x_1_4,x_5_2,x_5_3,x_5_4
6	30	x_1_1,x_1_2,x_2_0,x_2_1,x_2_2,x_2_3
6	20	x_1_1,x_1_2,x_2_0,x_2_1,x_2_2,x_2_4
6	20	x_1_1,x_1_2,x_2_0,x_2_1,x_2_3,x_2_4
6	-10	x_1_1,x_1_2,x_2_0,x_2_2,x_2_3,x_2_4
6	38	x_1_1,x_1_2,x_2_1,x_2_2,x_2_3,x_2_4
6	8	x_1_1,x_1_2,x_3_1,x_3_2,x_3_3,x_3_4
6	8	x_1_1,x_1_2,x_4_1,x_4_2,x_4_3,x_4_4
6	8	x_1_1,x_1_2,x_5_1,x_5_2,x_5_3,x_5_4
6	10	x_1_1,x_1_3,x_1_4,x_2_0,x_2_1,x_2_2
6	20	x_1_1,x_1_3,x_1_4,x_2_0,x_2_1,x_2_3
6	20	x_1_1,x_1_3,x_1_4,x_2_0,x_2_1,x_2_4
6	-20	x_1_1,x_1_3,x_1_4,x_2_0,x_2_2,x_2_3
6	-20	x_1_1,x_1_3,x_1_4,x_2_0,x_2_2,x_2_4
6	-20	x_1_1,x_1_3,x_1_4,x_2_0,x_2_3,x_2_4
6	18	x_1_1,x_1_3,x_1_4,x_2_1,x_2_2,x_2_3
6	28	x_1_1,x_1_3,x_1_4,x_2_1,x_2_2,x_2_4
6	42	x_1_1,x_1_3,x_1_4,x_2_1,x_2_3,x_2_4
6	-24	x_1_1,x_1_3,x_1_4,x_2_2,x_2_3,x_2_4
6	8	x_1_1,x_1_3,x_1_4,x_3_1,x_3_2,x_3_3
6	8	x_1_1,x_1_3,x_1_4,x_3_1,x_3_2,x_3_4
6	12	x_1_1,x_1_3,x_1_4,x_3_1,x_3_3,x_3_4
6	6	x_1_1,x_1_3,x_1_4,x_3_2,x_3_3,x_3_4
6	8	x_1_1,x_1_3,x_1_4,x_4_1,x_4_2,x_4_3
6	8	x_1_1,x_1_3,x_1_4,x_4_1,x_4_2,x_4_4
6	12	x_1_1,x_1_3,x_1_4,x_4_1,x_4_3,x_4_4
6	6	x_1_1,x_1_3,x_1_4,x_4_2,x_4_3,x_4_4
6	8	x_1_1,x_1_3,x_1_4,x_5_1,x_5_2,x_5_3
6	8	x_1_1,x_1_3,x_1_4,x_5_1,x_5_2,x_5_4
6	12	x_1_1,x_1_3,x_1_4,x_5_1,x_5_3,x_5_4
6	6	x_1_1,x_1_3,x_1_4,x_5_2,x_5_3,x_5_4
6	10	x_1_1,x_1_3,x_2_0,x_2_1,x_2_2,x_2_3
6	10	x_1_1,x_1_3,x_2_0,x_2_1,x_2_2,x_2_4
6	20	x_1_1,x_1_3,x_2_0,x_2_1,x_2_3,x_2_4
6	-30	x_1_1,x_1_3,x_2_0,x_2_2,x_2_3,x_2_4
6	18	x_1_1,x_1_3,x_2_1,x_2_2,x_2_3,x_2_4
6	8	x_1_1,x_1_3,x_3_1,x_3_2,x_3_3,x_3_4
6	8	x_1_1,x_1_3,x_4_1,x_4_2,x_4_3,x_4_4
6	8	x_1_1,x_1_3,x_5_1,x_5_2,x_5_3,x_5_4
6	10	x_1_1,x_1_4,x_2_0,x_2_1,x_2_2,x_2_3
6	20	x_1_1,x_1_4,x_2_0,x_2_1,x_2_2,x_2_4
6	20	x_1_1,x_1_4,x_2_0,x_2_1,x_2_3,x_2_4
6	-20	x_1_1,x_1_4,x_2_0,x_2_2,x_2_3,x_2_4
6	28	x_1_1,x_1_4,x_2_1,x_2_2,x_2_3,x_2_4
6	8	x_1_1,x_1_4,x_3_1,x_3_2,x_3_3,x_3_4
6	8	x_1_1,x_1_4,x_4_1,x_4_2,x_4_3,x_4_4
6	8	x_1_1,x_1_4,x_5_1,x_5_2,x_5_3,x_5_4
6	10	x_1_1,x_2_0,x_2_1,x_2_2,x_2_3,x_2_4
6	20	x_1_2,x_1_3,x_1_4,x_2_0,x_2_1,x_2_2
6	20	x_1_2,x_1_3,x_1_4,x_2_0,x_2_1,x_2_3
6	20	x_1_2,x_1_3,x_1_4,x_2_0,x_2_1,x_2_4
6	48	x_1_2,x_1_3,x_1_4,x_2_1,x_2_2,x_2_3
6	36	x_1_2,x_1_3,x_1_4,x_2_1,x_2_2,x_2_4
6	36	x_1_2,x_1_3,x_1_4,x_2_1,x_2_3,x_2_4
6	10	x_1_2,x_1_3,x_1_4,x_2_2,x_2_3,x_2_4
6	8	x_1_2,x_1_3,x_1_4,x_3_1,x_3_2,x_3_3
6	6	x_1_2,x_1_3,x_1_4,x_3_1,x_3_2,x_3_4
6	6	x_1_2,x_1_3,x_1_4,x_3_1,x_3_3,x_3_4
6	10	x_1_2,x_1_3,x_1_4,x_3_2,x_3_3,x_3_4
6	8	x_1_2,x_1_3,x_1_4,x_4_1,x_4_2,x_4_3
6	6	x_1_2,x_1_3,x_1_4,x_4_1,x_4_2,x_4_4
6	6	x_1_2,x_1_3,x_1_4,x_4_1,x_4_3,x_4_4
6	10	x_1_2,x_1_3,x_1_4,x_4_2,x_4_3,x_4_4
6	8	x_1_2,x_1_3,x_1_4,x_5_1,x_5_2,x_5_3
6	6	x_1_2,x_1_3,x_1_4,x_5_1,x_5_2,x_5_4
6	6	x_1_2,x_1_3,x_1_4,x_5_1,x_5_3,x_5_4
6	10	x_1_2,x_1_3,x_1_4,x_5_2,x_5_3,x_5_4
6	40	x_1_2,x_1_3,x_2_0,x_2_1,x_2_2,x_2_3
6	20	x_1_2,x_1_3,x_2_0,x_2_1,x_2_2,x_2_4
6	20	x_1_2,x_1_3,x_2_0,x_2_1,x_2_3,x_2_4
6	48	x_1_2,x_1_3,x_2_1,x_2_2,x_2_3,x_2_4
6	8	x_1_2,x_1_3,x_3_1,x_3_2,x_3_3,x_3_4
6	8	x_1_2,x_1_3,x_4_1,x_4_2,x_4_3,x_4_4
6	8	x_1_2,x_1_3,x_5_1,x_5_2,x_5_3,x_5_4
6	20	x_1_2,x_1_4,x_2_0,x_2_1,x_2_2,x_2_3
6	30	x_1_2,x_1_4,x_2_0,x_2_1,x_2_2,x_2_4
6	20	x_1_2,x_1_4,x_2_0,x_2_1,x_2_3,x_2_4
6	36	x_1_2,x_1_4,x_2_1,x_2_2,x_2_3,x_2_4
6	6	x_1_2,x_1_4,x_3_1,x_3_2,x_3_3,x_3_4
6	6	x_1_2,x_1_4,x_4_1,x_4_2,x_4_3,x_4_4
6	6	x_1_2,x_1_4,x_5_1,x_5_2,x_5_3,x_5_4
6	20	x_1_2,x_2_0,x_2_1,x_2_2,x_2_3,x_2_4
6	20	x_1_3,x_1_4,x_2_0,x_2_1,x_2_2,x_2_3
6	20	x_1_3,x_1_4,x_2_0,x_2_1,x_2_2,x_2_4
6	30	x_1_3,x_1_4,x_2_0,x_2_1,x_2_3,x_2_4
6	36	x_1_3,x_1_4,x_2_1,x_2_2,x_2_3,x_2_4
6	6	x_1_3,x_1_4,x_3_1,x_3_2,x_3_3,x_3_4
6	6	x_1_3,x_1_4,x_4_1,x_4_2,x_4_3,x_4_4
6	6	x_1_3,x_1_4,x_5_1,x_5_2,x_5_3,x_5_4
6	20	x_1_3,x_2_0,x_2_1,x_2_2,x_2_3,x_2_4
6	20	x_1_4,x_2_0,x_2_1,x_2_2,x_2_3,x_2_4
6	10	x_2_0,x_2_1,x_2_2,x_2_3,x_2_4,x_3_0
6	10	x_2_0,x_2_1,x_2_2,x_2_3,x_2_4,x_3_1
6	-10	x_2_0,x_2_1,x_2_2,x_2_3,x_2_4,x_3_2
6	-20	x_2_0,x_2_1,x_2_2,x_2_3,x_2_4,x_3_4
6	20	x_2_0,x_2_1,x_2_2,x_2_3,x_3_0,x_3_1
6	10	x_2_0,x_2_1,x_2_2,x_2_3,x_3_0,x_3_2
6	20	x_2_0,x_2_1,x_2_2,x_2_3,x_3_0,x_3_3
6	-10	x_2_0,x_2_1,x_2_2,x_2_3,x_3_0,x_3_4
6	20	x_2_0,x_2_1,x_2_2,x_2_3,x_3_1,x_3_2
6	30	x_2_0,x_2_1,x_2_2,x_2_3,x_3_1,x_3_3
6	-10	x_2_0,x_2_1,x_2_2,x_2_3,x_3_2,x_3_3
6	-30	x_2_0,x_2_1,x_2_2,x_2_3,x_3_2,x_3_4
6	-20	x_2_0,x_2_1,x_2_2,x_2_3,x_3_3,x_3_4
6	20	x_2_0,x_2_1,x_2_2,x_2_4,x_3_0,x_3_1
6	10	x_2_0,x_2_1,x_2_2,x_2_4,x_3_0,x_3_2
6	10	x_2_0,x_2_1,x_2_2,x_2_4,x_3_0,x_3_3
6	10	x_2_0,x_2_1,x_2_2,x_2_4,x_3_0,x_3_4
6	20	x_2_0,x_2_1,x_2_2,x_2_4,x_3_1,x_3_2
6	20	x_2_0,x_2_1,x_2_2,x_2_4,x_3_1,x_3_3
6	20	x_2_0,x_2_1,x_2_2,x_2_4,x_3_1,x_3_4
6	-20	x_2_0,x_2_1,x_2_2,x_2_4,x_3_2,x_3_4
6	-10	x_2_0,x_2_1,x_2_2,x_2_4,x_3_3,x_3_4
6	40	x_2_0,x_2_1,x_2_2,x_3_0,x_3_1,x_3_2
6	30	x_2_0,x_2_1,x_2_2,x_3_0,x_3_1,x_3_3
6	20	x_2_0,x_2_1,x_2_2,x_3_0,x_3_1,x_3_4
6	20	x_2_0,x_2_1,x_2_2,x_3_0,x_3_2,x_3_3
6	30	x_2_0,x_2_1,x_2_2,x_3_1,x_3_2,x_3_3
6	20	x_2_0,x_2_1,x_2_2,x_3_1,x_3_2,x_3_4
6	20	x_2_0,x_2_1,x_2_2,x_3_1,x_3_3,x_3_4
6	-10	x_2_0,x_2_1,x_2_2,x_3_2,x_3_3,x_3_4
6	20	x_2_0,x_2_1,x_2_3,x_2_4,x_3_0,x_3_1
6	10	x_2_0,x_2_1,x_2_3,x_2_4,x_3_0,x_3_3
6	10	x_2_0,x_2_1,x_2_3,x_2_4,x_3_0,x_3_4
6	10	x_2_0,x_2_1,x_2_3,x_2_4,x_3_1,x_3_2
6	20	x_2_0,x_2_1,x_2_3,x_2_4,x_3_1,x_3_3
6	20	x_2_0,x_2_1,x_2_3,x_2_4,x_3_1,x_3_4
6	-20	x_2_0,x_2_1,x_2_3,x_2_4,x_3_2,x_3_3
6	-20	x_2_0,x_2_1,x_2_3,x_2_4,x_3_2,x_3_4
6	-20	x_2_0,x_2_1,x_2_3,x_2_4,x_3_3,x_3_4
6	30	x_2_0,x_2_1,x_2_3,x_3_0,x_3_1,x_3_2
6	40	x_2_0,x_2_1,x_2_3,x_3_0,x_3_1,x_3_3
6	20	x_2_0,x_2_1,x_2_3,x_3_0,x_3_1,x_3_4
6	-10	x_2_0,x_2_1,x_2_3,x_3_0,x_3_2,x_3_4
6	10	x_2_0,x_2_1,x_2_3,x_3_1,x_3_2,x_3_3
6	10	x_2_0,x_2_1,x_2_3,x_3_1,x_3_2,x_3_4
6	20	x_2_0,x_2_1,x_2_3,x_3_1,x_3_3,x_3_4
6	-30	x_2_0,x_2_1,x_2_3,x_3_2,x_3_3,x_3_4
6	20	x_2_0,x_2_1,x_2_4,x_3_0,x_3_1,x_3_2
6	20	x_2_0,x_2_1,x_2_4,x_3_0,x_3_1,x_3_3
6	40	x_2_0,x_2_1,x_2_4,x_3_0,x_3_1,x_3_4
6	10	x_2_0,x_2_1,x_2_4,x_3_1,x_3_2,x_3_3
6	20	x_2_0,x_2_1,x_2_4,x_3_1,x_3_2,x_3_4
6	20	x_2_0,x_2_1,x_2_4,x_3_1,x_3_3,x_3_4
6	-20	x_2_0,x_2_1,x_2_4,x_3_2,x_3_3,x_3_4
6	20	x_2_0,x_2_1,x_3_0,x_3_1,x_3_2,x_3_3
6	20	x_2_0,x_2_1,x_3_0,x_3_1,x_3_2,x_3_4
6	20	x_2_0,x_2_1,x_3_0,x_3_1,x_3_3,x_3_4
6	-10	x_2_0,x_2_1,x_3_0,x_3_2,x_3_3,x_3_4
6	10	x_2_0,x_2_1,x_3_1,x_3_2,x_3_3,x_3_4
6	-10	x_2_0,x_2_2,x_2_3,x_2_4,x_3_0,x_3_1
6	20	x_2_0,x_2_2,x_2_3,x_2_4,x_3_1,x_3_2
6	20	x_2_0,x_2_2,x_2_3,x_2_4,x_3_1,x_3_3
6	20	x_2_0,x_2_2,x_2_3,x_2_4,x_3_1,x_3_4
6	20	x_2_0,x_2_2,x_2_3,x_3_0,x_3_1,x_3_2
6	40	x_2_0,x_2_2,x_2_3,x_3_1,x_3_2,x_3_3
6	20	x_2_0,x_2_2,x_2_3,x_3_1,x_3_2,x_3_4
6	20	x_2_0,x_2_2,x_2_3,x_3_1,x_3_3,x_3_4
6	-10	x_2_0,x_2_2,x_2_4,x_3_0,x_3_1,x_3_3
6	20	x_2_0,x_2_2,x_2_4,x_3_1,x_3_2,x_3_3
6	30	x_2_0,x_2_2,x_2_4,x_3_1,x_3_2,x_3_4
6	20	x_2_0,x_2_2,x_2_4,x_3_1,x_3_3,x_3_4
6	10	x_2_0,x_2_2,x_3_0,x_3_1,x_3_2,x_3_3
6	10	x_2_0,x_2_2,x_3_0,x_3_1,x_3_2,x_3_4
6	20	x_2_0,x_2_2,x_3_1,x_3_2,x_3_3,x_3_4
6	20	x_2_0,x_2_3,x_2_4,x_3_1,x_3_2,x_3_3
6	20	x_2_0,x_2_3,x_2_4,x_3_1,x_3_2,x_3_4
6	30	x_2_0,x_2_3,x_2_4,x_3_1,x_3_3,x_3_4
6	20	x_2_0,x_2_3,x_3_0,x_3_1,x_3_2,x_3_3
6	10	x_2_0,x_2_3,x_3_0,x_3_1,x_3_2,x_3_4
6	10	x_2_0,x_2_3,x_3_0,x_3_1,x_3_3,x_3_4
6	20	x_2_0,x_2_3,x_3_1,x_3_2,x_3_3,x_3_4
6	-10	x_2_0,x_2_4,x_3_0,x_3_1,x_3_2,x_3_3
6	10	x_2_0,x_2_4,x_3_0,x_3_1,x_3_2,x_3_4
6	10	x_2_0,x_2_4,x_3_0,x_3_1,x_3_3,x_3_4
6	20	x_2_0,x_2_4,x_3_1,x_3_2,x_3_3,x_3_4
6	10	x_2_0,x_3_0,x_3_1,x_3_2,x_3_3,x_3_4
6	10	x_2_1,x_2_2,x_2_3,x_2_4,x_3_0,x_3_1
6	-10	x_2_1,x_2_2,x_2_3,x_2_4,x_3_0,x_3_2
6	-20	x_2_1,x_2_2,x_2_3,x_2_4,x_3_0,x_3_4
6	28	x_2_1,x_2_2,x_2_3,x_2_4,x_3_1,x_3_2
6	38	x_2_1,x_2_2,x_2_3,x_2_4,x_3_1,x_3_3
6	18	x_2_1,x_2_2,x_2_3,x_2_4,x_3_1,x_3_4
6	-2	x_2_1,x_2_2,x_2_3,x_2_4,x_3_2,x_3_3
6	-24	x_2_1,x_2_2,x_2_3,x_2_4,x_3_2,x_3_4
6	-14	x_2_1,x_2_2,x_2_3,x_2_4,x_3_3,x_3_4
6	8	x_2_1,x_2_2,x_2_3,x_2_4,x_4_1,x_4_2
6	8	x_2_1,x_2_2,x_2_3,x_2_4,x_4_1,x_4_3
6	8	x_2_1,x_2_2,x_2_3,x_2_4,x_4_1,x_4_4
6	8	x_2_1,x_2_2,x_2_3,x_2_4,x_4_2,x_4_3
6	6	x_2_1,x_2_2,x_2_3,x_2_4,x_4_2,x_4_4
6	6	x_2_1,x_2_2,x_2_3,x_2_4,x_4_3,x_4_4
6	8	x_2_1,x_2_2,x_2_3,x_2_4,x_5_1,x_5_2
6	8	x_2_1,x_2_2,x_2_3,x_2_4,x_5_1,x_5_3
6	8	x_2_1,x_2_2,x_2_3,x_2_4,x_5_1,x_5_4
6	8	x_2_1,x_2_2,x_2_3,x_2_4,x_5_2,x_5_3
6	6	x_2_1,x_2_2,x_2_3,x_2_4,x_5_2,x_5_4
6	6	x_2_1,x_2_2,x_2_3,x_2_4,x_5_3,x_5_4
6	20	x_2_1,x_2_2,x_2_3,x_3_0,x_3_1,x_3_2
6	30	x_2_1,x_2_2,x_2_3,x_3_0,x_3_1,x_3_3
6	-10	x_2_1,x_2_2,x_2_3,x_3_0,x_3_2,x_3_3
6	-30	x_2_1,x_2_2,x_2_3,x_3_0,x_3_2,x_3_4
6	-20	x_2_1,x_2_2,x_2_3,x_3_0,x_3_3,x_3_4
6	56	x_2_1,x_2_2,x_2_3,x_3_1,x_3_2,x_3_3
6	18	x_2_1,x_2_2,x_2_3,x_3_1,x_3_2,x_3_4
6	28	x_2_1,x_2_2,x_2_3,x_3_1,x_3_3,x_3_4
6	-22	x_2_1,x_2_2,x_2_3,x_3_2,x_3_3,x_3_4
6	16	x_2_1,x_2_2,x_2_3,x_4_1,x_4_2,x_4_3
6	8	x_2_1,x_2_2,x_2_3,x_4_1,x_4_2,x_4_4
6	8	x_2_1,x_2_2,x_2_3,x_4_1,x_4_3,x_4_4
6	8	x_2_1,x_2_2,x_2_3,x_4_2,x_4_3,x_4_4
6	16	x_2_1,x_2_2,x_2_3,x_5_1,x_5_2,x_5_3
6	8	x_2_1,x_2_2,x_2_3,x_5_1,x_5_2,x_5_4
6	8	x_2_1,x_2_2,x_2_3,x_5_1,x_5_3,x_5_4
6	8	x_2_1,x_2_2,x_2_3,x_5_2,x_5_3,x_5_4
6	20	x_2_1,x_2_2,x_2_4,x_3_0,x_3_1,x_3_2
6	20	x_2_1,x_2_2,x_2_4,x_3_0,x_3_1,x_3_3
6	20	x_2_1,x_2_2,x_2_4,x_3_0,x_3_1,x_3_4
6	-20	x_2_1,x_2_2,x_2_4,x_3_0,x_3_2,x_3_4
6	-10	x_2_1,x_2_2,x_2_4,x_3_0,x_3_3,x_3_4
6	38	x_2_1,x_2_2,x_2_4,x_3_1,x_3_2,x_3_3
6	42	x_2_1,x_2_2,x_2_4,x_3_1,x_3_2,x_3_4
6	38	x_2_1,x_2_2,x_2_4,x_3_1,x_3_3,x_3_4
6	-4	x_2_1,x_2_2,x_2_4,x_3_2,x_3_3,x_3_4
6	8	x_2_1,x_2_2,x_2_4,x_4_1,x_4_2,x_4_3
6	12	x_2_1,x_2_2,x_2_4,x_4_1,x_4_2,x_4_4
6	8	x_2_1,x_2_2,x_2_4,x_4_1,x_4_3,x_4_4
6	6	x_2_1,x_2_2,x_2_4,x_4_2,x_4_3,x_4_4
6	8	x_2_1,x_2_2,x_2_4,x_5_1,x_5_2,x_5_3
6	12	x_2_1,x_2_2,x_2_4,x_5_1,x_5_2,x_5_4
6	8	x_2_1,x_2_2,x_2_4,x_5_1,x_5_3,x_5_4
6	6	x_2_1,x_2_2,x_2_4,x_5_2,x_5_3,x_5_4
6	30	x_2_1,x_2_2,x_3_0,x_3_1,x_3_2,x_3_3
6	20	x_2_1,x_2_2,x_3_0,x_3_1,x_3_2,x_3_4
6	20	x_2_1,x_2_2,x_3_0,x_3_1,x_3_3,x_3_4
6	-10	x_2_1,x_2_2,x_3_0,x_3_2,x_3_3,x_3_4
6	38	x_2_1,x_2_2,x_3_1,x_3_2,x_3_3,x_3_4
6	8	x_2_1,x_2_2,x_4_1,x_4_2,x_4_3,x_4_4
6	8	x_2_1,x_2_2,x_5_1,x_5_2,x_5_3,x_5_4
6	10	x_2_1,x_2_3,x_2_4,x_3_0,x_3_1,x_3_2
6	20	x_2_1,x_2_3,x_2_4,x_3_0,x_3_1,x_3_3
6	20	x_2_1,x_2_3,x_2_4,x_3_0,x_3_1,x_3_4
6	-20	x_2_1,x_2_3,x_2_4,x_3_0,x_3_2,x_3_3
6	-20	x_2_1,x_2_3,x_2_4,x_3_0,x_3_2,x_3_4
6	-20	x_2_1,x_2_3,x_2_4,x_3_0,x_3_3,x_3_4
6	18	x_2_1,x_2_3,x_2_4,x_3_1,x_3_2,x_3_3
6	28	x_2_1,x_2_3,x_2_4,x_3_1,x_3_2,x_3_4
6	42	x_2_1,x_2_3,x_2_4,x_3_1,x_3_3,x_3_4
6	-24	x_2_1,x_2_3,x_2_4,x_3_2,x_3_3,x_3_4
6	8	x_2_1,x_2_3,x_2_4,x_4_1,x_4_2,x_4_3
6	8	x_2_1,x_2_3,x_2_4,x_4_1,x_4_2,x_4_4
6	12	x_2_1,x_2_3,x_2_4,x_4_1,x_4_3,x_4_4
6	6	x_2_1,x_2_3,x_2_4,x_4_2,x_4_3,x_4_4
6	8	x_2_1,x_2_3,x_2_4,x_5_1,x_5_2,x_5_3
6	8	x_2_1,x_2_3,x_2_4,x_5_1,x_5_2,x_5_4
6	12	x_2_1,x_2_3,x_2_4,x_5_1,x_5_3,x_5_4
6	6	x_2_1,x_2_3,x_2_4,x_5_2,x_5_3,x_5_4
6	10	x_2_1,x_2_3,x_3_0,x_3_1,x_3_2,x_3_3
6	10	x_2_1,x_2_3,x_3_0,x_3_1,x_3_2,x_3_4
6	20	x_2_1,x_2_3,x_3_0,x_3_1,x_3_3,x_3_4
6	-30	x_2_1,x_2_3,x_3_0,x_3_2,x_3_3,x_3_4
6	18	x_2_1,x_2_3,x_3_1,x_3_2,x_3_3,x_3_4
6	8	x_2_1,x_2_3,x_4_1,x_4_2,x_4_3,x_4_4
6	8	x_2_1,x_2_3,x_5_1,x_5_2,x_5_3,x_5_4
6	10	x_2_1,x_2_4,x_3_0,x_3_1,x_3_2,x_3_3
6	20	x_2_1,x_2_4,x_3_0,x_3_1,x_3_2,x_3_4
6	20	x_2_1,x_2_4,x_3_0,x_3_1,x_3_3,x_3_4
6	-20	x_2_1,x_2_4,x_3_0,x_3_2,x_3_3,x_3_4
6	28	x_2_1,x_2_4,x_3_1,x_3_2,x_3_3,x_3_4
6	8	x_2_1,x_2_4,x_4_1,x_4_2,x_4_3,x_4_4
6	8	x_2_1,x_2_4,x_5_1,x_5_2,x_5_3,x_5_4
6	10	x_2_1,x_3_0,x_3_1,x_3_2,x_3_3,x_3_4
6	20	x_2_2,x_2_3,x_2_4,x_3_0,x_3_1,x_3_2
6	20	x_2_2,x_2_3,x_2_4,x_3_0,x_3_1,x_3_3
6	20	x_2_2,x_2_3,x_2_4,x_3_0,x_3_1,x_3_4
6	48	x_2_2,x_2_3,x_2_4,x_3_1,x_3_2,x_3_3
6	36	x_2_2,x_2_3,x_2_4,x_3_1,x_3_2,x_3_4
6	36	x_2_2,x_2_3,x_2_4,x_3_1,x_3_3,x_3_4
6	10	x_2_2,x_2_3,x_2_4,x_3_2,x_3_3,x_3_4
6	8	x_2_2,x_2_3,x_2_4,x_4_1,x_4_2,x_4_3
6	6	x_2_2,x_2_3,x_2_4,x_4_1,x_4_2,x_4_4
6	6	x_2_2,x_2_3,x_2_4,x_4_1,x_4_3,x_4_4
6	10	x_2_2,x_2_3,x_2_4,x_4_2,x_4_3,x_4_4
6	8	x_2_2,x_2_3,x_2_4,x_5_1,x_5_2,x_5_3
6	6	x_2_2,x_2_3,x_2_4,x_5_1,x_5_2,x_5_4
6	6	x_2_2,x_2_3,x_2_4,x_5_1,x_5_3,x_5_4
6	10	x_2_2,x_2_3,x_2_4,x_5_2,x_5_3,x_5_4
6	40	x_2_2,x_2_3,x_3_0,x_3_1,x_3_2,x_3_3
6	20	x_2_2,x_2_3,x_3_0,x_3_1,x_3_2,x_3_4
6	20	x_2_2,x_2_3,x_3_0,x_3_1,x_3_3,x_3_4
6	48	x_2_2,x_2_3,x_3_1,x_3_2,x_3_3,x_3_4
6	8	x_2_2,x_2_3,x_4_1,x_4_2,x_4_3,x_4_4
6	8	x_2_2,x_2_3,x_5_1,x_5_2,x_5_3,x_5_4
6	20	x_2_2,x_2_4,x_3_0,x_3_1,x_3_2,x_3_3
6	30	x_2_2,x_2_4,x_3_0,x_3_1,x_3_2,x_3_4
6	20	x_2_2,x_2_4,x_3_0,x_3_1,x_3_3,x_3_4
6	36	x_2_2,x_2_4,x_3_1,x_3_2,x_3_3,x_3_4
6	6	x_2_2,x_2_4,x_4_1,x_4_2,x_4_3,x_4_4
6	6	x_2_2,x_2_4,x_5_1,x_5_2,x_5_3,x_5_4
6	20	x_2_2,x_3_0,x_3_1,x_3_2,x_3_3,x_3_4
6	20	x_2_3,x_2_4,x_3_0,x_3_1,x_3_2,x_3_3
6	20	x_2_3,x_2_4,x_3_0,x_3_1,x_3_2,x_3_4
6	30	x_2_3,x_2_4,x_3_0,x_3_1,x_3_3,x_3_4
6	36	x_2_3,x_2_4,x_3_1,x_3_2,x_3_3,x_3_4
6	6	x_2_3,x_2_4,x_4_1,x_4_2,x_4_3,x_4_4
6	6	x_2_3,x_2_4,x_5_1,x_5_2,x_5_3,x_5_4
6	20	x_2_3,x_3_0,x_3_1,x_3_2,x_3_3,x_3_4
6	20	x_2_4,x_3_0,x_3_1,x_3_2,x_3_3,x_3_4
6	10	x_3_0,x_3_1,x_3_2,x_3_3,x_3_4,x_4_0
6	10	x_3_0,x_3_1,x_3_2,x_3_3,x_3_4,x_4_1
6	-10	x_3_0,x_3_1,x_3_2,x_3_3,x_3_4,x_4_2
6	-20	x_3_0,x_3_1,x_3_2,x_3_3,x_3_4,x_4_4
6	20	x_3_0,x_3_1,x_3_2,x_3_3,x_4_0,x_4_1
6	10	x_3_0,x_3_1,x_3_2,x_3_3,x_4_0,x_4_2
6	20	x_3_0,x_3_1,x_3_2,x_3_3,x_4_0,x_4_3
6	-10	x_3_0,x_3_1,x_3_2,x_3_3,x_4_0,x_4_4
6	20	x_3_0,x_3_1,x_3_2,x_3_3,x_4_1,x_4_2
6	30	x_3_0,x_3_1,x_3_2,x_3_3,x_4_1,x_4_3
6	-10	x_3_0,x_3_1,x_3_2,x_3_3,x_4_2,x_4_3
6	-30	x_3_0,x_3_1,x_3_2,x_3_3,x_4_2,x_4_4
6	-20	x_3_0,x_3_1,x_3_2,x_3_3,x_4_3,x_4_4
6	20	x_3_0,x_3_1,x_3_2,x_3_4,x_4_0,x_4_1
6	10	x_3_0,x_3_1,x_3_2,x_3_4,x_4_0,x_4_2
6	10	x_3_0,x_3_1,x_3_2,x_3_4,x_4_0,x_4_3
6	10	x_3_0,x_3_1,x_3_2,x_3_4,x_4_0,x_4_4
6	20	x_3_0,x_3_1,x_3_2,x_3_4,x_4_1,x_4_2
6	20	x_3_0,x_3_1,x_3_2,x_3_4,x_4_1,x_4_3
6	20	x_3_0,x_3_1,x_3_2,x_3_4,x_4_1,x_4_4
6	-20	x_3_0,x_3_1,x_3_2,x_3_4,x_4_2,x_4_4
6	-10	x_3_0,x_3_1,x_3_2,x_3_4,x_4_3,x_4_4
6	40	x_3_0,x_3_1,x_3_2,x_4_0,x_4_1,x_4_2
6	30	x_3_0,x_3_1,x_3_2,x_4_0,x_4_1,x_4_3
6	20	x_3_0,x_3_1,x_3_2,x_4_0,x_4_1,x_4_4
6	20	x_3_0,x_3_1,x_3_2,x_4_0,x_4_2,x_4_3
6	30	x_3_0,x_3_1,x_3_2,x_4_1,x_4_2,x_4_3
6	20	x_3_0,x_3_1,x_3_2,x_4_1,x_4_2,x_4_4
6	20	x_3_0,x_3_1,x_3_2,x_4_1,x_4_3,x_4_4
6	-10	x_3_0,x_3_1,x_3_2,x_4_2,x_4_3,x_4_4
6	20	x_3_0,x_3_1,x_3_3,x_3_4,x_4_0,x_4_1
6	10	x_3_0,x_3_1,x_3_3,x_3_4,x_4_0,x_4_3
6	10	x_3_0,x_3_1,x_3_3,x_3_4,x_4_0,x_4_4
6	10	x_3_0,x_3_1,x_3_3,x_3_4,x_4_1,x_4_2
6	20	x_3_0,x_3_1,x_3_3,x_3_4,x_4_1,x_4_3
6	20	x_3_0,x_3_1,x_3_3,x_3_4,x_4_1,x_4_4
6	-20	x_3_0,x_3_1,x_3_3,x_3_4,x_4_2,x_4_3
6	-20	x_3_0,x_3_1,x_3_3,x_3_4,x_4_2,x_4_4
6	-20	x_3_0,x_3_1,x_3_3,x_3_4,x_4_3,x_4_4
6	30	x_3_0,x_3_1,x_3_3,x_4_0,x_4_1,x_4_2
6	40	x_3_0,x_3_1,x_3_3,x_4_0,x_4_1,x_4_3
6	20	x_3_0,x_3_1,x_3_3,x_4_0,x_4_1,x_4_4
6	-10	x_3_0,x_3_1,x_3_3,x_4_0,x_4_2,x_4_4
6	10	x_3_0,x_3_1,x_3_3,x_4_1,x_4_2,x_4_3
6	10	x_3_0,x_3_1,x_3_3,x_4_1,x_4_2,x_4_4
6	20	x_3_0,x_3_1,x_3_3,x_4_1,x_4_3,x_4_4
6	-30	x_3_0,x_3_1,x_3_3,x_4_2,x_4_3,x_4_4
6	20	x_3_0,x_3_1,x_3_4,x_4_0,x_4_1,x_4_2
6	20	x_3_0,x_3_1,x_3_4,x_4_0,x_4_1,x_4_3
6	40	x_3_0,x_3_1,x_3_4,x_4_0,x_4_1,x_4_4
6	10	x_3_0,x_3_1,x_3_4,x_4_1,x_4_2,x_4_3
6	20	x_3_0,x_3_1,x_3_4,x_4_1,x_4_2,x_4_4
6	20	x_3_0,x_3_1,x_3_4,x_4_1,x_4_3,x_4_4
6	-20	x_3_0,x_3_1,x_3_4,x_4_2,x_4_3,x_4_4
6	20	x_3_0,x_3_1,x_4_0,x_4_1,x_4_2,x_4_3
6	20	x_3_0,x_3_1,x_4_0,x_4_1,x_4_2,x_4_4
6	20	x_3_0,x_3_1,x_4_0,x_4_1,x_4_3,x_4_4
6	-10	x_3_0,x_3_1,x_4_0,x_4_2,x_4_3,x_4_4
6	10	x_3_0,x_3_1,x_4_1,x_4_2,x_4_3,x_4_4
6	-10	x_3_0,x_3_2,x_3_3,x_3_4,x_4_0,x_4_1
6	20	x_3_0,x_3_2,x_3_3,x_3_4,x_4_1,x_4_2
6	20	x_3_0,x_3_2,x_3_3,x_3_4,x_4_1,x_4_3
6	20	x_3_0,x_3_2,x_3_3,x_3_4,x_4_1,x_4_4
6	20	x_3_0,x_3_2,x_3_3,x_4_0,x_4_1,x_4_2
6	40	x_3_0,x_3_2,x_3_3,x_4_1,x_4_2,x_4_3
6	20	x_3_0,x_3_2,x_3_3,x_4_1,x_4_2,x_4_4
6	20	x_3_0,x_3_2,x_3_3,x_4_1,x_4_3,x_4_4
6	-10	x_3_0,x_3_2,x_3_4,x_4_0,x_4_1,x_4_3
6	20	x_3_0,x_3_2,x_3_4,x_4_1,x_4_2,x_4_3
6	30	x_3_0,x_3_2,x_3_4,x_4_1,x_4_2,x_4_4
6	20	x_3_0,x_3_2,x_3_4,x_4_1,x_4_3,x_4_4
6	10	x_3_0,x_3_2,x_4_0,x_4_1,x_4_2,x_4_3
6	10	x_3_0,x_3_2,x_4_0,x_4_1,x_4_2,x_4_4
6	20	x_3_0,x_3_2,x_4_1,x_4_2,x_4_3,x_4_4
6	20	x_3_0,x_3_3,x_3_4,x_4_1,x_4_2,x_4_3
6	20	x_3_0,x_3_3,x_3_4,x_4_1,x_4_2,x_4_4
6	30	x_3_0,x_3_3,x_3_4,x_4_1,x_4_3,x_4_4
6	20	x_3_0,x_3_3,x_4_0,x_4_1,x_4_2,x_4_3
6	10	x_3_0,x_3_3,x_4_0,x_4_1,x_4_2,x_4_4
6	10	x_3_0,x_3_3,x_4_0,x_4_1,x_4_3,x_4_4
6	20	x_3_0,x_3_3,x_4_1,x_4_2,x_4_3,x_4_4
6	-10	x_3_0,x_3_4,x_4_0,x_4_1,x_4_2,x_4_3
6	10	x_3_0,x_3_4,x_4_0,x_4_1,x_4_2,x_4_4
6	10	x_3_0,x_3_4,x_4_0,x_4_1,x_4_3,x_4_4
6	20	x_3_0,x_3_4,x_4_1,x_4_2,x_4_3,x_4_4
6	10	x_3_0,x_4_0,x_4_1,x_4_2,x_4_3,x_4_4
6	10	x_3_1,x_3_2,x_3_3,x_3_4,x_4_0,x_4_1
6	-10	x_3_1,x_3_2,x_3_3,x_3_4,x_4_0,x_4_2
6	-20	x_3_1,x_3_2,x_3_3,x_3_4,x_4_0,x_4_4
6	28	x_3_1,x_3_2,x_3_3,x_3_4,x_4_1,x_4_2
6	38	x_3_1,x_3_2,x_3_3,x_3_4,x_4_1,x_4_3
6	18	x_3_1,x_3_2,x_3_3,x_3_4,x_4_1,x_4_4
6	-2	x_3_1,x_3_2,x_3_3,x_3_4,x_4_2,x_4_3
6	-24	x_3_1,x_3_2,x_3_3,x_3_4,x_4_2,x_4_4
6	-14	x_3_1,x_3_2,x_3_3,x_3_4,x_4_3,x_4_4
6	8	x_3_1,x_3_2,x_3_3,x_3_4,x_5_1,x_5_2
6	8	x_3_1,x_3_2,x_3_3,x_3_4,x_5_1,x_5_3
6	8	x_3_1,x_3_2,x_3_3,x_3_4,x_5_1,x_5_4
6	8	x_3_1,x_3_2,x_3_3,x_3_4,x_5_2,x_5_3
6	6	x_3_1,x_3_2,x_3_3,x_3_4,x_5_2,x_5_4
6	6	x_3_1,x_3_2,x_3_3,x_3_4,x_5_3,x_5_4
6	20	x_3_1,x_3_2,x_3_3,x_4_0,x_4_1,x_4_2
6	30	x_3_1,x_3_2,x_3_3,x_4_0,x_4_1,x_4_3
6	-10	x_3_1,x_3_2,x_3_3,x_4_0,x_4_2,x_4_3
6	-30	x_3_1,x_3_2,x_3_3,x_4_0,x_4_2,x_4_4
6	-20	x_3_1,x_3_2,x_3_3,x_4_0,x_4_3,x_4_4
6	56	x_3_1,x_3_2,x_3_3,x_4_1,x_4_2,x_4_3
6	18	x_3_1,x_3_2,x_3_3,x_4_1,x_4_2,x_4_4
6	28	x_3_1,x_3_2,x_3_3,x_4_1,x_4_3,x_4_4
6	-22	x_3_1,x_3_2,x_3_3,x_4_2,x_4_3,x_4_4
6	16	x_3_1,x_3_2,x_3_3,x_5_1,x_5_2,x_5_3
6	8	x_3_1,x_3_2,x_3_3,x_5_1,x_5_2,x_5_4
6	8	x_3_1,x_3_2,x_3_3,x_5_1,x_5_3,x_5_4
6	8	x_3_1,x_3_2,x_3_3,x_5_2,x_5_3,x_5_4
6	20	x_3_1,x_3_2,x_3_4,x_4_0,x_4_1,x_4_2
6	20	x_3_1,x_3_2,x_3_4,x_4_0,x_4_1,x_4_3
6	20	x_3_1,x_3_2,x_3_4,x_4_0,x_4_1,x_4_4
6	-20	x_3_1,x_3_2,x_3_4,x_4_0,x_4_2,x_4_4
6	-10	x_3_1,x_3_2,x_3_4,x_4_0,x_4_3,x_4_4
6	38	x_3_1,x_3_2,x_3_4,x_4_1,x_4_2,x_4_3
6	42	x_3_1,x_3_2,x_3_4,x_4_1,x_4_2,x_4_4
6	38	x_3_1,x_3_2,x_3_4,x_4_1,x_4_3,x_4_4
6	-4	x_3_1,x_3_2,x_3_4,x_4_2,x_4_3,x_4_4
6	8	x_3_1,x_3_2,x_3_4,x_5_1,x_5_2,x_5_3
6	12	x_3_1,x_3_2,x_3_4,x_5_1,x_5_2,x_5_4
6	8	x_3_1,x_3_2,x_3_4,x_5_1,x_5_3,x_5_4
6	6	x_3_1,x_3_2,x_3_4,x_5_2,x_5_3,x_5_4
6	30	x_3_1,x_3_2,x_4_0,x_4_1,x_4_2,x_4_3
6	20	x_3_1,x_3_2,x_4_0,x_4_1,x_4_2,x_4_4
6	20	x_3_1,x_3_2,x_4_0,x_4_1,x_4_3,x_4_4
6	-10	x_3_1,x_3_2,x_4_0,x_4_2,x_4_3,x_4_4
6	38	x_3_1,x_3_2,x_4_1,x_4_2,x_4_3,x_4_4
6	8	x_3_1,x_3_2,x_5_1,x_5_2,x_5_3,x_5_4
6	10	x_3_1,x_3_3,x_3_4,x_4_0,x_4_1,x_4_2
6	20	x_3_1,x_3_3,x_3_4,x_4_0,x_4_1,x_4_3
6	20	x_3_1,x_3_3,x_3_4,x_4_0,x_4_1,x_4_4
6	-20	x_3_1,x_3_3,x_3_4,x_4_0,x_4_2,x_4_3
6	-20	x_3_1,x_3_3,x_3_4,x_4_0,x_4_2,x_4_4
6	-20	x_3_1,x_3_3,x_3_4,x_4_0,x_4_3,x_4_4
6	18	x_3_1,x_3_3,x_3_4,x_4_1,x_4_2,x_4_3
6	28	x_3_1,x_3_3,x_3_4,x_4_1,x_4_2,x_4_4
6	42	x_3_1,x_3_3,x_3_4,x_4_1,x_4_3,x_4_4
6	-24	x_3_1,x_3_3,x_3_4,x_4_2,x_4_3,x_4_4
6	8	x_3_1,x_3_3,x_3_4,x_5_1,x_5_2,x_5_3
6	8	x_3_1,x_3_3,x_3_4,x_5_1,x_5_2,x_5_4
6	12	x_3_1,x_3_3,x_3_4,x_5_1,x_5_3,x_5_4
6	6	x_3_1,x_3_3,x_3_4,x_5_2,x_5_3,x_5_4
6	10	x_3_1,x_3_3,x_4_0,x_4_1,x_4_2,x_4_3
6	10	x_3_1,x_3_3,x_4_0,x_4_1,x_4_2,x_4_4
6	20	x_3_1,x_3_3,x_4_0,x_4_1,x_4_3,x_4_4
6	-30	x_3_1,x_3_3,x_4_0,x_4_2,x_4_3,x_4_4
6	18	x_3_1,x_3_3,x_4_1,x_4_2,x_4_3,x_4_4
6	8	x_3_1,x_3_3,x_5_1,x_5_2,x_5_3,x_5_4
6	10	x_3_1,x_3_4,x_4_0,x_4_1,x_4_2,x_4_3
6	20	x_3_1,x_3_4,x_4_0,x_4_1,x_4_2,x_4_4
6	20	x_3_1,x_3_4,x_4_0,x_4_1,x_4_3,x_4_4
6	-20	x_3_1,x_3_4,x_4_0,x_4_2,x_4_3,x_4_4
6	28	x_3_1,x_3_4,x_4_1,x_4_2,x_4_3,x_4_4
6	8	x_3_1,x_3_4,x_5_1,x_5_2,x_5_3,x_5_4
6	10	x_3_1,x_4_0,x_4_1,x_4_2,x_4_3,x_4_4
6	20	x_3_2,x_3_3,x_3_4,x_4_0,x_4_1,x_4_2
6	20	x_3_2,x_3_3,x_3_4,x_4_0,x_4_1,x_4_3
6	20	x_3_2,x_3_3,x_3_4,x_4_0,x_4_1,x_4_4
6	48	x_3_2,x_3_3,x_3_4,x_4_1,x_4_2,x_4_3
6	36	x_3_2,x_3_3,x_3_4,x_4_1,x_4_2,x_4_4
6	36	x_3_2,x_3_3,x_3_4,x_4_1,x_4_3,x_4_4
6	10	x_3_2,x_3_3,x_3_4,x_4_2,x_4_3,x_4_4
6	8	x_3_2,x_3_3,x_3_4,x_5_1,x_5_2,x_5_3
6	6	x_3_2,x_3_3,x_3_4,x_5_1,x_5_2,x_5_4
6	6	x_3_2,x_3_3,x_3_4,x_5_1,x_5_3,x_5_4
6	10	x_3_2,x_3_3,x_3_4,x_5_2,x_5_3,x_5_4
6	40	x_3_2,x_3_3,x_4_0,x_4_1,x_4_2,x_4_3
6	20	x_3_2,x_3_3,x_4_0,x_4_1,x_4_2,x_4_4
6	20	x_3_2,x_3_3,x_4_0,x_4_1,x_4_3,x_4_4
6	48	x_3_2,x_3_3,x_4_1,x_4_2,x_4_3,x_4_4
6	8	x_3_2,x_3_3,x_5_1,x_5_2,x_5_3,x_5_4
6	20	x_3_2,x_3_4,x_4_0,x_4_1,x_4_2,x_4_3
6	30	x_3_2,x_3_4,x_4_0,x_4_1,x_4_2,x_4_4
6	20	x_3_2,x_3_4,x_4_0,x_4_1,x_4_3,x_4_4
6	36	x_3_2,x_3_4,x_4_1,x_4_2,x_4_3,x_4_4
6	6	x_3_2,x_3_4,x_5_1,x_5_2,x_5_3,x_5_4
6	20	x_3_2,x_4_0,x_4_1,x_4_2,x_4_3,x_4_4
6	20	x_3_3,x_3_4,x_4_0,x_4_1,x_4_2,x_4_3
6	20	x_3_3,x_3_4,x_4_0,x_4_1,x_4_2,x_4_4
6	30	x_3_3,x_3_4,x_4_0,x_4_1,x_4_3,x_4_4
6	36	x_3_3,x_3_4,x_4_1,x_4_2,x_4_3,x_4_4
6	6	x_3_3,x_3_4,x_5_1,x_5_2,x_5_3,x_5_4
6	20	x_3_3,x_4_0,x_4_1,x_4_2,x_4_3,x_4_4
6	20	x_3_4,x_4_0,x_4_1,x_4_2,x_4_3,x_4_4
6	10	x_4_0,x_4_1,x_4_2,x_4_3,x_4_4,x_5_0
6	10	x_4_0,x_4_1,x_4_2,x_4_3,x_4_4,x_5_1
6	-10	x_4_0,x_4_1,x_4_2,x_4_3,x_4_4,x_5_2
6	-20	x_4_0,x_4_1,x_4_2,x_4_3,x_4_4,x_5_4
6	20	x_4_0,x_4_1,x_4_2,x_4_3,x_5_0,x_5_1
6	10	x_4_0,x_4_1,x_4_2,x_4_3,x_5_0,x_5_2
6	20	x_4_0,x_4_1,x_4_2,x_4_3,x_5_0,x_5_3
6	-10	x_4_0,x_4_1,x_4_2,x_4_3,x_5_0,x_5_4
6	20	x_4_0,x_4_1,x_4_2,x_4_3,x_5_1,x_5_2
6	30	x_4_0,x_4_1,x_4_2,x_4_3,x_5_1,x_5_3
6	-10	x_4_0,x_4_1,x_4_2,x_4_3,x_5_2,x_5_3
6	-30	x_4_0,x_4_1,x_4_2,x_4_3,x_5_2,x_5_4
6	-20	x_4_0,x_4_1,x_4_2,x_4_3,x_5_3,x_5_4
6	20	x_4_0,x_4_1,x_4_2,x_4_4,x_5_0,x_5_1
6	10	x_4_0,x_4_1,x_4_2,x_4_4,x_5_0,x_5_2
6	10	x_4_0,x_4_1,x_4_2,x_4_4,x_5_0,x_5_3
6	10	x_4_0,x_4_1,x_4_2,x_4_4,x_5_0,x_5_4
6	20	x_4_0,x_4_1,x_4_2,x_4_4,x_5_1,x_5_2
6	20	x_4_0,x_4_1,x_4_2,x_4_4,x_5_1,x_5_3
6	20	x_4_0,x_4_1,x_4_2,x_4_4,x_5_1,x_5_4
6	-20	x_4_0,x_4_1,x_4_2,x_4_4,x_5_2,x_5_4
6	-10	x_4_0,x_4_1,x_4_2,x_4_4,x_5_3,x_5_4
6	40	x_4_0,x_4_1,x_4_2,x_5_0,x_5_1,x_5_2
6	30	x_4_0,x_4_1,x_4_2,x_5_0,x_5_1,x_5_3
6	20	x_4_0,x_4_1,x_4_2,x_5_0,x_5_1,x_5_4
6	20	x_4_0,x_4_1,x_4_2,x_5_0,x_5_2,x_5_3
6	30	x_4_0,x_4_1,x_4_2,x_5_1,x_5_2,x_5_3
6	20	x_4_0,x_4_1,x_4_2,x_5_1,x_5_2,x_5_4
6	20	x_4_0,x_4_1,x_4_2,x_5_1,x_5_3,x_5_4
6	-10	x_4_0,x_4_1,x_4_2,x_5_2,x_5_3,x_5_4
6	20	x_4_0,x_4_1,x_4_3,x_4_4,x_5_0,x_5_1
6	10	x_4_0,x_4_1,x_4_3,x_4_4,x_5_0,x_5_3
6	10	x_4_0,x_4_1,x_4_3,x_4_4,x_5_0,x_5_4
6	10	x_4_0,x_4_1,x_4_3,x_4_4,x_5_1,x_5_2
6	20	x_4_0,x_4_1,x_4_3,x_4_4,x_5_1,x_5_3
6	20	x_4_0,x_4_1,x_4_3,x_4_4,x_5_1,x_5_4
6	-20	x_4_0,x_4_1,x_4_3,x_4_4,x_5_2,x_5_3
6	-20	x_4_0,x_4_1,x_4_3,x_4_4,x_5_2,x_5_4
6	-20	x_4_0,x_4_1,x_4_3,x_4_4,x_5_3,x_5_4
6	30	x_4_0,x_4_1,x_4_3,x_5_0,x_5_1,x_5_2
6	40	x_4_0,x_4_1,x_4_3,x_5_0,x_5_1,x_5_3
6	20	x_4_0,x_4_1,x_4_3,x_5_0,x_5_1,x_5_4
6	-10	x_4_0,x_4_1,x_4_3,x_5_0,x_5_2,x_5_4
6	10	x_4_0,x_4_1,x_4_3,x_5_1,x_5_2,x_5_3
6	10	x_4_0,x_4_1,x_4_3,x_5_1,x_5_2,x_5_4
6	20	x_4_0,x_4_1,x_4_3,x_5_1,x_5_3,x_5_4
6	-30	x_4_0,x_4_1,x_4_3,x_5_2,x_5_3,x_5_4
6	20	x_4_0,x_4_1,x_4_4,x_5_0,x_5_1,x_5_2
6	20	x_4_0,x_4_1,x_4_4,x_5_0,x_5_1,x_5_3
6	40	x_4_0,x_4_1,x_4_4,x_5_0,x_5_1,x_5_4
6	10	x_4_0,x_4_1,x_4_4,x_5_1,x_5_2,x_5_3
6	20	x_4_0,x_4_1,x_4_4,x_5_1,x_5_2,x_5_4
6	20	x_4_0,x_4_1,x_4_4,x_5_1,x_5_3,x_5_4
6	-20	x_4_0,x_4_1,x_4_4,x_5_2,x_5_3,x_5_4
6	20	x_4_0,x_4_1,x_5_0,x_5_1,x_5_2,x_5_3
6	20	x_4_0,x_4_1,x_5_0,x_5_1,x_5_2,x_5_4
6	20	x_4_0,x_4_1,x_5_0,x_5_1,x_5_3,x_5_4
6	-10	x_4_0,x_4_1,x_5_0,x_5_2,x_5_3,x_5_4
6	10	x_4_0,x_4_1,x_5_1,x_5_2,x_5_3,x_5_4
6	-10	x_4_0,x_4_2,x_4_3,x_4_4,x_5_0,x_5_1
6	20	x_4_0,x_4_2,x_4_3,x_4_4,x_5_1,x_5_2
6	20	x_4_0,x_4_2,x_4_3,x_4_4,x_5_1,x_5_3
6	20	x_4_0,x_4_2,x_4_3,x_4_4,x_5_1,x_5_4
6	20	x_4_0,x_4_2,x_4_3,x_5_0,x_5_1,x_5_2
6	40	x_4_0,x_4_2,x_4_3,x_5_1,x_5_2,x_5_3
6	20	x_4_0,x_4_2,x_4_3,x_5_1,x_5_2,x_5_4
6	20	x_4_0,x_4_2,x_4_3,x_5_1,x_5_3,x_5_4
6	-10	x_4_0,x_4_2,x_4_4,x_5_0,x_5_1,x_5_3
6	20	x_4_0,x_4_2,x_4_4,x_5_1,x_5_2,x_5_3
6	30	x_4_0,x_4_2,x_4_4,x_5_1,x_5_2,x_5_4
6	20	x_4_0,x_4_2,x_4_4,x_5_1,x_5_3,x_5_4
6	10	x_4_0,x_4_2,x_5_0,x_5_1,x_5_2,x_5_3
6	10	x_4_0,x_4_2,x_5_0,x_5_1,x_5_2,x_5_4
6	20	x_4_0,x_4_2,x_5_1,x_5_2,x_5_3,x_5_4
6	20	x_4_0,x_4_3,x_4_4,x_5_1,x_5_2,x_5_3
6	20	x_4_0,x_4_3,x_4_4,x_5_1,x_5_2,x_5_4
6	30	x_4_0,x_4_3,x_4_4,x_5_1,x_5_3,x_5_4
6	20	x_4_0,x_4_3,x_5_0,x_5_1,x_5_2,x_5_3
6	10	x_4_0,x_4_3,x_5_0,x_5_1,x_5_2,x_5_4
6	10	x_4_0,x_4_3,x_5_0,x_5_1,x_5_3,x_5_4
6	20	x_4_0,x_4_3,x_5_1,x_5_2,x_5_3,x_5_4
6	-10	x_4_0,x_4_4,x_5_0,x_5_1,x_5_2,x_5_3
6	10	x_4_0,x_4_4,x_5_0,x_5_1,x_5_2,x_5_4
6	10	x_4_0,x_4_4,x_5_0,x_5_1,x_5_3,x_5_4
6	20	x_4_0,x_4_4,x_5_1,x_5_2,x_5_3,x_5_4
6	10	x_4_0,x_5_0,x_5_1,x_5_2,x_5_3,x_5_4
6	10	x_4_1,x_4_2,x_4_3,x_4_4,x_5_0,x_5_1
6	-10	x_4_1,x_4_2,x_4_3,x_4_4,x_5_0,x_5_2
6	-20	x_4_1,x_4_2,x_4_3,x_4_4,x_5_0,x_5_4
6	28	x_4_1,x_4_2,x_4_3,x_4_4,x_5_1,x_5_2
6	38	x_4_1,x_4_2,x_4_3,x_4_4,x_5_1,x_5_3
6	18	x_4_1,x_4_2,x_4_3,x_4_4,x_5_1,x_5_4
6	-2	x_4_1,x_4_2,x_4_3,x_4_4,x_5_2,x_5_3
6	-24	x_4_1,x_4_2,x_4_3,x_4_4,x_5_2,x_5_4
6	-14	x_4_1,x_4_2,x_4_3,x_4_4,x_5_3,x_5_4
6	20	x_4_1,x_4_2,x_4_3,x_5_0,x_5_1,x_5_2
6	30	x_4_1,x_4_2,x_4_3,x_5_0,x_5_1,x_5_3
6	-10	x_4_1,x_4_2,x_4_3,x_5_0,x_5_2,x_5_3
6	-30	x_4_1,x_4_2,x_4_3,x_5_0,x_5_2,x_5_4
6	-20	x_4_1,x_4_2,x_4_3,x_5_0,x_5_3,x_5_4
6	56	x_4_1,x_4_2,x_4_3,x_5_1,x_5_2,x_5_3
6	18	x_4_1,x_4_2,x_4_3,x_5_1,x_5_2,x_5_4
6	28	x_4_1,x_4_2,x_4_3,x_5_1,x_5_3,x_5_4
6	-22	x_4_1,x_4_2,x_4_3,x_5_2,x_5_3,x_5_4
6	20	x_4_1,x_4_2,x_4_4,x_5_0,x_5_1,x_5_2
6	20	x_4_1,x_4_2,x_4_4,x_5_0,x_5_1,x_5_3
6	20	x_4_1,x_4_2,x_4_4,x_5_0,x_5_1,x_5_4
6	-20	x_4_1,x_4_2,x_4_4,x_5_0,x_5_2,x_5_4
6	-10	x_4_1,x_4_2,x_4_4,x_5_0,x_5_3,x_5_4
6	38	x_4_1,x_4_2,x_4_4,x_5_1,x_5_2,x_5_3
6	42	x_4_1,x_4_2,x_4_4,x_5_1,x_5_2,x_5_4
6	38	x_4_1,x_4_2,x_4_4,x_5_1,x_5_3,x_5_4
6	-4	x_4_1,x_4_2,x_4_4,x_5_2,x_5_3,x_5_4
6	30	x_4_1,x_4_2,x_5_0,x_5_1,x_5_2,x_5_3
6	20	x_4_1,x_4_2,x_5_0,x_5_1,x_5_2,x_5_4
6	20	x_4_1,x_4_2,x_5_0,x_5_1,x_5_3,x_5_4
6	-10	x_4_1,x_4_2,x_5_0,x_5_2,x_5_3,x_5_4
6	38	x_4_1,x_4_2,x_5_1,x_5_2,x_5_3,x_5_4
6	10	x_4_1,x_4_3,x_4_4,x_5_0,x_5_1,x_5_2
6	20	x_4_1,x_4_3,x_4_4,x_5_0,x_5_1,x_5_3
6	20	x_4_1,x_4_3,x_4_4,x_5_0,x_5_1,x_5_4
6	-20	x_4_1,x_4_3,x_4_4,x_5_0,x_5_2,x_5_3
6	-20	x_4_1,x_4_3,x_4_4,x_5_0,x_5_2,x_5_4
6	-20	x_4_1,x_4_3,x_4_4,x_5_0,x_5_3,x_5_4
6	18	x_4_1,x_4_3,x_4_4,x_5_1,x_5_2,x_5_3
6	28	x_4_1,x_4_3,x_4_4,x_5_1,x_5_2,x_5_4
6	42	x_4_1,x_4_3,x_4_4,x_5_1,x_5_3,x_5_4
6	-24	x_4_1,x_4_3,x_4_4,x_5_2,x_5_3,x_5_4
6	10	x_4_1,x_4_3,x_5_0,x_5_1,x_5_2,x_5_3
6	10	x_4_1,x_4_3,x_5_0,x_5_1,x_5_2,x_5_4
6	20	x_4_1,x_4_3,x_5_0,x_5_1,x_5_3,x_5_4
6	-30	x_4_1,x_4_3,x_5_0,x_5_2,x_5_3,x_5_4
6	18	x_4_1,x_4_3,x_5_1,x_5_2,x_5_3,x_5_4
6	10	x_4_1,x_4_4,x_5_0,x_5_1,x_5_2,x_5_3
6	20	x_4_1,x_4_4,x_5_0,x_5_1,x_5_2,x_5_4
6	20	x_4_1,x_4_4,x_5_0,x_5_1,x_5_3,x_5_4
6	-20	x_4_1,x_4_4,x_5_0,x_5_2,x_5_3,x_5_4
6	28	x_4_1,x_4_4,x_5_1,x_5_2,x_5_3,x_5_4
6	10	x_4_1,x_5_0,x_5_1,x_5_2,x_5_3,x_5_4
6	20	x_4_2,x_4_3,x_4_4,x_5_0,x_5_1,x_5_2
6	20	x_4_2,x_4_3,x_4_4,x_5_0,x_5_1,x_5_3
6	20	x_4_2,x_4_3,x_4_4,x_5_0,x_5_1,x_5_4
6	48	x_4_2,x_4_3,x_4_4,x_5_1,x_5_2,x_5_3
6	36	x_4_2,x_4_3,x_4_4,x_5_1,x_5_2,x_5_4
6	36	x_4_2,x_4_3,x_4_4,x_5_1,x_5_3,x_5_4
6	10	x_4_2,x_4_3,x_4_4,x_5_2,x_5_3,x_5_4
6	40	x_4_2,x_4_3,x_5_0,x_5_1,x_5_2,x_5_3
6	20	x_4_2,x_4_3,x_5_0,x_5_1,x_5_2,x_5_4
6	20	x_4_2,x_4_3,x_5_0,x_5_1,x_5_3,x_5_4
6	48	x_4_2,x_4_3,x_5_1,x_5_2,x_5_3,x_5_4
6	20	x_4_2,x_4_4,x_5_0,x_5_1,x_5_2,x_5_3
6	30	x_4_2,x_4_4,x_5_0,x_5_1,x_5_2,x_5_4
6	20	x_4_2,x_4_4,x_5_0,x_5_1,x_5_3,x_5_4
6	36	x_4_2,x_4_4,x_5_1,x_5_2,x_5_3,x_5_4
6	20	x_4_2,x_5_0,x_5_1,x_5_2,x_5_3,x_5_4
6	20	x_4_3,x_4_4,x_5_0,x_5_1,x_5_2,x_5_3
6	20	x_4_3,x_4_4,x_5_0,x_5_1,x_5_2,x_5_4
6	30	x_4_3,x_4_4,x_5_0,x_5_1,x_5_3,x_5_4
6	36	x_4_3,x_4_4,x_5_1,x_5_2,x_5_3,x_5_4
6	20	x_4_3,x_5_0,x_5_1,x_5_2,x_5_3,x_5_4
6	20	x_4_4,x_5_0,x_5_1,x_5_2,x_5_3,x_5_4
7	-20	x_0_0,x_0_1,x_0_2,x_0_3,x_0_4,x_1_0,x_1_1
7	-10	x_0_0,x_0_1,x_0_2,x_0_3,x_0_4,x_1_0,x_1_2
7	-20	x_0_0,x_0_1,x_0_2,x_0_3,x_0_4,x_1_0,x_1_3
7	-20	x_0_0,x_0_1,x_0_2,x_0_3,x_0_4,x_1_1,x_1_2
7	-30	x_0_0,x_0_1,x_0_2,x_0_3,x_0_4,x_1_1,x_1_3
7	-10	x_0_0,x_0_1,x_0_2,x_0_3,x_0_4,x_1_1,x_1_4
7	10	x_0_0,x_0_1,x_0_2,x_0_3,x_0_4,x_1_2,x_1_3
7	30	x_0_0,x_0_1,x_0_2,x_0_3,x_0_4,x_1_2,x_1_4
7	20	x_0_0,x_0_1,x_0_2,x_0_3,x_0_4,x_1_3,x_1_4
7	-50	x_0_0,x_0_1,x_0_2,x_0_3,x_1_0,x_1_1,x_1_2
7	-40	x_0_0,x_0_1,x_0_2,x_0_3,x_1_0,x_1_1,x_1_3
7	-10	x_0_0,x_0_1,x_0_2,x_0_3,x_1_0,x_1_1,x_1_4
7	-30	x_0_0,x_0_1,x_0_2,x_0_3,x_1_0,x_1_2,x_1_3
7	10	x_0_0,x_0_1,x_0_2,x_0_3,x_1_0,x_1_2,x_1_4
7	-40	x_0_0,x_0_1,x_0_2,x_0_3,x_1_1,x_1_2,x_1_3
7	-10	x_0_0,x_0_1,x_0_2,x_0_3,x_1_1,x_1_2,x_1_4
7	-20	x_0_0,x_0_1,x_0_2,x_0_3,x_1_1,x_1_3,x_1_4
7	30	x_0_0,x_0_1,x_0_2,x_0_3,x_1_2,x_1_3,x_1_4
7	-40	x_0_0,x_0_1,x_0_2,x_0_4,x_1_0,x_1_1,x_1_2
7	-30	x_0_0,x_0_1,x_0_2,x_0_4,x_1_0,x_1_1,x_1_3
7	-40	x_0_0,x_0_1,x_0_2,x_0_4,x_1_0,x_1_1,x_1_4
7	-20	x_0_0,x_0_1,x_0_2,x_0_4,x_1_0,x_1_2,x_1_3
7	-10	x_0_0,x_0_1,x_0_2,x_0_4,x_1_0,x_1_2,x_1_4
7	-10	x_0_0,x_0_1,x_0_2,x_0_4,x_1_0,x_1_3,x_1_4
7	-30	x_0_0,x_0_1,x_0_2,x_0_4,x_1_1,x_1_2,x_1_3
7	-30	x_0_0,x_0_1,x_0_2,x_0_4,x_1_1,x_1_2,x_1_4
7	-30	x_0_0,x_0_1,x_0_2,x_0_4,x_1_1,x_1_3,x_1_4
7	10	x_0_0,x_0_1,x_0_2,x_0_4,x_1_2,x_1_3,x_1_4
7	-50	x_0_0,x_0_1,x_0_2,x_1_0,x_1_1,x_1_2,x_1_3
7	-40	x_0_0,x_0_1,x_0_2,x_1_0,x_1_1,x_1_2,x_1_4
7	-30	x_0_0,x_0_1,x_0_2,x_1_0,x_1_1,x_1_3,x_1_4
7	-10	x_0_0,x_0_1,x_0_2,x_1_0,x_1_2,x_1_3,x_1_4
7	-30	x_0_0,x_0_1,x_0_2,x_1_1,x_1_2,x_1_3,x_1_4
7	-30	x_0_0,x_0_1,x_0_3,x_0_4,x_1_0,x_1_1,x_1_2
7	-40	x_0_0,x_0_1,x_0_3,x_0_4,x_1_0,x_1_1,x_1_3
7	-40	x_0_0,x_0_1,x_0_3,x_0_4,x_1_0,x_1_1,x_1_4
7	-10	x_0_0,x_0_1,x_0_3,x_0_4,x_1_0,x_1_3,x_1_4
7	-10	x_0_0,x_0_1,x_0_3,x_0_4,x_1_1,x_1_2,x_1_3
7	-20	x_0_0,x_0_1,x_0_3,x_0_4,x_1_1,x_1_2,x_1_4
7	-30	x_0_0,x_0_1,x_0_3,x_0_4,x_1_1,x_1_3,x_1_4
7	30	x_0_0,x_0_1,x_0_3,x_0_4,x_1_2,x_1_3,x_1_4
7	-40	x_0_0,x_0_1,x_0_3,x_1_0,x_1_1,x_1_2,x_1_3
7	-30	x_0_0,x_0_1,x_0_3,x_1_0,x_1_1,x_1_2,x_1_4
7	-40	x_0_0,x_0_1,x_0_3,x_1_0,x_1_1,x_1_3,x_1_4
7	10	x_0_0,x_0_1,x_0_3,x_1_0,x_1_2,x_1_3,x_1_4
7	-10	x_0_0,x_0_1,x_0_3,x_1_1,x_1_2,x_1_3,x_1_4
7	-10	x_0_0,x_0_1,x_0_4,x_1_0,x_1_1,x_1_2,x_1_3
7	-40	x_0_0,x_0_1,x_0_4,x_1_0,x_1_1,x_1_2,x_1_4
7	-40	x_0_0,x_0_1,x_0_4,x_1_0,x_1_1,x_1_3,x_1_4
7	-20	x_0_0,x_0_1,x_0_4,x_1_1,x_1_2,x_1_3,x_1_4
7	-20	x_0_0,x_0_1,x_1_0,x_1_1,x_1_2,x_1_3,x_1_4
7	-10	x_0_0,x_0_2,x_0_3,x_0_4,x_1_0,x_1_1,x_1_2
7	10	x_0_0,x_0_2,x_0_3,x_0_4,x_1_0,x_1_1,x_1_3
7	-40	x_0_0,x_0_2,x_0_3,x_0_4,x_1_1,x_1_2,x_1_3
7	-30	x_0_0,x_0_2,x_0_3,x_0_4,x_1_1,x_1_2,x_1_4
7	-30	x_0_0,x_0_2,x_0_3,x_0_4,x_1_1,x_1_3,x_1_4
7	-30	x_0_0,x_0_2,x_0_3,x_1_0,x_1_1,x_1_2,x_1_3
7	-20	x_0_0,x_0_2,x_0_3,x_1_0,x_1_1,x_1_2,x_1_4
7	-40	x_0_0,x_0_2,x_0_3,x_1_1,x_1_2,x_1_3,x_1_4
7	10	x_0_0,x_0_2,x_0_4,x_1_0,x_1_1,x_1_2,x_1_3
7	-10	x_0_0,x_0_2,x_0_4,x_1_0,x_1_1,x_1_2,x_1_4
7	-30	x_0_0,x_0_2,x_0_4,x_1_1,x_1_2,x_1_3,x_1_4
7	-10	x_0_0,x_0_2,x_1_0,x_1_1,x_1_2,x_1_3,x_1_4
7	-10	x_0_0,x_0_3,x_0_4,x_1_0,x_1_1,x_1_2,x_1_4
7	-10	x_0_0,x_0_3,x_0_4,x_1_0,x_1_1,x_1_3,x_1_4
7	-30	x_0_0,x_0_3,x_0_4,x_1_1,x_1_2,x_1_3,x_1_4
7	-20	x_0_0,x_0_3,x_1_0,x_1_1,x_1_2,x_1_3,x_1_4
7	-20	x_0_1,x_0_2,x_0_3,x_0_4,x_1_0,x_1_1,x_1_2
7	-30	x_0_1,x_0_2,x_0_3,x_0_4,x_1_0,x_1_1,x_1_3
7	-10	x_0_1,x_0_2,x_0_3,x_0_4,x_1_0,x_1_1,x_1_4
7	10	x_0_1,x_0_2,x_0_3,x_0_4,x_1_0,x_1_2,x_1_3
7	30	x_0_1,x_0_2,x_0_3,x_0_4,x_1_0,x_1_2,x_1_4
7	20	x_0_1,x_0_2,x_0_3,x_0_4,x_1_0,x_1_3,x_1_4
7	-56	x_0_1,x_0_2,x_0_3,x_0_4,x_1_1,x_1_2,x_1_3
7	-32	x_0_1,x_0_2,x_0_3,x_0_4,x_1_1,x_1_2,x_1_4
7	-42	x_0_1,x_0_2,x_0_3,x_0_4,x_1_1,x_1_3,x_1_4
7	20	x_0_1,x_0_2,x_0_3,x_0_4,x_1_2,x_1_3,x_1_4
7	-16	x_0_1,x_0_2,x_0_3,x_0_4,x_2_1,x_2_2,x_2_3
7	-12	x_0_1,x_0_2,x_0_3,x_0_4,x_2_1,x_2_2,x_2_4
7	-12	x_0_1,x_0_2,x_0_3,x_0_4,x_2_1,x_2_3,x_2_4
7	-10	x_0_1,x_0_2,x_0_3,x_0_4,x_2_2,x_2_3,x_2_4
7	-16	x_0_1,x_0_2,x_0_3,x_0_4,x_3_1,x_3_2,x_3_3
7	-12	x_0_1,x_0_2,x_0_3,x_0_4,x_3_1,x_3_2,x_3_4
7	-12	x_0_1,x_0_2,x_0_3,x_0_4,x_3_1,x_3_3,x_3_4
7	-10	x_0_1,x_0_2,x_0_3,x_0_4,x_3_2,x_3_3,x_3_4
7	-16	x_0_1,x_0_2,x_0_3,x_0_4,x_4_1,x_4_2,x_4_3
7	-12	x_0_1,x_0_2,x_0_3,x_0_4,x_4_1,x_4_2,x_4_4
7	-12	x_0_1,x_0_2,x_0_3,x_0_4,x_4_1,x_4_3,x_4_4
7	-10	x_0_1,x_0_2,x_0_3,x_0_4,x_4_2,x_4_3,x_4_4
7	-16	x_0_1,x_0_2,x_0_3,x_0_4,x_5_1,x_5_2,x_5_3
7	-12	x_0_1,x_0_2,x_0_3,x_0_4,x_5_1,x_5_2,x_5_4
7	-12	x_0_1,x_0_2,x_0_3,x_0_4,x_5_1,x_5_3,x_5_4
7	-10	x_0_1,x_0_2,x_0_3,x_0_4,x_5_2,x_5_3,x_5_4
7	-40	x_0_1,x_0_2,x_0_3,x_1_0,x_1_1,x_1_2,x_1_3
7	-10	x_0_1,x_0_2,x_0_3,x_1_0,x_1_1,x_1_2,x_1_4
7	-20	x_0_1,x_0_2,x_0_3,x_1_0,x_1_1,x_1_3,x_1_4
7	30	x_0_1,x_0_2,x_0_3,x_1_0,x_1_2,x_1_3,x_1_4
7	-46	x_0_1,x_0_2,x_0_3,x_1_1,x_1_2,x_1_3,x_1_4
7	-16	x_0_1,x_0_2,x_0_3,x_2_1,x_2_2,x_2_3,x_2_4
7	-16	x_0_1,x_0_2,x_0_3,x_3_1,x_3_2,x_3_3,x_3_4
7	-16	x_0_1,x_0_2,x_0_3,x_4_1,x_4_2,x_4_3,x_4_4
7	-16	x_0_1,x_0_2,x_0_3,x_5_1,x_5_2,x_5_3,x_5_4
7	-30	x_0_1,x_0_2,x_0_4,x_1_0,x_1_1,x_1_2,x_1_3
7	-30	x_0_1,x_0_2,x_0_4,x_1_0,x_1_1,x_1_2,x_1_4
7	-30	x_0_1,x_0_2,x_0_4,x_1_0,x_1_1,x_1_3,x_1_4
7	10	x_0_1,x_0_2,x_0_4,x_1_0,x_1_2,x_1_3,x_1_4
7	-52	x_0_1,x_0_2,x_0_4,x_1_1,x_1_2,x_1_3,x_1_4
7	-12	x_0_1,x_0_2,x_0_4,x_2_1,x_2_2,x_2_3,x_2_4
7	-12	x_0_1,x_0_2,x_0_4,x_3_1,x_3_2,x_3_3,x_3_4
7	-12	x_0_1,x_0_2,x_0_4,x_4_1,x_4_2,x_4_3,x_4_4
7	-12	x_0_1,x_0_2,x_0_4,x_5_1,x_5_2,x_5_3,x_5_4
7	-30	x_0_1,x_0_2,x_1_0,x_1_1,x_1_2,x_1_3,x_1_4
7	-10	x_0_1,x_0_3,x_0_4,x_1_0,x_1_1,x_1_2,x_1_3
7	-20	x_0_1,x_0_3,x_0_4,x_1_0,x_1_1,x_1_2,x_1_4
7	-30	x_0_1,x_0_3,x_0_4,x_1_0,x_1_1,x_1_3,x_1_4
7	30	x_0_1,x_0_3,x_0_4,x_1_0,x_1_2,x_1_3,x_1_4
7	-32	x_0_1,x_0_3,x_0_4,x_1_1,x_1_2,x_1_3,x_1_4
7	-12	x_0_1,x_0_3,x_0_4,x_2_1,x_2_2,x_2_3,x_2_4
7	-12	x_0_1,x_0_3,x_0_4,x_3_1,x_3_2,x_3_3,x_3_4
7	-12	x_0_1,x_0_3,x_0_4,x_4_1,x_4_2,x_4_3,x_4_4
7	-12	x_0_1,x_0_3,x_0_4,x_5_1,x_5_2,x_5_3,x_5_4
7	-10	x_0_1,x_0_3,x_1_0,x_1_1,x_1_2,x_1_3,x_1_4
7	-20	x_0_1,x_0_4,x_1_0,x_1_1,x_1_2,x_1_3,x_1_4
7	-40	x_0_2,x_0_3,x_0_4,x_1_0,x_1_1,x_1_2,x_1_3
7	-30	x_0_2,x_0_3,x_0_4,x_1_0,x_1_1,x_1_2,x_1_4
7	-30	x_0_2,x_0_3,x_0_4,x_1_0,x_1_1,x_1_3,x_1_4
7	-60	x_0_2,x_0_3,x_0_4,x_1_1,x_1_2,x_1_3,x_1_4
7	-10	x_0_2,x_0_3,x_0_4,x_2_1,x_2_2,x_2_3,x_2_4
7	-10	x_0_2,x_0_3,x_0_4,x_3_1,x_3_2,x_3_3,x_3_4
7	-10	x_0_2,x_0_3,x_0_4,x_4_1,x_4_2,x_4_3,x_4_4
7	-10	x_0_2,x_0_3,x_0_4,x_5_1,x_5_2,x_5_3,x_5_4
7	-40	x_0_2,x_0_3,x_1_0,x_1_1,x_1_2,x_1_3,x_1_4
7	-30	x_0_2,x_0_4,x_1_0,x_1_1,x_1_2,x_1_3,x_1_4
7	-30	x_0_3,x_0_4,x_1_0,x_1_1,x_1_2,x_1_3,x_1_4
7	-20	x_1_0,x_1_1,x_1_2,x_1_3,x_1_4,x_2_0,x_2_1
7	-10	x_1_0,x_1_1,x_1_2,x_1_3,x_1_4,x_2_0,x_2_2
7	-20	x_1_0,x_1_1,x_1_2,x_1_3,x_1_4,x_2_0,x_2_3
7	-20	x_1_0,x_1_1,x_1_2,x_1_3,x_1_4,x_2_1,x_2_2
7	-30	x_1_0,x_1_1,x_1_2,x_1_3,x_1_4,x_2_1,x_2_3
7	-10	x_1_0,x_1_1,x_1_2,x_1_3,x_1_4,x_2_1,x_2_4
7	10	x_1_0,x_1_1,x_1_2,x_1_3,x_1_4,x_2_2,x_2_3
7	30	x_1_0,x_1_1,x_1_2,x_1_3,x_1_4,x_2_2,x_2_4
7	20	x_1_0,x_1_1,x_1_2,x_1_3,x_1_4,x_2_3,x_2_4
7	-50	x_1_0,x_1_1,x_1_2,x_1_3,x_2_0,x_2_1,x_2_2
7	-40	x_1_0,x_1_1,x_1_2,x_1_3,x_2_0,x_2_1,x_2_3
7	-10	x_1_0,x_1_1,x_1_2,x_1_3,x_2_0,x_2_1,x_2_4
7	-30	x_1_0,x_1_1,x_1_2,x_1_3,x_2_0,x_2_2,x_2_3
7	10	x_1_0,x_1_1,x_1_2,x_1_3,x_2_0,x_2_2,x_2_4
7	-40	x_1_0,x_1_1,x_1_2,x_1_3,x_2_1,x_2_2,x_2_3
7	-10	x_1_0,x_1_1,x_1_2,x_1_3,x_2_1,x_2_2,x_2_4
7	-20	x_1_0,x_1_1,x_1_2,x_1_3,x_2_1,x_2_3,x_2_4
7	30	x_1_0,x_1_1,x_1_2,x_1_3,x_2_2,x_2_3,x_2_4
7	-40	x_1_0,x_1_1,x_1_2,x_1_4,x_2_0,x_2_1,x_2_2
7	-30	x_1_0,x_1_1,x_1_2,x_1_4,x_2_0,x_2_1,x_2_3
7	-40	x_1_0,x_1_1,x_1_2,x_1_4,x_2_0,x_2_1,x_2_4
7	-20	x_1_0,x_1_1,x_1_2,x_1_4,x_2_0,x_2_2,x_2_3
7	-10	x_1_0,x_1_1,x_1_2,x_1_4,x_2_0,x_2_2,x_2_4
7	-10	x_1_0,x_1_1,x_1_2,x_1_4,x_2_0,x_2_3,x_2_4
7	-30	x_1_0,x_1_1,x_1_2,x_1_4,x_2_1,x_2_2,x_2_3
7	-30	x_1_0,x_1_1,x_1_2,x_1_4,x_2_1,x_2_2,x_2_4
7	-30	x_1_0,x_1_1,x_1_2,x_1_4,x_2_1,x_2_3,x_2_4
7	10	x_1_0,x_1_1,x_1_2,x_1_4,x_2_2,x_2_3,x_2_4
7	-50	x_1_0,x_1_1,x_1_2,x_2_0,x_2_1,x_2_2,x_2_3
7	-40	x_1_0,x_1_1,x_1_2,x_2_0,x_2_1,x_2_2,x_2_4
7	-30	x_1_0,x_1_1,x_1_2,x_2_0,x_2_1,x_2_3,x_2_4
7	-10	x_1_0,x_1_1,x_1_2,x_2_0,x_2_2,x_2_3,x_2_4
7	-30	x_1_0,x_1_1,x_1_2,x_2_1,x_2_2,x_2_3,x_2_4
7	-30	x_1_0,x_1_1,x_1_3,x_1_4,x_2_0,x_2_1,x_2_2
7	-40	x_1_0,x_1_1,x_1_3,x_1_4,x_2_0,x_2_1,x_2_3
7	-40	x_1_0,x_1_1,x_1_3,x_1_4,x_2_0,x_2_1,x_2_4
7	-10	x_1_0,x_1_1,x_1_3,x_1_4,x_2_0,x_2_3,x_2_4
7	-10	x_1_0,x_1_1,x_1_3,x_1_4,x_2_1,x_2_2,x_2_3
7	-20	x_1_0,x_1_1,x_1_3,x_1_4,x_2_1,x_2_2,x_2_4
7	-30	x_1_0,x_1_1,x_1_3,x_1_4,x_2_1,x_2_3,x_2_4
7	30	x_1_0,x_1_1,x_1_3,x_1_4,x_2_2,x_2_3,x_2_4
7	-40	x_1_0,x_1_1,x_1_3,x_2_0,x_2_1,x_2_2,x_2_3
7	-30	x_1_0,x_1_1,x_1_3,x_2_0,x_2_1,x_2_2,x_2_4
7	-40	x_1_0,x_1_1,x_1_3,x_2_0,x_2_1,x_2_3,x_2_4
7	10	x_1_0,x_1_1,x_1_3,x_2_0,x_2_2,x_2_3,x_2_4
7	-10	x_1_0,x_1_1,x_1_3,x_2_1,x_2_2,x_2_3,x_2_4
7	-10	x_1_0,x_1_1,x_1_4,x_2_0,x_2_1,x_2_2,x_2_3
7	-40	x_1_0,x_1_1,x_1_4,x_2_0,x_2_1,x_2_2,x_2_4
7	-40	x_1_0,x_1_1,x_1_4,x_2_0,x_2_1,x_2_3,x_2_4
7	-20	x_1_0,x_1_1,x_1_4,x_2_1,x_2_2,x_2_3,x_2_4
7	-20	x_1_0,x_1_1,x_2_0,x_2_1,x_2_2,x_2_3,x_2_4
7	-10	x_1_0,x_1_2,x_1_3,x_1_4,x_2_0,x_2_1,x_2_2
7	10	x_1_0,x_1_2,x_1_3,x_1_4,x_2_0,x_2_1,x_2_3
7	-40	x_1_0,x_1_2,x_1_3,x_1_4,x_2_1,x_2_2,x_2_3
7	-30	x_1_0,x_1_2,x_1_3,x_1_4,x_2_1,x_2_2,x_2_4
7	-30	x_1_0,x_1_2,x_1_3,x_1_4,x_2_1,x_2_3,x_2_4
7	-30	x_1_0,x_1_2,x_1_3,x_2_0,x_2_1,x_2_2,x_2_3
7	-20	x_1_0,x_1_2,x_1_3,x_2_0,x_2_1,x_2_2,x_2_4
7	-40	x_1_0,x_1_2,x_1_3,x_2_1,x_2_2,x_2_3,x_2_4
7	10	x_1_0,x_1_2,x_1_4,x_2_0,x_2_1,x_2_2,x_2_3
7	-10	x_1_0,x_1_2,x_1_4,x_2_0,x_2_1,x_2_2,x_2_4
7	-30	x_1_0,x_1_2,x_1_4,x_2_1,x_2_2,x_2_3,x_2_4
7	-10	x_1_0,x_1_2,x_2_0,x_2_1,x_2_2,x_2_3,x_2_4
7	-10	x_1_0,x_1_3,x_1_4,x_2_0,x_2_1,x_2_2,x_2_4
7	-10	x_1_0,x_1_3,x_1_4,x_2_0,x_2_1,x_2_3,x_2_4
7	-30	x_1_0,x_1_3,x_1_4,x_2_1,x_2_2,x_2_3,x_2_4
7	-20	x_1_0,x_1_3,x_2_0,x_2_1,x_2_2,x_2_3,x_2_4
7	-20	x_1_1,x_1_2,x_1_3,x_1_4,x_2_0,x_2_1,x_2_2
7	-30	x_1_1,x_1_2,x_1_3,x_1_4,x_2_0,x_2_1,x_2_3
7	-10	x_1_1,x_1_2,x_1_3,x_1_4,x_2_0,x_2_1,x_2_4
7	10	x_1_1,x_1_2,x_1_3,x_1_4,x_2_0,x_2_2,x_2_3
7	30	x_1_1,x_1_2,x_1_3,x_1_4,x_2_0,x_2_2,x_2_4
7	20	x_1_1,x_1_2,x_1_3,x_1_4,x_2_0,x_2_3,x_2_4
7	-56	x_1_1,x_1_2,x_1_3,x_1_4,x_2_1,x_2_2,x_2_3
7	-32	x_1_1,x_1_2,x_1_3,x_1_4,x_2_1,x_2_2,x_2_4
7	-42	x_1_1,x_1_2,x_1_3,x_1_4,x_2_1,x_2_3,x_2_4
7	20	x_1_1,x_1_2,x_1_3,x_1_4,x_2_2,x_2_3,x_2_4
7	-16	x_1_1,x_1_2,x_1_3,x_1_4,x_3_1,x_3_2,x_3_3
7	-12	x_1_1,x_1_2,x_1_3,x_1_4,x_3_1,x_3_2,x_3_4
7	-12	x_1_1,x_1_2,x_1_3,x_1_4,x_3_1,x_3_3,x_3_4
7	-10	x_1_1,x_1_2,x_1_3,x_1_4,x_3_2,x_3_3,x_3_4
7	-16	x_1_1,x_1_2,x_1_3,x_1_4,x_4_1,x_4_2,x_4_3
7	-12	x_1_1,x_1_2,x_1_3,x_1_4,x_4_1,x_4_2,x_4_4
7	-12	x_1_1,x_1_2,x_1_3,x_1_4,x_4_1,x_4_3,x_4_4
7	-10	x_1_1,x_1_2,x_1_3,x_1_4,x_4_2,x_4_3,x_4_4
7	-16	x_1_1,x_1_2,x_1_3,x_1_4,x_5_1,x_5_2,x_5_3
7	-12	x_1_1,x_1_2,x_1_3,x_1_4,x_5_1,x_5_2,x_5_4
7	-12	x_1_1,x_1_2,x_1_3,x_1_4,x_5_1,x_5_3,x_5_4
7	-10	x_1_1,x_1_2,x_1_3,x_1_4,x_5_2,x_5_3,x_5_4
7	-40	x_1_1,x_1_2,x_1_3,x_2_0,x_2_1,x_2_2,x_2_3
7	-10	x_1_1,x_1_2,x_1_3,x_2_0,x_2_1,x_2_2,x_2_4
7	-20	x_1_1,x_1_2,x_1_3,x_2_0,x_2_1,x_2_3,x_2_4
7	30	x_1_1,x_1_2,x_1_3,x_2_0,x_2_2,x_2_3,x_2_4
7	-46	x_1_1,x_1_2,x_1_3,x_2_1,x_2_2,x_2_3,x_2_4
7	-16	x_1_1,x_1_2,x_1_3,x_3_1,x_3_2,x_3_3,x_3_4
7	-16	x_1_1,x_1_2,x_1_3,x_4_1,x_4_2,x_4_3,x_4_4
7	-16	x_1_1,x_1_2,x_1_3,x_5_1,x_5_2,x_5_3,x_5_4
7	-30	x_1_1,x_1_2,x_1_4,x_2_0,x_2_1,x_2_2,x_2_3
7	-30	x_1_1,x_1_2,x_1_4,x_2_0,x_2_1,x_2_2,x_2_4
7	-30	x_1_1,x_1_2,x_1_4,x_2_0,x_2_1,x_2_3,x_2_4
7	10	x_1_1,x_1_2,x_1_4,x_2_0,x_2_2,x_2_3,x_2_4
7	-52	x_1_1,x_1_2,x_1_4,x_2_1,x_2_2,x_2_3,x_2_4
7	-12	x_1_1,x_1_2,x_1_4,x_3_1,x_3_2,x_3_3,x_3_4
7	-12	x_1_1,x_1_2,x_1_4,x_4_1,x_4_2,x_4_3,x_4_4
7	-12	x_1_1,x_1_2,x_1_4,x_5_1,x_5_2,x_5_3,x_5_4
7	-30	x_1_1,x_1_2,x_2_0,x_2_1,x_2_2,x_2_3,x_2_4
7	-10	x_1_1,x_1_3,x_1_4,x_2_0,x_2_1,x_2_2,x_2_3
7	-20	x_1_1,x_1_3,x_1_4,x_2_0,x_2_1,x_2_2,x_2_4
7	-30	x_1_1,x_1_3,x_1_4,x_2_0,x_2_1,x_2_3,x_2_4
7	30	x_1_1,x_1_3,x_1_4,x_2_0,x_2_2,x_2_3,x_2_4
7	-32	x_1_1,x_1_3,x_1_4,x_2_1,x_2_2,x_2_3,x_2_4
7	-12	x_1_1,x_1_3,x_1_4,x_3_1,x_3_2,x_3_3,x_3_4
7	-12	x_1_1,x_1_3,x_1_4,x_4_1,x_4_2,x_4_3,x_4_4
7	-12	x_1_1,x_1_3,x_1_4,x_5_1,x_5_2,x_5_3,x_5_4
7	-10	x_1_1,x_1_3,x_2_0,x_2_1,x_2_2,x_2_3,x_2_4
7	-20	x_1_1,x_1_4,x_2_0,x_2_1,x_2_2,x_2_3,x_2_4
7	-40	x_1_2,x_1_3,x_1_4,x_2_0,x_2_1,x_2_2,x_2_3
7	-30	x_1_2,x_1_3,x_1_4,x_2_0,x_2_1,x_2_2,x_2_4
7	-30	x_1_2,x_1_3,x_1_4,x_2_0,x_2_1,x_2_3,x_2_4
7	-60	x_1_2,x_1_3,x_1_4,x_2_1,x_2_2,x_2_3,x_2_4
7	-10	x_1_2,x_1_3,x_1_4,x_3_1,x_3_2,x_3_3,x_3_4
7	-10	x_1_2,x_1_3,x_1_4,x_4_1,x_4_2,x_4_3,x_4_4
7	-10	x_1_2,x_1_3,x_1_4,x_5_1,x_5_2,x_5_3,x_5_4
7	-40	x_1_2,x_1_3,x_2_0,x_2_1,x_2_2,x_2_3,x_2_4
7	-30	x_1_2,x_1_4,x_2_0,x_2_1,x_2_2,x_2_3,x_2_4
7	-30	x_1_3,x_1_4,x_2_0,x_2_1,x_2_2,x_2_3,x_2_4
7	-20	x_2_0,x_2_1,x_2_2,x_2_3,x_2_4,x_3_0,x_3_1
7	-10	x_2_0,x_2_1,x_2_2,x_2_3,x_2_4,x_3_0,x_3_2
7	-20	x_2_0,x_2_1,x_2_2,x_2_3,x_2_4,x_3_0,x_3_3
7	-20	x_2_0,x_2_1,x_2_2,x_2_3,x_2_4,x_3_1,x_3_2
7	-30	x_2_0,x_2_1,x_2_2,x_2_3,x_2_4,x_3_1,x_3_3
7	-10	x_2_0,x_2_1,x_2_2,x_2_3,x_2_4,x_3_1,x_3_4
7	10	x_2_0,x_2_1,x_2_2,x_2_3,x_2_4,x_3_2,x_3_3
7	30	x_2_0,x_2_1,x_2_2,x_2_3,x_2_4,x_3_2,x_3_4
7	20	x_2_0,x_2_1,x_2_2,x_2_3,x_2_4,x_3_3,x_3_4
7	-50	x_2_0,x_2_1,x_2_2,x_2_3,x_3_0,x_3_1,x_3_2
7	-40	x_2_0,x_2_1,x_2_2,x_2_3,x_3_0,x_3_1,x_3_3
7	-10	x_2_0,x_2_1,x_2_2,x_2_3,x_3_0,x_3_1,x_3_4
7	-30	x_2_0,x_2_1,x_2_2,x_2_3,x_3_0,x_3_2,x_3_3
7	10	x_2_0,x_2_1,x_2_2,x_2_3,x_3_0,x_3_2,x_3_4
7	-40	x_2_0,x_2_1,x_2_2,x_2_3,x_3_1,x_3_2,x_3_3
7	-10	x_2_0,x_2_1,x_2_2,x_2_3,x_3_1,x_3_2,x_3_4
7	-20	x_2_0,x_2_1,x_2_2,x_2_3,x_3_1,x_3_3,x_3_4
7	30	x_2_0,x_2_1,x_2_2,x_2_3,x_3_2,x_3_3,x_3_4
7	-40	x_2_0,x_2_1,x_2_2,x_2_4,x_3_0,x_3_1,x_3_2
7	-30	x_2_0,x_2_1,x_2_2,x_2_4,x_3_0,x_3_1,x_3_3
7	-40	x_2_0,x_2_1,x_2_2,x_2_4,x_3_0,x_3_1,x_3_4
7	-20	x_2_0,x_2_1,x_2_2,x_2_4,x_3_0,x_3_2,x_3_3
7	-10	x_2_0,x_2_1,x_2_2,x_2_4,x_3_0,x_3_2,x_3_4
7	-10	x_2_0,x_2_1,x_2_2,x_2_4,x_3_0,x_3_3,x_3_4
7	-30	x_2_0,x_2_1,x_2_2,x_2_4,x_3_1,x_3_2,x_3_3
7	-30	x_2_0,x_2_1,x_2_2,x_2_4,x_3_1,x_3_2,x_3_4
7	-30	x_2_0,x_2_1,x_2_2,x_2_4,x_3_1,x_3_3,x_3_4
7	10	x_2_0,x_2_1,x_2_2,x_2_4,x_3_2,x_3_3,x_3_4
7	-50	x_2_0,x_2_1,x_2_2,x_3_0,x_3_1,x_3_2,x_3_3
7	-40	x_2_0,x_2_1,x_2_2,x_3_0,x_3_1,x_3_2,x_3_4
7	-30	x_2_0,x_2_1,x_2_2,x_3_0,x_3_1,x_3_3,x_3_4
7	-10	x_2_0,x_2_1,x_2_2,x_3_0,x_3_2,x_3_3,x_3_4
7	-30	x_2_0,x_2_1,x_2_2,x_3_1,x_3_2,x_3_3,x_3_4
7	-30	x_2_0,x_2_1,x_2_3,x_2_4,x_3_0,x_3_1,x_3_2
7	-40	x_2_0,x_2_1,x_2_3,x_2_4,x_3_0,x_3_1,x_3_3
7	-40	x_2_0,x_2_1,x_2_3,x_2_4,x_3_0,x_3_1,x_3_4
7	-10	x_2_0,x_2_1,x_2_3,x_2_4,x_3_0,x_3_3,x_3_4
7	-10	x_2_0,x_2_1,x_2_3,x_2_4,x_3_1,x_3_2,x_3_3
7	-20	x_2_0,x_2_1,x_2_3,x_2_4,x_3_1,x_3_2,x_3_4
7	-30	x_2_0,x_2_1,x_2_3,x_2_4,x_3_1,x_3_3,x_3_4
7	30	x_2_0,x_2_1,x_2_3,x_2_4,x_3_2,x_3_3,x_3_4
7	-40	x_2_0,x_2_1,x_2_3,x_3_0,x_3_1,x_3_2,x_3_3
7	-30	x_2_0,x_2_1,x_2_3,x_3_0,x_3_1,x_3_2,x_3_4
7	-40	x_2_0,x_2_1,x_2_3,x_3_0,x_3_1,x_3_3,x_3_4
7	10	x_2_0,x_2_1,x_2_3,x_3_0,x_3_2,x_3_3,x_3_4
7	-10	x_2_0,x_2_1,x_2_3,x_3_1,x_3_2,x_3_3,x_3_4
7	-10	x_2_0,x_2_1,x_2_4,x_3_0,x_3_1,x_3_2,x_3_3
7	-40	x_2_0,x_2_1,x_2_4,x_3_0,x_3_1,x_3_2,x_3_4
7	-40	x_2_0,x_2_1,x_2_4,x_3_0,x_3_1,x_3_3,x_3_4
7	-20	x_2_0,x_2_1,x_2_4,x_3_1,x_3_2,x_3_3,x_3_4
7	-20	x_2_0,x_2_1,x_3_0,x_3_1,x_3_2,x_3_3,x_3_4
7	-10	x_2_0,x_2_2,x_2_3,x_2_4,x_3_0,x_3_1,x_3_2
7	10	x_2_0,x_2_2,x_2_3,x_2_4,x_3_0,x_3_1,x_3_3
7	-40	x_2_0,x_2_2,x_2_3,x_2_4,x_3_1,x_3_2,x_3_3
7	-30	x_2_0,x_2_2,x_2_3,x_2_4,x_3_1,x_3_2,x_3_4
7	-30	x_2_0,x_2_2,x_2_3,x_2_4,x_3_1,x_3_3,x_3_4
7	-30	x_2_0,x_2_2,x_2_3,x_3_0,x_3_1,x_3_2,x_3_3
7	-20	x_2_0,x_2_2,x_2_3,x_3_0,x_3_1,x_3_2,x_3_4
7	-40	x_2_0,x_2_2,x_2_3,x_3_1,x_3_2,x_3_3,x_3_4
7	10	x_2_0,x_2_2,x_2_4,x_3_0,x_3_1,x_3_2,x_3_3
7	-10	x_2_0,x_2_2,x_2_4,x_3_0,x_3_1,x_3_2,x_3_4
7	-30	x_2_0,x_2_2,x_2_4,x_3_1,x_3_2,x_3_3,x_3_4
7	-10	x_2_0,x_2_2,x_3_0,x_3_1,x_3_2,x_3_3,x_3_4
7	-10	x_2_0,x_2_3,x_2_4,x_3_0,x_3_1,x_3_2,x_3_4
7	-10	x_2_0,x_2_3,x_2_4,x_3_0,x_3_1,x_3_3,x_3_4
7	-30	x_2_0,x_2_3,x_2_4,x_3_1,x_3_2,x_3_3,x_3_4
7	-20	x_2_0,x_2_3,x_3_0,x_3_1,x_3_2,x_3_3,x_3_4
7	-20	x_2_1,x_2_2,x_2_3,x_2_4,x_3_0,x_3_1,x_3_2
7	-30	x_2_1,x_2_2,x_2_3,x_2_4,x_3_0,x_3_1,x_3_3
7	-10	x_2_1,x_2_2,x_2_3,x_2_4,x_3_0,x_3_1,x_3_4
7	10	x_2_1,x_2_2,x_2_3,x_2_4,x_3_0,x_3_2,x_3_3
7	30	x_2_1,x_2_2,x_2_3,x_2_4,x_3_0,x_3_2,x_3_4
7	20	x_2_1,x_2_2,x_2_3,x_2_4,x_3_0,x_3_3,x_3_4
7	-56	x_2_1,x_2_2,x_2_3,x_2_4,x_3_1,x_3_2,x_3_3
7	-32	x_2_1,x_2_2,x_2_3,x_2_4,x_3_1,x_3_2,x_3_4
7	-42	x_2_1,x_2_2,x_2_3,x_2_4,x_3_1,x_3_3,x_3_4
7	20	x_2_1,x_2_2,x_2_3,x_2_4,x_3_2,x_3_3,x_3_4
7	-16	x_2_1,x_2_2,x_2_3,x_2_4,x_4_1,x_4_2,x_4_3
7	-12	x_2_1,x_2_2,x_2_3,x_2_4,x_4_1,x_4_2,x_4_4
7	-12	x_2_1,x_2_2,x_2_3,x_2_4,x_4_1,x_4_3,x_4_4
7	-10	x_2_1,x_2_2,x_2_3,x_2_4,x_4_2,x_4_3,x_4_4
7	-16	x_2_1,x_2_2,x_2_3,x_2_4,x_5_1,x_5_2,x_5_3
7	-12	x_2_1,x_2_2,x_2_3,x_2_4,x_5_1,x_5_2,x_5_4
7	-12	x_2_1,x_2_2,x_2_3,x_2_4,x_5_1,x_5_3,x_5_4
7	-10	x_2_1,x_2_2,x_2_3,x_2_4,x_5_2,x_5_3,x_5_4
7	-40	x_2_1,x_2_2,x_2_3,x_3_0,x_3_1,x_3_2,x_3_3
7	-10	x_2_1,x_2_2,x_2_3,x_3_0,x_3_1,x_3_2,x_3_4
7	-20	x_2_1,x_2_2,x_2_3,x_3_0,x_3_1,x_3_3,x_3_4
7	30	x_2_1,x_2_2,x_2_3,x_3_0,x_3_2,x_3_3,x_3_4
7	-46	x_2_1,x_2_2,x_2_3,x_3_1,x_3_2,x_3_3,x_3_4
7	-16	x_2_1,x_2_2,x_2_3,x_4_1,x_4_2,x_4_3,x_4_4
7	-16	x_2_1,x_2_2,x_2_3,x_5_1,x_5_2,x_5_3,x_5_4
7	-30	x_2_1,x_2_2,x_2_4,x_3_0,x_3_1,x_3_2,x_3_3
7	-30	x_2_1,x_2_2,x_2_4,x_3_0,x_3_1,x_3_2,x_3_4
7	-30	x_2_1,x_2_2,x_2_4,x_3_0,x_3_1,x_3_3,x_3_4
7	10	x_2_1,x_2_2,x_2_4,x_3_0,x_3_2,x_3_3,x_3_4
7	-52	x_2_1,x_2_2,x_2_4,x_3_1,x_3_2,x_3_3,x_3_4
7	-12	x_2_1,x_2_2,x_2_4,x_4_1,x_4_2,x_4_3,x_4_4
7	-12	x_2_1,x_2_2,x_2_4,x_5_1,x_5_2,x_5_3,x_5_4
7	-30	x_2_1,x_2_2,x_3_0,x_3_1,x_3_2,x_3_3,x_3_4
7	-10	x_2_1,x_2_3,x_2_4,x_3_0,x_3_1,x_3_2,x_3_3
7	-20	x_2_1,x_2_3,x_2_4,x_3_0,x_3_1,x_3_2,x_3_4
7	-30	x_2_1,x_2_3,x_2_4,x_3_0,x_3_1,x_3_3,x_3_4
7	30	x_2_1,x_2_3,x_2_4,x_3_0,x_3_2,x_3_3,x_3_4
7	-32	x_2_1,x_2_3,x_2_4,x_3_1,x_3_2,x_3_3,x_3_4
7	-12	x_2_1,x_2_3,x_2_4,x_4_1,x_4_2,x_4_3,x_4_4
7	-12	x_2_1,x_2_3,x_2_4,x_5_1,x_5_2,x_5_3,x_5_4
7	-10	x_2_1,x_2_3,x_3_0,x_3_1,x_3_2,x_3_3,x_3_4
7	-20	x_2_1,x_2_4,x_3_0,x_3_1,x_3_2,x_3_3,x_3_4
7	-40	x_2_2,x_2_3,x_2_4,x_3_0,x_3_1,x_3_2,x_3_3
7	-30	x_2_2,x_2_3,x_2_4,x_3_0,x_3_1,x_3_2,x_3_4
7	-30	x_2_2,x_2_3,x_2_4,x_3_0,x_3_1,x_3_3,x_3_4
7	-60	x_2_2,x_2_3,x_2_4,x_3_1,x_3_2,x_3_3,x_3_4
7	-10	x_2_2,x_2_3,x_2_4,x_4_1,x_4_2,x_4_3,x_4_4
7	-10	x_2_2,x_2_3,x_2_4,x_5_1,x_5_2,x_5_3,x_5_4
7	-40	x_2_2,x_2_3,x_3_0,x_3_1,x_3_2,x_3_3,x_3_4
7	-30	x_2_2,x_2_4,x_3_0,x_3_1,x_3_2,x_3_3,x_3_4
7	-30	x_2_3,x_2_4,x_3_0,x_3_1,x_3_2,x_3_3,x_3_4
7	-20	x_3_0,x_3_1,x_3_2,x_3_3,x_3_4,x_4_0,x_4_1
7	-10	x_3_0,x_3_1,x_3_2,x_3_3,x_3_4,x_4_0,x_4_2
7	-20	x_3_0,x_3_1,x_3_2,x_3_3,x_3_4,x_4_0,x_4_3
7	-20	x_3_0,x_3_1,x_3_2,x_3_3,x_3_4,x_4_1,x_4_2
7	-30	x_3_0,x_3_1,x_3_2,x_3_3,x_3_4,x_4_1,x_4_3
7	-10	x_3_0,x_3_1,x_3_2,x_3_3,x_3_4,x_4_1,x_4_4
7	10	x_3_0,x_3_1,x_3_2,x_3_3,x_3_4,x_4_2,x_4_3
7	30	x_3_0,x_3_1,x_3_2,x_3_3,x_3_4,x_4_2,x_4_4
7	20	x_3_0,x_3_1,x_3_2,x_3_3,x_3_4,x_4_3,x_4_4
7	-50	x_3_0,x_3_1,x_3_2,x_3_3,x_4_0,x_4_1,x_4_2
7	-40	x_3_0,x_3_1,x_3_2,x_3_3,x_4_0,x_4_1,x_4_3
7	-10	x_3_0,x_3_1,x_3_2,x_3_3,x_4_0,x_4_1,x_4_4
7	-30	x_3_0,x_3_1,x_3_2,x_3_3,x_4_0,x_4_2,x_4_3
7	10	x_3_0,x_3_1,x_3_2,x_3_3,x_4_0,x_4_2,x_4_4
7	-40	x_3_0,x_3_1,x_3_2,x_3_3,x_4_1,x_4_2,x_4_3
7	-10	x_3_0,x_3_1,x_3_2,x_3_3,x_4_1,x_4_2,x_4_4
7	-20	x_3_0,x_3_1,x_3_2,x_3_3,x_4_1,x_4_3,x_4_4
7	30	x_3_0,x_3_1,x_3_2,x_3_3,x_4_2,x_4_3,x_4_4
7	-40	x_3_0,x_3_1,x_3_2,x_3_4,x_4_0,x_4_1,x_4_2
7	-30	x_3_0,x_3_1,x_3_2,x_3_4,x_4_0,x_4_1,x_4_3
7	-40	x_3_0,x_3_1,x_3_2,x_3_4,x_4_0,x_4_1,x_4_4
7	-20	x_3_0,x_3_1,x_3_2,x_3_4,x_4_0,x_4_2,x_4_3
7	-10	x_3_0,x_3_1,x_3_2,x_3_4,x_4_0,x_4_2,x_4_4
7	-10	x_3_0,x_3_1,x_3_2,x_3_4,x_4_0,x_4_3,x_4_4
7	-30	x_3_0,x_3_1,x_3_2,x_3_4,x_4_1,x_4_2,x_4_3
7	-30	x_3_0,x_3_1,x_3_2,x_3_4,x_4_1,x_4_2,x_4_4
7	-30	x_3_0,x_3_1,x_3_2,x_3_4,x_4_1,x_4_3,x_4_4
7	10	x_3_0,x_3_1,x_3_2,x_3_4,x_4_2,x_4_3,x_4_4
7	-50	x_3_0,x_3_1,x_3_2,x_4_0,x_4_1,x_4_2,x_4_3
7	-40	x_3_0,x_3_1,x_3_2,x_4_0,x_4_1,x_4_2,x_4_4
7	-30	x_3_0,x_3_1,x_3_2,x_4_0,x_4_1,x_4_3,x_4_4
7	-10	x_3_0,x_3_1,x_3_2,x_4_0,x_4_2,x_4_3,x_4_4
7	-30	x_3_0,x_3_1,x_3_2,x_4_1,x_4_2,x_4_3,x_4_4
7	-30	x_3_0,x_3_1,x_3_3,x_3_4,x_4_0,x_4_1,x_4_2
7	-40	x_3_0,x_3_1,x_3_3,x_3_4,x_4_0,x_4_1,x_4_3
7	-40	x_3_0,x_3_1,x_3_3,x_3_4,x_4_0,x_4_1,x_4_4
7	-10	x_3_0,x_3_1,x_3_3,x_3_4,x_4_0,x_4_3,x_4_4
7	-10	x_3_0,x_3_1,x_3_3,x_3_4,x_4_1,x_4_2,x_4_3
7	-20	x_3_0,x_3_1,x_3_3,x_3_4,x_4_1,x_4_2,x_4_4
7	-30	x_3_0,x_3_1,x_3_3,x_3_4,x_4_1,x_4_3,x_4_4
7	30	x_3_0,x_3_1,x_3_3,x_3_4,x_4_2,x_4_3,x_4_4
7	-40	x_3_0,x_3_1,x_3_3,x_4_0,x_4_1,x_4_2,x_4_3
7	-30	x_3_0,x_3_1,x_3_3,x_4_0,x_4_1,x_4_2,x_4_4
7	-40	x_3_0,x_3_1,x_3_3,x_4_0,x_4_1,x_4_3,x_4_4
7	10	x_3_0,x_3_1,x_3_3,x_4_0,x_4_2,x_4_3,x_4_4
7	-10	x_3_0,x_3_1,x_3_3,x_4_1,x_4_2,x_4_3,x_4_4
7	-10	x_3_0,x_3_1,x_3_4,x_4_0,x_4_1,x_4_2,x_4_3
7	-40	x_3_0,x_3_1,x_3_4,x_4_0,x_4_1,x_4_2,x_4_4
7	-40	x_3_0,x_3_1,x_3_4,x_4_0,x_4_1,x_4_3,x_4_4
7	-20	x_3_0,x_3_1,x_3_4,x_4_1,x_4_2,x_4_3,x_4_4
7	-20	x_3_0,x_3_1,x_4_0,x_4_1,x_4_2,x_4_3,x_4_4
7	-10	x_3_0,x_3_2,x_3_3,x_3_4,x_4_0,x_4_1,x_4_2
7	10	x_3_0,x_3_2,x_3_3,x_3_4,x_4_0,x_4_1,x_4_3
7	-40	x_3_0,x_3_2,x_3_3,x_3_4,x_4_1,x_4_2,x_4_3
7	-30	x_3_0,x_3_2,x_3_3,x_3_4,x_4_1,x_4_2,x_4_4
7	-30	x_3_0,x_3_2,x_3_3,x_3_4,x_4_1,x_4_3,x_4_4
7	-30	x_3_0,x_3_2,x_3_3,x_4_0,x_4_1,x_4_2,x_4_3
7	-20	x_3_0,x_3_2,x_3_3,x_4_0,x_4_1,x_4_2,x_4_4
7	-40	x_3_0,x_3_2,x_3_3,x_4_1,x_4_2,x_4_3,x_4_4
7	10	x_3_0,x_3_2,x_3_4,x_4_0,x_4_1,x_4_2,x_4_3
7	-10	x_3_0,x_3_2,x_3_4,x_4_0,x_4_1,x_4_2,x_4_4
7	-30	x_3_0,x_3_2,x_3_4,x_4_1,x_4_2,x_4_3,x_4_4
7	-10	x_3_0,x_3_2,x_4_0,x_4_1,x_4_2,x_4_3,x_4_4
7	-10	x_3_0,x_3_3,x_3_4,x_4_0,x_4_1,x_4_2,x_4_4
7	-10	x_3_0,x_3_3,x_3_4,x_4_0,x_4_1,x_4_3,x_4_4
7	-30	x_3_0,x_3_3,x_3_4,x_4_1,x_4_2,x_4_3,x_4_4
7	-20	x_3_0,x_3_3,x_4_0,x_4_1,x_4_2,x_4_3,x_4_4
7	-20	x_3_1,x_3_2,x_3_3,x_3_4,x_4_0,x_4_1,x_4_2
7	-30	x_3_1,x_3_2,x_3_3,x_3_4,x_4_0,x_4_1,x_4_3
7	-10	x_3_1,x_3_2,x_3_3,x_3_4,x_4_0,x_4_1,x_4_4
7	10	x_3_1,x_3_2,x_3_3,x_3_4,x_4_0,x_4_2,x_4_3
7	30	x_3_1,x_3_2,x_3_3,x_3_4,x_4_0,x_4_2,x_4_4
7	20	x_3_1,x_3_2,x_3_3,x_3_4,x_4_0,x_4_3,x_4_4
7	-56	x_3_1,x_3_2,x_3_3,x_3_4,x_4_1,x_4_2,x_4_3
7	-32	x_3_1,x_3_2,x_3_3,x_3_4,x_4_1,x_4_2,x_4_4
7	-42	x_3_1,x_3_2,x_3_3,x_3_4,x_4_1,x_4_3,x_4_4
7	20	x_3_1,x_3_2,x_3_3,x_3_4,x_4_2,x_4_3,x_4_4
7	-16	x_3_1,x_3_2,x_3_3,x_3_4,x_5_1,x_5_2,x_5_3
7	-12	x_3_1,x_3_2,x_3_3,x_3_4,x_5_1,x_5_2,x_5_4
7	-12	x_3_1,x_3_2,x_3_3,x_3_4,x_5_1,x_5_3,x_5_4
7	-10	x_3_1,x_3_2,x_3_3,x_3_4,x_5_2,x_5_3,x_5_4
7	-40	x_3_1,x_3_2,x_3_3,x_4_0,x_4_1,x_4_2,x_4_3
7	-10	x_3_1,x_3_2,x_3_3,x_4_0,x_4_1,x_4_2,x_4_4
7	-20	x_3_1,x_3_2,x_3_3,x_4_0,x_4_1,x_4_3,x_4_4
7	30	x_3_1,x_3_2,x_3_3,x_4_0,x_4_2,x_4_3,x_4_4
7	-46	x_3_1,x_3_2,x_3_3,x_4_1,x_4_2,x_4_3,x_4_4
7	-16	x_3_1,x_3_2,x_3_3,x_5_1,x_5_2,x_5_3,x_5_4
7	-30	x_3_1,x_3_2,x_3_4,x_4_0,x_4_1,x_4_2,x_4_3
7	-30	x_3_1,x_3_2,x_3_4,x_4_0,x_4_1,x_4_2,x_4_4
7	-30	x_3_1,x_3_2,x_3_4,x_4_0,x_4_1,x_4_3,x_4_4
7	10	x_3_1,x_3_2,x_3_4,x_4_0,x_4_2,x_4_3,x_4_4
7	-52	x_3_1,x_3_2,x_3_4,x_4_1,x_4_2,x_4_3,x_4_4
7	-12	x_3_1,x_3_2,x_3_4,x_5_1,x_5_2,x_5_3,x_5_4
7	-30	x_3_1,x_3_2,x_4_0,x_4_1,x_4_2,x_4_3,x_4_4
7	-10	x_3_1,x_3_3,x_3_4,x_4_0,x_4_1,x_4_2,x_4_3
7	-20	x_3_1,x_3_3,x_3_4,x_4_0,x_4_1,x_4_2,x_4_4
7	-30	x_3_1,x_3_3,x_3_4,x_4_0,x_4_1,x_4_3,x_4_4
7	30	x_3_1,x_3_3,x_3_4,x_4_0,x_4_2,x_4_3,x_4_4
7	-32	x_3_1,x_3_3,x_3_4,x_4_1,x_4_2,x_4_3,x_4_4
7	-12	x_3_1,x_3_3,x_3_4,x_5_1,x_5_2,x_5_3,x_5_4
7	-10	x_3_1,x_3_3,x_4_0,x_4_1,x_4_2,x_4_3,x_4_4
7	-20	x_3_1,x_3_4,x_4_0,x_4_1,x_4_2,x_4_3,x_4_4
7	-40	x_3_2,x_3_3,x_3_4,x_4_0,x_4_1,x_4_2,x_4_3
7	-30	x_3_2,x_3_3,x_3_4,x_4_0,x_4_1,x_4_2,x_4_4
7	-30	x_3_2,x_3_3,x_3_4,x_4_0,x_4_1,x_4_3,x_4_4
7	-60	x_3_2,x_3_3,x_3_4,x_4_1,x_4_2,x_4_3,x_4_4
7	-10	x_3_2,x_3_3,x_3_4,x_5_1,x_5_2,x_5_3,x_5_4
7	-40	x_3_2,x_3_3,x_4_0,x_4_1,x_4_2,x_4_3,x_4_4
7	-30	x_3_2,x_3_4,x_4_0,x_4_1,x_4_2,x_4_3,x_4_4
7	-30	x_3_3,x_3_4,x_4_0,x_4_1,x_4_2,x_4_3,x_4_4
7	-20	x_4_0,x_4_1,x_4_2,x_4_3,x_4_4,x_5_0,x_5_1
7	-10	x_4_0,x_4_1,x_4_2,x_4_3,x_4_4,x_5_0,x_5_2
7	-20	x_4_0,x_4_1,x_4_2,x_4_3,x_4_4,x_5_0,x_5_3
7	-20	x_4_0,x_4_1,x_4_2,x_4_3,x_4_4,x_5_1,x_5_2
7	-30	x_4_0,x_4_1,x_4_2,x_4_3,x_4_4,x_5_1,x_5_3
7	-10	x_4_0,x_4_1,x_4_2,x_4_3,x_4_4,x_5_1,x_5_4
7	10	x_4_0,x_4_1,x_4_2,x_4_3,x_4_4,x_5_2,x_5_3
7	30	x_4_0,x_4_1,x_4_2,x_4_3,x_4_4,x_5_2,x_5_4
7	20	x_4_0,x_4_1,x_4_2,x_4_3,x_4_4,x_5_3,x_5_4
7	-50	x_4_0,x_4_1,x_4_2,x_4_3,x_5_0,x_5_1,x_5_2
7	-40	x_4_0,x_4_1,x_4_2,x_4_3,x_5_0,x_5_1,x_5_3
7	-10	x_4_0,x_4_1,x_4_2,x_4_3,x_5_0,x_5_1,x_5_4
7	-30	x_4_0,x_4_1,x_4_2,x_4_3,x_5_0,x_5_2,x_5_3
7	10	x_4_0,x_4_1,x_4_2,x_4_3,x_5_0,x_5_2,x_5_4
7	-40	x_4_0,x_4_1,x_4_2,x_4_3,x_5_1,x_5_2,x_5_3
7	-10	x_4_0,x_4_1,x_4_2,x_4_3,x_5_1,x_5_2,x_5_4
7	-20	x_4_0,x_4_1,x_4_2,x_4_3,x_5_1,x_5_3,x_5_4
7	30	x_4_0,x_4_1,x_4_2,x_4_3,x_5_2,x_5_3,x_5_4
7	-40	x_4_0,x_4_1,x_4_2,x_4_4,x_5_0,x_5_1,x_5_2
7	-30	x_4_0,x_4_1,x_4_2,x_4_4,x_5_0,x_5_1,x_5_3
7	-40	x_4_0,x_4_1,x_4_2,x_4_4,x_5_0,x_5_1,x_5_4
7	-20	x_4_0,x_4_1,x_4_2,x_4_4,x_5_0,x_5_2,x_5_3
7	-10	x_4_0,x_4_1,x_4_2,x_4_4,x_5_0,x_5_2,x_5_4
7	-10	x_4_0,x_4_1,x_4_2,x_4_4,x_5_0,x_5_3,x_5_4
7	-30	x_4_0,x_4_1,x_4_2,x_4_4,x_5_1,x_5_2,x_5_3
7	-30	x_4_0,x_4_1,x_4_2,x_4_4,x_5_1,x_5_2,x_5_4
7	-30	x_4_0,x_4_1,x_4_2,x_4_4,x_5_1,x_5_3,x_5_4
7	10	x_4_0,x_4_1,x_4_2,x_4_4,x_5_2,x_5_3,x_5_4
7	-50	x_4_0,x_4_1,x_4_2,x_5_0,x_5_1,x_5_2,x_5_3
7	-40	x_4_0,x_4_1,x_4_2,x_5_0,x_5_1,x_5_2,x_5_4
7	-30	x_4_0,x_4_1,x_4_2,x_5_0,x_5_1,x_5_3,x_5_4
7	-10	x_4_0,x_4_1,x_4_2,x_5_0,x_5_2,x_5_3,x_5_4
7	-30	x_4_0,x_4_1,x_4_2,x_5_1,x_5_2,x_5_3,x_5_4
7	-30	x_4_0,x_4_1,x_4_3,x_4_4,x_5_0,x_5_1,x_5_2
7	-40	x_4_0,x_4_1,x_4_3,x_4_4,x_5_0,x_5_1,x_5_3
7	-40	x_4_0,x_4_1,x_4_3,x_4_4,x_5_0,x_5_1,x_5_4
7	-10	x_4_0,x_4_1,x_4_3,x_4_4,x_5_0,x_5_3,x_5_4
7	-10	x_4_0,x_4_1,x_4_3,x_4_4,x_5_1,x_5_2,x_5_3
7	-20	x_4_0,x_4_1,x_4_3,x_4_4,x_5_1,x_5_2,x_5_4
7	-30	x_4_0,x_4_1,x_4_3,x_4_4,x_5_1,x_5_3,x_5_4
7	30	x_4_0,x_4_1,x_4_3,x_4_4,x_5_2,x_5_3,x_5_4
7	-40	x_4_0,x_4_1,x_4_3,x_5_0,x_5_1,x_5_2,x_5_3
7	-30	x_4_0,x_4_1,x_4_3,x_5_0,x_5_1,x_5_2,x_5_4
7	-40	x_4_0,x_4_1,x_4_3,x_5_0,x_5_1,x_5_3,x_5_4
7	10	x_4_0,x_4_1,x_4_3,x_5_0,x_5_2,x_5_3,x_5_4
7	-10	x_4_0,x_4_1,x_4_3,x_5_1,x_5_2,x_5_3,x_5_4
7	-10	x_4_0,x_4_1,x_4_4,x_5_0,x_5_1,x_5_2,x_5_3
7	-40	x_4_0,x_4_1,x_4_4,x_5_0,x_5_1,x_5_2,x_5_4
7	-40	x_4_0,x_4_1,x_4_4,x_5_0,x_5_1,x_5_3,x_5_4
7	-20	x_4_0,x_4_1,x_4_4,x_5_1,x_5_2,x_5_3,x_5_4
7	-20	x_4_0,x_4_1,x_5_0,x_5_1,x_5_2,x_5_3,x_5_4
7	-10	x_4_0,x_4_2,x_4_3,x_4_4,x_5_0,x_5_1,x_5_2
7	10	x_4_0,x_4_2,x_4_3,x_4_4,x_5_0,x_5_1,x_5_3
7	-40	x_4_0,x_4_2,x_4_3,x_4_4,x_5_1,x_5_2,x_5_3
7	-30	x_4_0,x_4_2,x_4_3,x_4_4,x_5_1,x_5_2,x_5_4
7	-30	x_4_0,x_4_2,x_4_3,x_4_4,x_5_1,x_5_3,x_5_4
7	-30	x_4_0,x_4_2,x_4_3,x_5_0,x_5_1,x_5_2,x_5_3
7	-20	x_4_0,x_4_2,x_4_3,x_5_0,x_5_1,x_5_2,x_5_4
7	-40	x_4_0,x_4_2,x_4_3,x_5_1,x_5_2,x_5_3,x_5_4
7	10	x_4_0,x_4_2,x_4_4,x_5_0,x_5_1,x_5_2,x_5_3
7	-10	x_4_0,x_4_2,x_4_4,x_5_0,x_5_1,x_5_2,x_5_4
7	-30	x_4_0,x_4_2,x_4_4,x_5_1,x_5_2,x_5_3,x_5_4
7	-10	x_4_0,x_4_2,x_5_0,x_5_1,x_5_2,x_5_3,x_5_4
7	-10	x_4_0,x_4_3,x_4_4,x_5_0,x_5_1,x_5_2,x_5_4
7	-10	x_4_0,x_4_3,x_4_4,x_5_0,x_5_1,x_5_3,x_5_4
7	-30	x_4_0,x_4_3,x_4_4,x_5_1,x_5_2,x_5_3,x_5_4
7	-20	x_4_0,x_4_3,x_5_0,x_5_1,x_5_2,x_5_3,x_5_4
7	-20	x_4_1,x_4_2,x_4_3,x_4_4,x_5_0,x_5_1,x_5_2
7	-30	x_4_1,x_4_2,x_4_3,x_4_4,x_5_0,x_5_1,x_5_3
7	-10	x_4_1,x_4_2,x_4_3,x_4_4,x_5_0,x_5_1,x_5_4
7	10	x_4_1,x_4_2,x_4_3,x_4_4,x_5_0,x_5_2,x_5_3
7	30	x_4_1,x_4_2,x_4_3,x_4_4,x_5_0,x_5_2,x_5_4
7	20	x_4_1,x_4_2,x_4_3,x_4_4,x_5_0,x_5_3,x_5_4
7	-56	x_4_1,x_4_2,x_4_3,x_4_4,x_5_1,x_5_2,x_5_3
7	-32	x_4_1,x_4_2,x_4_3,x_4_4,x_5_1,x_5_2,x_5_4
7	-42	x_4_1,x_4_2,x_4_3,x_4_4,x_5_1,x_5_3,x_5_4
7	20	x_4_1,x_4_2,x_4_3,x_4_4,x_5_2,x_5_3,x_5_4
7	-40	x_4_1,x_4_2,x_4_3,x_5_0,x_5_1,x_5_2,x_5_3
7	-10	x_4_1,x_4_2,x_4_3,x_5_0,x_5_1,x_5_2,x_5_4
7	-20	x_4_1,x_4_2,x_4_3,x_5_0,x_5_1,x_5_3,x_5_4
7	30	x_4_1,x_4_2,x_4_3,x_5_0,x_5_2,x_5_3,x_5_4
7	-46	x_4_1,x_4_2,x_4_3,x_5_1,x_5_2,x_5_3,x_5_4
7	-30	x_4_1,x_4_2,x_4_4,x_5_0,x_5_1,x_5_2,x_5_3
7	-30	x_4_1,x_4_2,x_4_4,x_5_0,x_5_1,x_5_2,x_5_4
7	-30	x_4_1,x_4_2,x_4_4,x_5_0,x_5_1,x_5_3,x_5_4
7	10	x_4_1,x_4_2,x_4_4,x_5_0,x_5_2,x_5_3,x_5_4
7	-52	x_4_1,x_4_2,x_4_4,x_5_1,x_5_2,x_5_3,x_5_4
7	-30	x_4_1,x_4_2,x_5_0,x_5_1,x_5_2,x_5_3,x_5_4
7	-10	x_4_1,x_4_3,x_4_4,x_5_0,x_5_1,x_5_2,x_5_3
7	-20	x_4_1,x_4_3,x_4_4,x_5_0,x_5_1,x_5_2,x_5_4
7	-30	x_4_1,x_4_3,x_4_4,x_5_0,x_5_1,x_5_3,x_5_4
7	30	x_4_1,x_4_3,x_4_4,x_5_0,x_5_2,x_5_3,x_5_4
7	-32	x_4_1,x_4_3,x_4_4,x_5_1,x_5_2,x_5_3,x_5_4
7	-10	x_4_1,x_4_3,x_5_0,x_5_1,x_5_2,x_5_3,x_5_4
7	-20	x_4_1,x_4_4,x_5_0,x_5_1,x_5_2,x_5_3,x_5_4
7	-40	x_4_2,x_4_3,x_4_4,x_5_0,x_5_1,x_5_2,x_5_3
7	-30	x_4_2,x_4_3,x_4_4,x_5_0,x_5_1,x_5_2,x_5_4
7	-30	x_4_2,x_4_3,x_4_4,x_5_0,x_5_1,x_5_3,x_5_4
7	-60	x_4_2,x_4_3,x_4_4,x_5_1,x_5_2,x_5_3,x_5_4
7	-40	x_4_2,x_4_3,x_5_0,x_5_1,x_5_2,x_5_3,x_5_4
7	-30	x_4_2,x_4_4,x_5_0,x_5_1,x_5_2,x_5_3,x_5_4
7	-30	x_4_3,x_4_4,x_5_0,x_5_1,x_5_2,x_5_3,x_5_4
8	50	x_0_0,x_0_1,x_0_2,x_0_3,x_0_4,x_1_0,x_1_1,x_1_2
8	40	x_0_0,x_0_1,x_0_2,x_0_3,x_0_4,x_1_0,x_1_1,x_1_3
8	30	x_0_0,x_0_1,x_0_2,x_0_3,x_0_4,x_1_0,x_1_1,x_1_4
8	30	x_0_0,x_0_1,x_0_2,x_0_3,x_0_4,x_1_0,x_1_2,x_1_3
8	10	x_0_0,x_0_1,x_0_2,x_0_3,x_0_4,x_1_0,x_1_3,x_1_4
8	40	x_0_0,x_0_1,x_0_2,x_0_3,x_0_4,x_1_1,x_1_2,x_1_3
8	20	x_0_0,x_0_1,x_0_2,x_0_3,x_0_4,x_1_1,x_1_2,x_1_4
8	30	x_0_0,x_0_1,x_0_2,x_0_3,x_0_4,x_1_1,x_1_3,x_1_4
8	-30	x_0_0,x_0_1,x_0_2,x_0_3,x_0_4,x_1_2,x_1_3,x_1_4
8	80	x_0_0,x_0_1,x_0_2,x_0_3,x_1_0,x_1_1,x_1_2,x_1_3
8	40	x_0_0,x_0_1,x_0_2,x_0_3,x_1_0,x_1_1,x_1_2,x_1_4
8	30	x_0_0,x_0_1,x_0_2,x_0_3,x_1_0,x_1_1,x_1_3,x_1_4
8	10	x_0_0,x_0_1,x_0_2,x_0_3,x_1_0,x_1_2,x_1_3,x_1_4
8	30	x_0_0,x_0_1,x_0_2,x_0_3,x_1_1,x_1_2,x_1_3,x_1_4
8	40	x_0_0,x_0_1,x_0_2,x_0_4,x_1_0,x_1_1,x_1_2,x_1_3
8	60	x_0_0,x_0_1,x_0_2,x_0_4,x_1_0,x_1_1,x_1_2,x_1_4
8	50	x_0_0,x_0_1,x_0_2,x_0_4,x_1_0,x_1_1,x_1_3,x_1_4
8	20	x_0_0,x_0_1,x_0_2,x_0_4,x_1_0,x_1_2,x_1_3,x_1_4
8	40	x_0_0,x_0_1,x_0_2,x_0_4,x_1_1,x_1_2,x_1_3,x_1_4
8	50	x_0_0,x_0_1,x_0_2,x_1_0,x_1_1,x_1_2,x_1_3,x_1_4
8	30	x_0_0,x_0_1,x_0_3,x_0_4,x_1_0,x_1_1,x_1_2,x_1_3
8	50	x_0_0,x_0_1,x_0_3,x_0_4,x_1_0,x_1_1,x_1_2,x_1_4
8	60	x_0_0,x_0_1,x_0_3,x_0_4,x_1_0,x_1_1,x_1_3,x_1_4
8	20	x_0_0,x_0_1,x_0_3,x_0_4,x_1_1,x_1_2,x_1_3,x_1_4
8	40	x_0_0,x_0_1,x_0_3,x_1_0,x_1_1,x_1_2,x_1_3,x_1_4
8	30	x_0_0,x_0_1,x_0_4,x_1_0,x_1_1,x_1_2,x_1_3,x_1_4
8	10	x_0_0,x_0_2,x_0_3,x_0_4,x_1_0,x_1_1,x_1_2,x_1_3
8	20	x_0_0,x_0_2,x_0_3,x_0_4,x_1_0,x_1_1,x_1_2,x_1_4
8	50	x_0_0,x_0_2,x_0_3,x_0_4,x_1_1,x_1_2,x_1_3,x_1_4
8	30	x_0_0,x_0_2,x_0_3,x_1_0,x_1_1,x_1_2,x_1_3,x_1_4
8	10	x_0_0,x_0_3,x_0_4,x_1_0,x_1_1,x_1_2,x_1_3,x_1_4
8	40	x_0_1,x_0_2,x_0_3,x_0_4,x_1_0,x_1_1,x_1_2,x_1_3
8	20	x_0_1,x_0_2,x_0_3,x_0_4,x_1_0,x_1_1,x_1_2,x_1_4
8	30	x_0_1,x_0_2,x_0_3,x_0_4,x_1_0,x_1_1,x_1_3,x_1_4
8	-30	x_0_1,x_0_2,x_0_3,x_0_4,x_1_0,x_1_2,x_1_3,x_1_4
8	60	x_0_1,x_0_2,x_0_3,x_0_4,x_1_1,x_1_2,x_1_3,x_1_4
8	20	x_0_1,x_0_2,x_0_3,x_0_4,x_2_1,x_2_2,x_2_3,x_2_4
8	20	x_0_1,x_0_2,x_0_3,x_0_4,x_3_1,x_3_2,x_3_3,x_3_4
8	20	x_0_1,x_0_2,x_0_3,x_0_4,x_4_1,x_4_2,x_4_3,x_4_4
8	20	x_0_1,x_0_2,x_0_3,x_0_4,x_5_1,x_5_2,x_5_3,x_5_4
8	30	x_0_1,x_0_2,x_0_3,x_1_0,x_1_1,x_1_2,x_1_3,x_1_4
8	40	x_0_1,x_0_2,x_0_4,x_1_0,x_1_1,x_1_2,x_1_3,x_1_4
8	20	x_0_1,x_0_3,x_0_4,x_1_0,x_1_1,x_1_2,x_1_3,x_1_4
8	50	x_0_2,x_0_3,x_0_4,x_1_0,x_1_1,x_1_2,x_1_3,x_1_4
8	50	x_1_0,x_1_1,x_1_2,x_1_3,x_1_4,x_2_0,x_2_1,x_2_2
8	40	x_1_0,x_1_1,x_1_2,x_1_3,x_1_4,x_2_0,x_2_1,x_2_3
8	30	x_1_0,x_1_1,x_1_2,x_1_3,x_1_4,x_2_0,x_2_1,x_2_4
8	30	x_1_0,x_1_1,x_1_2,x_1_3,x_1_4,x_2_0,x_2_2,x_2_3
8	10	x_1_0,x_1_1,x_1_2,x_1_3,x_1_4,x_2_0,x_2_3,x_2_4
8	40	x_1_0,x_1_1,x_1_2,x_1_3,x_1_4,x_2_1,x_2_2,x_2_3
8	20	x_1_0,x_1_1,x_1_2,x_1_3,x_1_4,x_2_1,x_2_2,x_2_4
8	30	x_1_0,x_1_1,x_1_2,x_1_3,x_1_4,x_2_1,x_2_3,x_2_4
8	-30	x_1_0,x_1_1,x_1_2,x_1_3,x_1_4,x_2_2,x_2_3,x_2_4
8	80	x_1_0,x_1_1,x_1_2,x_1_3,x_2_0,x_2_1,x_2_2,x_2_3
8	40	x_1_0,x_1_1,x_1_2,x_1_3,x_2_0,x_2_1,x_2_2,x_2_4
8	30	x_1_0,x_1_1,x_1_2,x_1_3,x_2_0,x_2_1,x_2_3,x_2_4
8	10	x_1_0,x_1_1,x_1_2,x_1_3,x_2_0,x_2_2,x_2_3,x_2_4
8	30	x_1_0,x_1_1,x_1_2,x_1_3,x_2_1,x_2_2,x_2_3,x_2_4
8	40	x_1_0,x_1_1,x_1_2,x_1_4,x_2_0,x_2_1,x_2_2,x_2_3
8	60	x_1_0,x_1_1,x_1_2,x_1_4,x_2_0,x_2_1,x_2_2,x_2_4
8	50	x_1_0,x_1_1,x_1_2,x_1_4,x_2_0,x_2_1,x_2_3,x_2_4
8	20	x_1_0,x_1_1,x_1_2,x_1_4,x_2_0,x_2_2,x_2_3,x_2_4
8	40	x_1_0,x_1_1,x_1_2,x_1_4,x_2_1,x_2_2,x_2_3,x_2_4
8	50	x_1_0,x_1_1,x_1_2,x_2_0,x_2_1,x_2_2,x_2_3,x_2_4
8	30	x_1_0,x_1_1,x_1_3,x_1_4,x_2_0,x_2_1,x_2_2,x_2_3
8	50	x_1_0,x_1_1,x_1_3,x_1_4,x_2_0,x_2_1,x_2_2,x_2_4
8	60	x_1_0,x_1_1,x_1_3,x_1_4,x_2_0,x_2_1,x_2_3,x_2_4
8	20	x_1_0,x_1_1,x_1_3,x_1_4,x_2_1,x_2_2,x_2_3,x_2_4
8	40	x_1_0,x_1_1,x_1_3,x_2_0,x_2_1,x_2_2,x_2_3,x_2_4
8	30	x_1_0,x_1_1,x_1_4,x_2_0,x_2_1,x_2_2,x_2_3,x_2_4
8	10	x_1_0,x_1_2,x_1_3,x_1_4,x_2_0,x_2_1,x_2_2,x_2_3
8	20	x_1_0,x_1_2,x_1_3,x_1_4,x_2_0,x_2_1,x_2_2,x_2_4
8	50	x_1_0,x_1_2,x_1_3,x_1_4,x_2_1,x_2_2,x_2_3,x_2_4
8	30	x_1_0,x_1_2,x_1_3,x_2_0,x_2_1,x_2_2,x_2_3,x_2_4
8	10	x_1_0,x_1_3,x_1_4,x_2_0,x_2_1,x_2_2,x_2_3,x_2_4
8	40	x_1_1,x_1_2,x_1_3,x_1_4,x_2_0,x_2_1,x_2_2,x_2_3
8	20	x_1_1,x_1_2,x_1_3,x_1_4,x_2_0,x_2_1,x_2_2,x_2_4
8	30	x_1_1,x_1_2,x_1_3,x_1_4,x_2_0,x_2_1,x_2_3,x_2_4
8	-30	x_1_1,x_1_2,x_1_3,x_1_4,x_2_0,x_2_2,x_2_3,x_2_4
8	60	x_1_1,x_1_2,x_1_3,x_1_4,x_2_1,x_2_2,x_2_3,x_2_4
8	20	x_1_1,x_1_2,x_1_3,x_1_4,x_3_1,x_3_2,x_3_3,x_3_4
8	20	x_1_1,x_1_2,x_1_3,x_1_4,x_4_1,x_4_2,x_4_3,x_4_4
8	20	x_1_1,x_1_2,x_1_3,x_1_4,x_5_1,x_5_2,x_5_3,x_5_4
8	30	x_1_1,x_1_2,x_1_3,x_2_0,x_2_1,x_2_2,x_2_3,x_2_4
8	40	x_1_1,x_1_2,x_1_4,x_2_0,x_2_1,x_2_2,x_2_3,x_2_4
8	20	x_1_1,x_1_3,x_1_4,x_2_0,x_2_1,x_2_2,x_2_3,x_2_4
8	50	x_1_2,x_1_3,x_1_4,x_2_0,x_2_1,x_2_2,x_2_3,x_2_4
8	50	x_2_0,x_2_1,x_2_2,x_2_3,x_2_4,x_3_0,x_3_1,x_3_2
8	40	x_2_0,x_2_1,x_2_2,x_2_3,x_2_4,x_3_0,x_3_1,x_3_3
8	30	x_2_0,x_2_1,x_2_2,x_2_3,x_2_4,x_3_0,x_3_1,x_3_4
8	30	x_2_0,x_2_1,x_2_2,x_2_3,x_2_4,x_3_0,x_3_2,x_3_3
8	10	x_2_0,x_2_1,x_2_2,x_2_3,x_2_4,x_3_0,x_3_3,x_3_4
8	40	x_2_0,x_2_1,x_2_2,x_2_3,x_2_4,x_3_1,x_3_2,x_3_3
8	20	x_2_0,x_2_1,x_2_2,x_2_3,x_2_4,x_3_1,x_3_2,x_3_4
8	30	x_2_0,x_2_1,x_2_2,x_2_3,x_2_4,x_3_1,x_3_3,x_3_4
8	-30	x_2_0,x_2_1,x_2_2,x_2_3,x_2_4,x_3_2,x_3_3,x_3_4
8	80	x_2_0,x_2_1,x_2_2,x_2_3,x_3_0,x_3_1,x_3_2,x_3_3
8	40	x_2_0,x_2_1,x_2_2,x_2_3,x_3_0,x_3_1,x_3_2,x_3_4
8	30	x_2_0,x_2_1,x_2_2,x_2_3,x_3_0,x_3_1,x_3_3,x_3_4
8	10	x_2_0,x_2_1,x_2_2,x_2_3,x_3_0,x_3_2,x_3_3,x_3_4
8	30	x_2_0,x_2_1,x_2_2,x_2_3,x_3_1,x_3_2,x_3_3,x_3_4
8	40	x_2_0,x_2_1,x_2_2,x_2_4,x_3_0,x_3_1,x_3_2,x_3_3
8	60	x_2_0,x_2_1,x_2_2,x_2_4,x_3_0,x_3_1,x_3_2,x_3_4
8	50	x_2_0,x_2_1,x_2_2,x_2_4,x_3_0,x_3_1,x_3_3,x_3_4
8	20	x_2_0,x_2_1,x_2_2,x_2_4,x_3_0,x_3_2,x_3_3,x_3_4
8	40	x_2_0,x_2_1,x_2_2,x_2_4,x_3_1,x_3_2,x_3_3,x_3_4
8	50	x_2_0,x_2_1,x_2_2,x_3_0,x_3_1,x_3_2,x_3_3,x_3_4
8	30	x_2_0,x_2_1,x_2_3,x_2_4,x_3_0,x_3_1,x_3_2,x_3_3
8	50	x_2_0,x_2_1,x_2_3,x_2_4,x_3_0,x_3_1,x_3_2,x_3_4
8	60	x_2_0,x_2_1,x_2_3,x_2_4,x_3_0,x_3_1,x_3_3,x_3_4
8	20	x_2_0,x_2_1,x_2_3,x_2_4,x_3_1,x_3_2,x_3_3,x_3_4
8	40	x_2_0,x_2_1,x_2_3,x_3_0,x_3_1,x_3_2,x_3_3,x_3_4
8	30	x_2_0,x_2_1,x_2_4,x_3_0,x_3_1,x_3_2,x_3_3,x_3_4
8	10	x_2_0,x_2_2,x_2_3,x_2_4,x_3_0,x_3_1,x_3_2,x_3_3
8	20	x_2_0,x_2_2,x_2_3,x_2_4,x_3_0,x_3_1,x_3_2,x_3_4
8	50	x_2_0,x_2_2,x_2_3,x_2_4,x_3_1,x_3_2,x_3_3,x_3_4
8	30	x_2_0,x_2_2,x_2_3,x_3_0,x_3_1,x_3_2,x_3_3,x_3_4
8	10	x_2_0,x_2_3,x_2_4,x_3_0,x_3_1,x_3_2,x_3_3,x_3_4
8	40	x_2_1,x_2_2,x_2_3,x_2_4,x_3_0,x_3_1,x_3_2,x_3_3
8	20	x_2_1,x_2_2,x_2_3,x_2_4,x_3_0,x_3_1,x_3_2,x_3_4
8	30	x_2_1,x_2_2,x_2_3,x_2_4,x_3_0,x_3_1,x_3_3,x_3_4
8	-30	x_2_1,x_2_2,x_2_3,x_2_4,x_3_0,x_3_2,x_3_3,x_3_4
8	60	x_2_1,x_2_2,x_2_3,x_2_4,x_3_1,x_3_2,x_3_3,x_3_4
8	20	x_2_1,x_2_2,x_2_3,x_2_4,x_4_1,x_4_2,x_4_3,x_4_4
8	20	x_2_1,x_2_2,x_2_3,x_2_4,x_5_1,x_5_2,x_5_3,x_5_4
8	30	x_2_1,x_2_2,x_2_3,x_3_0,x_3_1,x_3_2,x_3_3,x_3_4
8	40	x_2_1,x_2_2,x_2_4,x_3_0,x_3_1,x_3_2,x_3_3,x_3_4
8	20	x_2_1,x_2_3,x_2_4,x_3_0,x_3_1,x_3_2,x_3_3,x_3_4
8	50	x_2_2,x_2_3,x_2_4,x_3_0,x_3_1,x_3_2,x_3_3,x_3_4
8	50	x_3_0,x_3_1,x_3_2,x_3_3,x_3_4,x_4_0,x_4_1,x_4_2
8	40	x_3_0,x_3_1,x_3_2,x_3_3,x_3_4,x_4_0,x_4_1,x_4_3
8	30	x_3_0,x_3_1,x_3_2,x_3_3,x_3_4,x_4_0,x_4_1,x_4_4
8	30	x_3_0,x_3_1,x_3_2,x_3_3,x_3_4,x_4_0,x_4_2,x_4_3
8	10	x_3_0,x_3_1,x_3_2,x_3_3,x_3_4,x_4_0,x_4_3,x_4_4
8	40	x_3_0,x_3_1,x_3_2,x_3_3,x_3_4,x_4_1,x_4_2,x_4_3
8	20	x_3_0,x_3_1,x_3_2,x_3_3,x_3_4,x_4_1,x_4_2,x_4_4
8	30	x_3_0,x_3_1,x_3_2,x_3_3,x_3_4,x_4_1,x_4_3,x_4_4
8	-30	x_3_0,x_3_1,x_3_2,x_3_3,x_3_4,x_4_2,x_4_3,x_4_4
8	80	x_3_0,x_3_1,x_3_2,x_3_3,x_4_0,x_4_1,x_4_2,x_4_3
8	40	x_3_0,x_3_1,x_3_2,x_3_3,x_4_0,x_4_1,x_4_2,x_4_4
8	30	x_3_0,x_3_1,x_3_2,x_3_3,x_4_0,x_4_1,x_4_3,x_4_4
8	10	x_3_0,x_3_1,x_3_2,x_3_3,x_4_0,x_4_2,x_4_3,x_4_4
8	30	x_3_0,x_3_1,x_3_2,x_3_3,x_4_1,x_4_2,x_4_3,x_4_4
8	40	x_3_0,x_3_1,x_3_2,x_3_4,x_4_0,x_4_1,x_4_2,x_4_3
8	60	x_3_0,x_3_1,x_3_2,x_3_4,x_4_0,x_4_1,x_4_2,x_4_4
8	50	x_3_0,x_3_1,x_3_2,x_3_4,x_4_0,x_4_1,x_4_3,x_4_4
8	20	x_3_0,x_3_1,x_3_2,x_3_4,x_4_0,x_4_2,x_4_3,x_4_4
8	40	x_3_0,x_3_1,x_3_2,x_3_4,x_4_1,x_4_2,x_4_3,x_4_4
8	50	x_3_0,x_3_1,x_3_2,x_4_0,x_4_1,x_4_2,x_4_3,x_4_4
8	30	x_3_0,x_3_1,x_3_3,x_3_4,x_4_0,x_4_1,x_4_2,x_4_3
8	50	x_3_0,x_3_1,x_3_3,x_3_4,x_4_0,x_4_1,x_4_2,x_4_4
8	60	x_3_0,x_3_1,x_3_3,x_3_4,x_4_0,x_4_1,x_4_3,x_4_4
8	20	x_3_0,x_3_1,x_3_3,x_3_4,x_4_1,x_4_2,x_4_3,x_4_4
8	40	x_3_0,x_3_1,x_3_3,x_4_0,x_4_1,x_4_2,x_4_3,x_4_4
8	30	x_3_0,x_3_1,x_3_4,x_4_0,x_4_1,x_4_2,x_4_3,x_4_4
8	10	x_3_0,x_3_2,x_3_3,x_3_4,x_4_0,x_4_1,x_4_2,x_4_3
8	20	x_3_0,x_3_2,x_3_3,x_3_4,x_4_0,x_4_1,x_4_2,x_4_4
8	50	x_3_0,x_3_2,x_3_3,x_3_4,x_4_1,x_4_2,x_4_3,x_4_4
8	30	x_3_0,x_3_2,x_3_3,x_4_0,x_4_1,x_4_2,x_4_3,x_4_4
8	10	x_3_0,x_3_3,x_3_4,x_4_0,x_4_1,x_4_2,x_4_3,x_4_4
8	40	x_3_1,x_3_2,x_3_3,x_3_4,x_4_0,x_4_1,x_4_2,x_4_3
8	20	x_3_1,x_3_2,x_3_3,x_3_4,x_4_0,x_4_1,x_4_2,x_4_4
8	30	x_3_1,x_3_2,x_3_3,x_3_4,x_4_0,x_4_1,x_4_3,x_4_4
8	-30	x_3_1,x_3_2,x_3_3,x_3_4,x_4_0,x_4_2,x_4_3,x_4_4
8	60	x_3_1,x_3_2,x_3_3,x_3_4,x_4_1,x_4_2,x_4_3,x_4_4
8	20	x_3_1,x_3_2,x_3_3,x_3_4,x_5_1,x_5_2,x_5_3,x_5_4
8	30	x_3_1,x_3_2,x_3_3,x_4_0,x_4_1,x_4_2,x_4_3,x_4_4
8	40	x_3_1,x_3_2,x_3_4,x_4_0,x_4_1,x_4_2,x_4_3,x_4_4
8	20	x_3_1,x_3_3,x_3_4,x_4_0,x_4_1,x_4_2,x_4_3,x_4_4
8	50	x_3_2,x_3_3,x_3_4,x_4_0,x_4_1,x_4_2,x_4_3,x_4_4
8	50	x_4_0,x_4_1,x_4_2,x_4_3,x_4_4,x_5_0,x_5_1,x_5_2
8	40	x_4_0,x_4_1,x_4_2,x_4_3,x_4_4,x_5_0,x_5_1,x_5_3
8	30	x_4_0,x_4_1,x_4_2,x_4_3,x_4_4,x_5_0,x_5_1,x_5_4
8	30	x_4_0,x_4_1,x_4_2,x_4_3,x_4_4,x_5_0,x_5_2,x_5_3
8	10	x_4_0,x_4_1,x_4_2,x_4_3,x_4_4,x_5_0,x_5_3,x_5_4
8	40	x_4_0,x_4_1,x_4_2,x_4_3,x_4_4,x_5_1,x_5_2,x_5_3
8	20	x_4_0,x_4_1,x_4_2,x_4_3,x_4_4,x_5_1,x_5_2,x_5_4
8	30	x_4_0,x_4_1,x_4_2,x_4_3,x_4_4,x_5_1,x_5_3,x_5_4
8	-30	x_4_0,x_4_1,x_4_2,x_4_3,x_4_4,x_5_2,x_5_3,x_5_4
8	80	x_4_0,x_4_1,x_4_2,x_4_3,x_5_0,x_5_1,x_5_2,x_5_3
8	40	x_4_0,x_4_1,x_4_2,x_4_3,x_5_0,x_5_1,x_5_2,x_5_4
8	30	x_4_0,x_4_1,x_4_2,x_4_3,x_5_0,x_5_1,x_5_3,x_5_4
8	10	x_4_0,x_4_1,x_4_2,x_4_3,x_5_0,x_5_2,x_5_3,x_5_4
8	30	x_4_0,x_4_1,x_4_2,x_4_3,x_5_1,x_5_2,x_5_3,x_5_4
8	40	x_4_0,x_4_1,x_4_2,x_4_4,x_5_0,x_5_1,x_5_2,x_5_3
8	60	x_4_0,x_4_1,x_4_2,x_4_4,x_5_0,x_5_1,x_5_2,x_5_4
8	50	x_4_0,x_4_1,x_4_2,x_4_4,x_5_0,x_5_1,x_5_3,x_5_4
8	20	x_4_0,x_4_1,x_4_2,x_4_4,x_5_0,x_5_2,x_5_3,x_5_4
8	40	x_4_0,x_4_1,x_4_2,x_4_4,x_5_1,x_5_2,x_5_3,x_5_4
8	50	x_4_0,x_4_1,x_4_2,x_5_0,x_5_1,x_5_2,x_5_3,x_5_4
8	30	x_4_0,x_4_1,x_4_3,x_4_4,x_5_0,x_5_1,x_5_2,x_5_3
8	50	x_4_0,x_4_1,x_4_3,x_4_4,x_5_0,x_5_1,x_5_2,x_5_4
8	60	x_4_0,x_4_1,x_4_3,x_4_4,x_5_0,x_5_1,x_5_3,x_5_4
8	20	x_4_0,x_4_1,x_4_3,x_4_4,x_5_1,x_5_2,x_5_3,x_5_4
8	40	x_4_0,x_4_1,x_4_3,x_5_0,x_5_1,x_5_2,x_5_3,x_5_4
8	30	x_4_0,x_4_1,x_4_4,x_5_0,x_5_1,x_5_2,x_5_3,x_5_4
8	10	x_4_0,x_4_2,x_4_3,x_4_4,x_5_0,x_5_1,x_5_2,x_5_3
8	20	x_4_0,x_4_2,x_4_3,x_4_4,x_5_0,x_5_1,x_5_2,x_5_4
8	50	x_4_0,x_4_2,x_4_3,x_4_4,x_5_1,x_5_2,x_5_3,x_5_4
8	30	x_4_0,x_4_2,x_4_3,x_5_0,x_5_1,x_5_2,x_5_3,x_5_4
8	10	x_4_0,x_4_3,x_4_4,x_5_0,x_5_1,x_5_2,x_5_3,x_5_4
8	40	x_4_1,x_4_2,x_4_3,x_4_4,x_5_0,x_5_1,x_5_2,x_5_3
8	20	x_4_1,x_4_2,x_4_3,x_4_4,x_5_0,x_5_1,x_5_2,x_5_4
8	30	x_4_1,x_4_2,x_4_3,x_4_4,x_5_0,x_5_1,x_5_3,x_5_4
8	-30	x_4_1,x_4_2,x_4_3,x_4_4,x_5_0,x_5_2,x_5_3,x_5_4
8	60	x_4_1,x_4_2,x_4_3,x_4_4,x_5_1,x_5_2,x_5_3,x_5_4
8	30	x_4_1,x_4_2,x_4_3,x_5_0,x_5_1,x_5_2,x_5_3,x_5_4
8	40	x_4_1,x_4_2,x_4_4,x_5_0,x_5_1,x_5_2,x_5_3,x_5_4
8	20	x_4_1,x_4_3,x_4_4,x_5_0,x_5_1,x_5_2,x_5_3,x_5_4
8	50	x_4_2,x_4_3,x_4_4,x_5_0,x_5_1,x_5_2,x_5_3,x_5_4
9	-70	x_0_0,x_0_1,x_0_2,x_0_3,x_0_4,x_1_0,x_1_1,x_1_2,x_1_3
9	-60	x_0_0,x_0_1,x_0_2,x_0_3,x_0_4,x_1_0,x_1_1,x_1_2,x_1_4
9	-50	x_0_0,x_0_1,x_0_2,x_0_3,x_0_4,x_1_0,x_1_1,x_1_3,x_1_4
9	-20	x_0_0,x_0_1,x_0_2,x_0_3,x_0_4,x_1_0,x_1_2,x_1_3,x_1_4
9	-40	x_0_0,x_0_1,x_0_2,x_0_3,x_0_4,x_1_1,x_1_2,x_1_3,x_1_4
9	-70	x_0_0,x_0_1,x_0_2,x_0_3,x_1_0,x_1_1,x_1_2,x_1_3,x_1_4
9	-60	x_0_0,x_0_1,x_0_2,x_0_4,x_1_0,x_1_1,x_1_2,x_1_3,x_1_4
9	-50	x_0_0,x_0_1,x_0_3,x_0_4,x_1_0,x_1_1,x_1_2,x_1_3,x_1_4
9	-20	x_0_0,x_0_2,x_0_3,x_0_4,x_1_0,x_1_1,x_1_2,x_1_3,x_1_4
9	-40	x_0_1,x_0_2,x_0_3,x_0_4,x_1_0,x_1_1,x_1_2,x_1_3,x_1_4
9	-70	x_1_0,x_1_1,x_1_2,x_1_3,x_1_4,x_2_0,x_2_1,x_2_2,x_2_3
9	-60	x_1_0,x_1_1,x_1_2,x_1_3,x_1_4,x_2_0,x_2_1,x_2_2,x_2_4
9	-50	x_1_0,x_1_1,x_1_2,x_1_3,x_1_4,x_2_0,x_2_1,x_2_3,x_2_4
9	-20	x_1_0,x_1_1,x_1_2,x_1_3,x_1_4,x_2_0,x_2_2,x_2_3,x_2_4
9	-40	x_1_0,x_1_1,x_1_2,x_1_3,x_1_4,x_2_1,x_2_2,x_2_3,x_2_4
9	-70	x_1_0,x_1_1,x_1_2,x_1_3,x_2_0,x_2_1,x_2_2,x_2_3,x_2_4
9	-60	x_1_0,x_1_1,x_1_2,x_1_4,x_2_0,x_2_1,x_2_2,x_2_3,x_2_4
9	-50	x_1_0,x_1_1,x_1_3,x_1_4,x_2_0,x_2_1,x_2_2,x_2_3,x_2_4
9	-20	x_1_0,x_1_2,x_1_3,x_1_4,x_2_0,x_2_1,x_2_2,x_2_3,x_2_4
9	-40	x_1_1,x_1_2,x_1_3,x_1_4,x_2_0,x_2_1,x_2_2,x_2_3,x_2_4
9	-70	x_2_0,x_2_1,x_2_2,x_2_3,x_2_4,x_3_0,x_3_1,x_3_2,x_3_3
9	-60	x_2_0,x_2_1,x_2_2,x_2_3,x_2_4,x_3_0,x_3_1,x_3_2,x_3_4
9	-50	x_2_0,x_2_1,x_2_2,x_2_3,x_2_4,x_3_0,x_3_1,x_3_3,x_3_4
9	-20	x_2_0,x_2_1,x_2_2,x_2_3,x_2_4,x_3_0,x_3_2,x_3_3,x_3_4
9	-40	x_2_0,x_2_1,x_2_2,x_2_3,x_2_4,x_3_1,x_3_2,x_3_3,x_3_4
9	-70	x_2_0,x_2_1,x_2_2,x_2_3,x_3_0,x_3_1,x_3_2,x_3_3,x_3_4
9	-60	x_2_0,x_2_1,x_2_2,x_2_4,x_3_0,x_3_1,x_3_2,x_3_3,x_3_4
9	-50	x_2_0,x_2_1,x_2_3,x_2_4,x_3_0,x_3_1,x_3_2,x_3_3,x_3_4
9	-20	x_2_0,x_2_2,x_2_3,x_2_4,x_3_0,x_3_1,x_3_2,x_3_3,x_3_4
9	-40	x_2_1,x_2_2,x_2_3,x_2_4,x_3_0,x_3_1,x_3_2,x_3_3,x_3_4
9	-70	x_3_0,x_3_1,x_3_2,x_3_3,x_3_4,x_4_0,x_4_1,x_4_2,x_4_3
9	-60	x_3_0,x_3_1,x_3_2,x_3_3,x_3_4,x_4_0,x_4_1,x_4_2,x_4_4
9	-50	x_3_0,x_3_1,x_3_2,x_3_3,x_3_4,x_4_0,x_4_1,x_4_3,x_4_4
9	-20	x_3_0,x_3_1,x_3_2,x_3_3,x_3_4,x_4_0,x_4_2,x_4_3,x_4_4
9	-40	x_3_0,x_3_1,x_3_2,x_3_3,x_3_4,x_4_1,x_4_2,x_4_3,x_4_4
9	-70	x_3_0,x_3_1,x_3_2,x_3_3,x_4_0,x_4_1,x_4_2,x_4_3,x_4_4
9	-60	x_3_0,x_3_1,x_3_2,x_3_4,x_4_0,x_4_1,x_4_2,x_4_3,x_4_4
9	-50	x_3_0,x_3_1,x_3_3,x_3_4,x_4_0,x_4_1,x_4_2,x_4_3,x_4_4
9	-20	x_3_0,x_3_2,x_3_3,x_3_4,x_4_0,x_4_1,x_4_2,x_4_3,x_4_4
9	-40	x_3_1,x_3_2,x_3_3,x_3_4,x_4_0,x_4_1,x_4_2,x_4_3,x_4_4
9	-70	x_4_0,x_4_1,x_4_2,x_4_3,x_4_4,x_5_0,x_5_1,x_5_2,x_5_3
9	-60	x_4_0,x_4_1,x_4_2,x_4_3,x_4_4,x_5_0,x_5_1,x_5_2,x_5_4
9	-50	x_4_0,x_4_1,x_4_2,x_4_3,x_4_4,x_5_0,x_5_1,x_5_3,x_5_4
9	-20	x_4_0,x_4_1,x_4_2,x_4_3,x_4_4,x_5_0,x_5_2,x_5_3,x_5_4
9	-40	x_4_0,x_4_1,x_4_2,x_4_3,x_4_4,x_5_1,x_5_2,x_5_3,x_5_4
9	-70	x_4_0,x_4_1,x_4_2,x_4_3,x_5_0,x_5_1,x_5_2,x_5_3,x_5_4
9	-60	x_4_0,x_4_1,x_4_2,x_4_4,x_5_0,x_5_1,x_5_2,x_5_3,x_5_4
9	-50	x_4_0,x_4_1,x_4_3,x_4_4,x_5_0,x_5_1,x_5_2,x_5_3,x_5_4
9	-20	x_4_0,x_4_2,x_4_3,x_4_4,x_5_0,x_5_1,x_5_2,x_5_3,x_5_4
9	-40	x_4_1,x_4_2,x_4_3,x_4_4,x_5_0,x_5_1,x_5_2,x_5_3,x_5_4
10	80	x_0_0,x_0_1,x_0_2,x_0_3,x_0_4,x_1_0,x_1_1,x_1_2,x_1_3,x_1_4
10	80	x_1_0,x_1_1,x_1_2,x_1_3,x_1_4,x_2_0,x_2_1,x_2_2,x_2_3,x_2_4
10	80	x_2_0,x_2_1,x_2_2,x_2_3,x_2_4,x_3_0,x_3_1,x_3_2,x_3_3,x_3_4
10	80	x_3_0,x_3_1,x_3_2,x_3_3,x_3_4,x_4_0,x_4_1,x_4_2,x_4_3,x_4_4
10	80	x_4_0,x_4_1,x_4_2,x_4_3,x_4_4,x_5_0,x_5_1,x_5_2,x_5_3,x_5_4
